Model,MAE,RMSE,R2,MAE / Mean,RMSE / Mean
M36,199.6845645833334,226.47622613442377,0.9191992051076625,0.022959231135905804,0.02603966928268976
M48,263.2713541666667,338.5922001652272,0.4283123938539105,0.030679762855637643,0.03945711617095104
ALL_MODELS,231.47795937500004,288.0418016684557,0.8029412168359477,0.026793562494122077,0.03334082447746342
