Model,MAE,RMSE,R2,MAE / Mean,RMSE / Mean
M24,64.02946666666666,74.47254951811104,0.7253321180580001,0.03226343061095948,0.037525534084288575
M36,73.9184104166667,88.00047278619094,0.8279095740335022,0.028914381061038233,0.03442280738111943
M48,54.59052499999998,62.12671430968726,0.6919793974282873,0.022343786346504756,0.025428332681284752
ALL_MODELS,66.61420312500002,78.88925098489537,0.9278936170657934,0.02792840984028964,0.03307479831838986
