Model,MAE,RMSE,R2,MAE / Mean,RMSE / Mean
M36,74.84997291666667,103.97375820909993,0.7198665476558282,0.017658935391118433,0.024529947133453574
M48,85.59448749999996,107.80840582690736,0.8152356345793967,0.01932146387573421,0.024335868810302592
ALL_MODELS,80.22223020833331,105.90843867006899,0.8127573604721792,0.018508551151657306,0.024434770130754978
