Model,MAE,RMSE,R2,MAE / Mean,RMSE / Mean
M24,76.17808749999999,86.8491330658684,-0.7637901245606775,0.03915185343812236,0.044636254868210844
M36,103.33684375,118.19480363625077,0.5828736803838976,0.04597942583288529,0.05259043154804535
M48,80.16467499999999,92.34528297632481,0.3063894675436373,0.03558854257227946,0.04099603765065011
ALL_MODELS,90.7541125,104.89333441107468,0.711651440409567,0.041758827814950446,0.048264729497609085
