Model,MAE,RMSE,R2,MAE / Mean,RMSE / Mean
M24,274.28158749999994,296.5392344891502,-1.2727552741119816,0.05050644953389342,0.054604991964856756
M36,453.78316250000006,534.8015815119409,-1.1279337290899085,0.07826602683415859,0.09223963863922345
M48,323.2685250000001,337.9315698552557,-1.7868176878490258,0.056725801522252546,0.05929881097985784
ALL_MODELS,376.279109375,439.93145110107633,-0.7640680751280065,0.06623077494279513,0.07743454314147084
