Model,MAE,RMSE,R2,MAE / Mean,RMSE / Mean
M24,220.7745666666667,231.65269863398234,0.7629739982796317,0.02586785137160516,0.02714242708555543
M36,190.03261458333336,258.21882581604643,0.6132040712349658,0.021260011700322577,0.028888384607713424
M48,230.30829166666686,280.39525985688203,0.14842590166882608,0.023942022645170813,0.029148883926455905
ALL_MODELS,207.78702187500005,257.70060076872664,0.7909983931060973,0.023067503096281347,0.028608665510025194
