Model,MAE,RMSE,R2,MAE / Mean,RMSE / Mean
M12,221.7875416666667,227.5729196087652,-3.8863846653770375,0.07869922822165712,0.08075211530265487
M18,87.67010833333336,105.91779301386684,0.7531421399934353,0.024564334080508086,0.0296771625143925
M24,160.94214583333337,172.02290782867533,0.04664372610603995,0.047172901248137576,0.050420724797735864
M36,137.0816,168.92275227312234,-0.2776644405100923,0.0411574059247398,0.050717399601618
ALL_MODELS,151.87034895833338,174.0221176097635,0.7157333088057631,0.04626813969724859,0.05301679823089491
