Model,MAE,RMSE,R2,MAE / Mean,RMSE / Mean
M36,428.97591458333335,542.0021363931421,-0.0821759954585195,0.064289330406764,0.08122823040448733
M48,139.95586458333338,170.9273916054301,0.7009456453106495,0.02193042565624317,0.026783518256832225
ALL_MODELS,284.46588958333336,401.85973240408543,0.21497191683187433,0.043581624644316815,0.061566959901425605
