Model,MAE,RMSE,R2,MAE / Mean,RMSE / Mean
M12,47.619220833333316,55.74021718851584,0.8695357351755927,0.014502027738652652,0.016975207945035087
M18,66.89150416666672,88.91192967604941,0.7953861083059033,0.017648891307454694,0.023458838343339443
M24,63.232437500000024,77.75777050235612,0.8253990142388812,0.01922007269687683,0.023635179361895527
M36,143.10918749999993,169.99975459584854,0.0662232654094771,0.042485595358848105,0.05046874286015147
ALL_MODELS,80.2130875,107.18965725186303,0.848082990474027,0.02336516187759808,0.03122313043110371
