Model,MAE,RMSE,R2,MAE / Mean,RMSE / Mean
M12,66.14229583333336,73.85625844737478,-0.5411618117530821,0.026267355583869754,0.029330832537471166
M18,48.77385833333333,61.92658682905645,0.2476363230642462,0.018292483435429427,0.023225373232550237
M24,123.5780458333333,142.90290583003525,0.4758853181604308,0.05325109702671645,0.0615783851608885
M36,82.89415416666664,98.60813267669448,-0.43945615753473666,0.03127933745263587,0.037208860969461625
ALL_MODELS,80.34708854166666,99.29055014551307,0.6990331646893619,0.03164776755674452,0.039109372954527474
