Model,MAE,RMSE,R2,MAE / Mean,RMSE / Mean
M36,281.673525,312.5805866279653,0.7610412866499019,0.03568442539444582,0.03959995396542056
M48,232.78622500000006,279.84031053249896,0.2474156396361331,0.02877130424035184,0.03458697228775054
ALL_MODELS,257.22987500000005,296.66245341769184,0.6694111384756695,0.03218516520039101,0.037119055755097316
