Model,MAE,RMSE,R2,MAE / Mean,RMSE / Mean
M24,184.93498333333332,188.7528419756464,-1.6412773523277755,0.04655624482089474,0.047517367256679224
M36,402.30977291666676,477.62290037546984,0.024277040365263458,0.09455729542071452,0.11225859457273656
M48,174.9196875,199.87657083072227,-1.0134305898257803,0.04360003011860499,0.04982071848386406
ALL_MODELS,291.1185541666667,364.63185161443454,0.06804234299308043,0.07060182950397251,0.08843021322736352
