Model,MAE,RMSE,R2,MAE / Mean,RMSE / Mean
M12,79.62386249999999,87.84277984045556,0.2587258288884693,0.040566639777527745,0.044754000810302785
M18,81.35417499999998,96.05402051768402,0.4695795866894139,0.033831202675307114,0.039944145901693144
M24,110.63349583333331,119.68114233198803,-0.06742789248538128,0.04758685771636467,0.0514785278055758
M36,145.06424166666667,159.30100922318414,-1.1662507592327547,0.06482714458616516,0.07118935334431467
ALL_MODELS,104.16894374999998,118.9990716320142,0.6543959779547277,0.04665978574294752,0.05330255819128864
