Model,MAE,RMSE,R2,MAE / Mean,RMSE / Mean
M12,381.7211749999999,394.7153628148347,-4.9227244463916024,0.06208320536712633,0.06419658257416076
M18,271.03305416666666,301.3234425139102,0.27542315866705525,0.03545020355221782,0.03941208353725167
M24,117.83442916666657,143.02890511514758,0.578136864044615,0.01609421000813807,0.019535353567176436
M36,338.9977208333334,377.52860794979006,-0.15985057941160874,0.045871199503848006,0.051084974999548734
ALL_MODELS,277.3965947916666,319.99263748148354,0.7527124607520385,0.03892500211945542,0.04490218815242308
