Model,MAE,RMSE,R2,MAE / Mean,RMSE / Mean
M12,222.39151249999995,227.9371351490645,-0.09798626506327612,0.048477713896457754,0.04968656896982332
M18,216.6891291666667,247.43294602101383,0.2744289218540503,0.0393562819736643,0.04494014457775339
M24,88.8302375,106.58038510492324,0.819874748990474,0.017328925357848277,0.020791608691735616
M36,508.11157083333336,527.6150972206938,-5.9996981297848775,0.0928729119226229,0.09643777718515403
ALL_MODELS,259.00561250000004,317.37811426629463,0.4828751472206154,0.050072373794736724,0.06135726333656405
