Model,MAE,RMSE,R2,MAE / Mean,RMSE / Mean
M12,33.46134999999999,42.16771649862408,0.377463234002514,0.018000457255569993,0.02268402734493607
M18,67.59967083333333,78.2119300695526,0.6853461645523653,0.028637355479851027,0.03313304364586628
M24,73.28790833333339,91.77247994706804,0.29476193298615516,0.033259772331896253,0.041648504627668725
M36,57.83804583333335,74.32842863420153,0.7250711967293464,0.02588314562744733,0.03326276873430611
ALL_MODELS,58.04674375000002,73.89540868480516,0.8865818595149184,0.026819042164586762,0.03414152032063228
