Model,MAE,RMSE,R2,MAE / Mean,RMSE / Mean
M12,126.23334583333342,134.32900477033843,0.650915885304076,0.027452475579477716,0.029213071227170866
M18,116.60249583333332,134.44005860781567,0.7061821862484541,0.02401946561609503,0.027693904337792907
M24,320.0916541666666,330.83408715670646,-4.371545235181151,0.0639943329584739,0.06614201417602528
M36,186.42815416666664,214.39006504263722,-0.6673771174495393,0.03589384691904727,0.04127747876924978
ALL_MODELS,187.3389125,218.82224755201423,0.4534252207400842,0.038138058884902154,0.044547369529890676
