Model,MAE,RMSE,R2,MAE / Mean,RMSE / Mean
M12,33.582695833333325,43.86980652680818,0.3790448521830493,0.01660249454125983,0.021688199988534513
M18,104.24938333333337,121.11441956882483,0.09757747778902959,0.04387292558041665,0.05097050693785151
M24,62.32970416666668,75.84752781448834,0.22370697778420412,0.03004142785420224,0.03655669580374978
M36,87.47509166666669,104.17177456856619,-0.09552015861859586,0.04003589381746063,0.04767768773876938
ALL_MODELS,71.90921875000002,91.101411411304,0.6982850407564118,0.03321969423551662,0.042085856085142384
