Model,MAE,RMSE,R2,MAE / Mean,RMSE / Mean
M18,89.30549166666663,97.4504367925861,0.9414312075912267,0.01072341475129331,0.01170142431242716
M24,416.85749999999985,444.66623827831046,0.44422899107621305,0.040402140333165054,0.04309738402293569
M36,775.9520833333332,817.9470934044714,-4.213752860601437,0.0759319815540433,0.0800414676918796
ALL_MODELS,514.5167895833333,621.5503894120925,0.5655538122502656,0.052657704957180765,0.06361195141598344
