Model,MAE,RMSE,R2,MAE / Mean,RMSE / Mean
M18,67.17737500000005,88.35551578983815,0.6946296656085337,0.012650510804576066,0.01663867346920355
M24,266.94155416666666,293.7892994628868,0.31078548496072844,0.04130836729167204,0.0454629715724169
M36,231.9835270833333,283.4180109725632,0.6391446408514716,0.04043931964438763,0.04940536805692643
ALL_MODELS,199.52149583333335,252.3739227498901,0.8012459487546995,0.034332800854642645,0.04342741915845923
