Model,MAE,RMSE,R2,MAE / Mean,RMSE / Mean
M36,182.0550041666667,230.73754798430173,0.6944806876873378,0.040845837656935065,0.05176824701669837
M48,151.09420625000004,176.2653291797086,0.6272964705171602,0.03240307878582089,0.03780118040508088
ALL_MODELS,166.5746052083334,205.31595447095555,0.6976061025529046,0.036529184903281234,0.0450250171992483
