Model,MAE,RMSE,R2,MAE / Mean,RMSE / Mean
M12,127.74666666666666,148.89065030345816,0.5741493256990522,0.05279151456711894,0.06152929966394028
M18,103.00978333333335,123.11240885870322,0.32105449062433944,0.04101048056666059,0.049013781872316864
M24,62.56401666666668,70.16628789253072,0.7079816351757902,0.024621808999081733,0.027613651276084502
M36,46.57384583333334,62.15859533797062,-0.019533664635404957,0.018544542513479884,0.02475000063229025
ALL_MODELS,84.973578125,107.36862890736086,0.5538025392225722,0.03404361734093432,0.043015918566662946
