Model,MAE,RMSE,R2,MAE / Mean,RMSE / Mean
M18,174.18397916666663,218.18948826719867,0.8282199896685924,0.018497577412189485,0.023170770176783723
M24,134.54549999999986,150.78019023040335,0.9653760712322316,0.011655099727850877,0.0130614413274296
M36,726.2216458333336,750.620679696851,-0.5038941638450571,0.06278969135302119,0.06489925089919006
ALL_MODELS,440.2931927083334,547.0841178770737,0.7663783170062086,0.039942796704267654,0.049630723486958794
