Model,MAE,RMSE,R2,MAE / Mean,RMSE / Mean
M12,125.65903333333328,138.1586077606006,0.4836051388121304,0.03973512872539459,0.04368766747812083
M18,64.25712083333336,77.86882316434749,0.8485332729495971,0.017238471512726224,0.020890128166959232
M24,70.19908749999995,88.28099496132833,0.47673038289489034,0.020279961721796892,0.025503681918627282
M36,180.10455833333336,204.91541031122455,-0.09323728211433258,0.05222061758523209,0.05941442780908727
ALL_MODELS,110.05494999999998,136.87148531900965,0.7417503934505902,0.0318991186833691,0.03967181625687988
