Model,MAE,RMSE,R2,MAE / Mean,RMSE / Mean
M36,70.5623,90.23245774439346,0.8085120244613105,0.03200013605056546,0.04092058966328322
M48,47.607527083333345,64.31922228306993,0.7695428026938329,0.023327017619076792,0.0315155128477099
ALL_MODELS,59.08491354166667,78.35451099232485,0.8339549883126147,0.027831268614607104,0.03690799075225429
