Model,MAE,RMSE,R2,MAE / Mean,RMSE / Mean
M12,109.64986666666664,122.49090757009273,-0.01945708220787279,0.024053496151947785,0.026870389025119516
M18,251.14165000000003,284.71015280891817,0.23155496812834475,0.045328677681599754,0.051387472963383266
M24,182.0392374999999,215.8532868650824,0.7374178139153368,0.03886958807829179,0.04608966979325603
M36,273.4702875000001,319.6398097912172,-1.2172866370443614,0.05731677772052854,0.06699347156109313
ALL_MODELS,204.07526041666665,247.39954678800828,0.7377239653366015,0.041746877170851036,0.050609556840921735
