Model,MAE,RMSE,R2,MAE / Mean,RMSE / Mean
M18,146.68112916666666,163.1536541076936,-0.11775820924699776,0.04467048739325187,0.04968705443151809
M24,114.59237083333329,134.3365056703516,0.5329072371099068,0.030234456867077812,0.03544381931212074
M36,124.19004374999997,153.46401121859225,0.31397298138702,0.03730364267834793,0.046096824396072766
ALL_MODELS,127.41339687499999,151.46601688416263,0.6966590461474176,0.03711407622052978,0.044120331404192165
