Model,MAE,RMSE,R2,MAE / Mean,RMSE / Mean
M12,44.06078749999995,55.23334971504609,0.7179788260843591,0.016977473268471224,0.021282477493515493
M18,44.532758333333355,54.484371415434374,0.37274630265993536,0.01699804698061295,0.020796553810939214
M24,46.54826666666668,54.31373620751171,0.8698956710404734,0.020359352675317105,0.023755825721320182
M36,116.14202083333333,128.89537538130006,-1.7774002618853357,0.04557940479110457,0.05058440044397353
ALL_MODELS,62.82095833333333,79.97385414118949,0.7775429908281971,0.025004403167627177,0.03183170943054932
