Model,MAE,RMSE,R2,MAE / Mean,RMSE / Mean
M24,234.42958750000017,257.5939937379033,-0.05904022835388911,0.03953837034434297,0.04344522733457259
M36,469.75250624999995,564.60011816517,-2.4945615010614888,0.07818891844094596,0.09397602355200832
M48,358.30702500000007,373.8033266646023,-4.023495132923771,0.058532154890176095,0.0610635926404055
ALL_MODELS,383.06040624999997,459.2467146043655,-1.8919339452913433,0.06366688019501486,0.07632949028824437
