Model,MAE,RMSE,R2,MAE / Mean,RMSE / Mean
M24,108.68455833333337,137.64626066682666,-0.13979912915086157,0.02285890281307511,0.028950225712065902
M36,171.15488541666662,205.68499316644932,0.5425369400804154,0.031741148493582554,0.03814485280454656
M48,171.4862875000001,183.41445608488385,-0.48372488623488263,0.030894023375044113,0.033042936413253454
ALL_MODELS,155.62015416666668,185.20258408310505,0.7707987681414762,0.029515730951981112,0.035126489063583455
