Model,MAE,RMSE,R2,MAE / Mean,RMSE / Mean
M18,166.03651250000004,194.51783685562,0.5140560379871258,0.02479683573842105,0.02905039847004611
M24,103.02587083333326,127.23099014344109,0.7108322186719682,0.014644063891784317,0.018084571706165228
M36,134.09460625,159.09382482103592,0.42235207304707223,0.019342718691681467,0.022948776130187924
ALL_MODELS,134.31289895833334,161.74563664921763,0.6309766945307131,0.019468223888439287,0.023444511224807785
