Model,MAE,RMSE,R2,MAE / Mean,RMSE / Mean
M18,79.87416666666668,98.23352320722377,0.957034088067032,0.011586951397157937,0.014250252697142645
M24,125.4601791666668,159.5891177259969,0.9586251183882443,0.014114623021825562,0.01795422459978965
M36,158.8779166666666,185.11443680272927,0.8179166665130579,0.016269654004190004,0.018956365372537528
ALL_MODELS,130.77254479166666,160.97610149013548,0.9845747405978533,0.014813085822502521,0.018234353476443213
