Model,MAE,RMSE,R2,MAE / Mean,RMSE / Mean
M18,465.3705208333333,472.2225278099744,-4.599496755849623,0.05992377337232072,0.06080607703108826
M24,550.3181458333335,602.1987891370552,0.014789539694480824,0.06621696330091248,0.072459495333848
M36,339.1381729166667,383.24884330993945,-0.0266124087021411,0.040772417446450396,0.04607556174203291
ALL_MODELS,423.491253125,468.880808203479,0.04467024777494788,0.05178335054980187,0.05733346102926118
