Model,MAE,RMSE,R2,MAE / Mean,RMSE / Mean
M12,124.71647500000002,131.8575294287835,-3.7437444296524447,0.04965404356264827,0.05249715011845861
M18,105.23069583333337,140.23982677891917,0.36434841518613237,0.03378599216064,0.04502623165835989
M24,176.9964166666667,200.76302912591794,-0.8632678974753629,0.06249597622515486,0.07088777124100029
M36,88.99945833333338,105.38524820221916,0.5722546606698935,0.029187726322406102,0.034561511278245166
ALL_MODELS,123.98576145833339,148.7157199865748,0.7087790652527355,0.04309675107899084,0.05169274512177093
