Model,MAE,RMSE,R2,MAE / Mean,RMSE / Mean
M12,313.3880083333334,333.03860938536974,-3.079472706144599,0.041584997733128404,0.04419253273279043
M18,442.9740374999999,464.0776270754534,-0.08946922023442117,0.04911406060158086,0.05145388842347599
M24,250.5498333333334,302.41439408285447,0.4005261928484325,0.029814494736894303,0.03598618382934204
M36,207.95518749999997,255.95312589908036,-0.2961423894327564,0.023273029736396653,0.028644655523070203
ALL_MODELS,303.7167666666667,347.5806480873665,0.7349006191440336,0.035842645860250016,0.04101917129568524
