Model,MAE,RMSE,R2,MAE / Mean,RMSE / Mean
M12,79.3197125,100.7007929875493,0.822945400750695,0.012474268059341579,0.015836778096175712
M18,109.5644083333334,131.5243677018984,0.682710935295588,0.016403699267632355,0.019691487472680076
M24,147.38911666666664,162.54353342501557,0.8065209653237642,0.022976446364197326,0.025338863968045036
M36,119.14676249999998,153.70166216766464,-0.06464483833502599,0.017469666127012246,0.022536212188190435
ALL_MODELS,113.85500000000002,139.17965927093792,0.8127580482618588,0.017334200301324244,0.02118982997384829
