Model,MAE,RMSE,R2,MAE / Mean,RMSE / Mean
M36,137.3466375,172.91424673850744,0.013440727355918058,0.04786153008479499,0.060255864817693384
M48,283.08467916666666,334.4765802712245,-0.8940699557966056,0.09591146231109668,0.1133234692073915
ALL_MODELS,210.21565833333332,266.24605112102444,-0.5290141018760306,0.07222432135482093,0.09147482403582582
