Model,MAE,RMSE,R2,MAE / Mean,RMSE / Mean
M36,93.47955416666666,103.89096123197108,-1.2769309909411577,0.04204517096299628,0.046728006626136034
M48,208.62596249999999,242.29135999558466,-0.07902525120633586,0.09466503630038568,0.10994087271976918
ALL_MODELS,151.05275833333334,186.41141992138373,-0.17127526343420119,0.06823934156223678,0.08421291140573468
