Model,MAE,RMSE,R2,MAE / Mean,RMSE / Mean
M18,162.59187499999996,206.36152363803387,0.3222631124291341,0.032404150369945935,0.041127330886232806
M24,279.7568500000001,371.96496140642637,-0.5061259138192273,0.05044034227073647,0.06706552481578706
M36,163.32749166666665,200.78455978600027,0.5848973614956123,0.029612342442727906,0.03640355387156703
ALL_MODELS,192.25092708333332,255.7204967582824,0.5184893371443628,0.03561033535991232,0.047366703433469444
