Model,MAE,RMSE,R2,MAE / Mean,RMSE / Mean
M24,58.44523333333333,76.63342715156456,0.8602957133327422,0.012813424682561431,0.01680097060050744
M36,506.59734166666664,569.1710932615828,-0.25568537146137826,0.10809764081955625,0.12144961558986611
M48,362.0932249999999,378.5126329594176,-2.896979996521887,0.07772673315146905,0.08125131426167007
ALL_MODELS,358.43328541666665,446.3899534812684,-0.31661758410047147,0.07711248425685639,0.09603527256188964
