Model,MAE,RMSE,R2,MAE / Mean,RMSE / Mean
M24,105.78853333333329,122.70804855602718,0.25567144990558655,0.019748026694460425,0.022906469559173127
M36,204.99851875000002,237.97174278533706,0.4587908081928578,0.032784245123974654,0.038057464978897254
M48,55.00397916666672,63.433395415424435,0.9331925482362085,0.009140796161143355,0.010541632552522445
ALL_MODELS,142.69738750000002,181.89431104554862,0.8401632994610851,0.023902159734508644,0.030467739834473862
