Model,MAE,RMSE,R2,MAE / Mean,RMSE / Mean
M18,294.67428750000005,356.0925995089778,-3.132342676754643,0.04921422735939654,0.05947184025424467
M24,212.43230416666663,271.61026977817636,0.23027503989967746,0.029056697423388404,0.03715111718525406
M36,169.33925,200.99907250653337,0.4735002297896469,0.024031966602410207,0.028525005263649376
ALL_MODELS,211.44627291666666,265.2241186105669,0.7857627118954068,0.030877788780835816,0.03873104122893676
