Model,MAE,RMSE,R2,MAE / Mean,RMSE / Mean
M12,183.29464583333333,211.48180025928454,0.12286634185937184,0.03746249978709996,0.04322350421731839
M18,684.5088791666666,741.5201476757461,-2.843209566093421,0.12591949703370992,0.13640706041587775
M24,620.8376375,744.2449655178056,-0.8939131326856287,0.12245720848811599,0.1467987045302881
M36,655.4000625,687.3913412389818,-11.03278413309916,0.12084912683717607,0.12674799429724845
ALL_MODELS,536.01030625,636.5893703870051,-1.1828135839481453,0.1029702005294891,0.12229193050836257
