Model,MAE,RMSE,R2,MAE / Mean,RMSE / Mean
M12,236.494875,247.4200579776392,-2.646120462077052,0.06548761408083442,0.0685128981027488
M18,268.2485500000001,275.5068912138422,-0.6333229951010819,0.06187852213529154,0.06355284778389701
M24,486.8612166666667,503.71960596351033,-32.00696006855933,0.12114742560912391,0.12534235918221098
M36,224.87012083333335,278.84813686903357,-0.5650428233975546,0.05656398461409467,0.07014165183474622
ALL_MODELS,304.118690625,342.2756407719295,-0.2200931375229993,0.0763128649284454,0.08588763383416384
