Model,MAE,RMSE,R2,MAE / Mean,RMSE / Mean
M12,108.3080916666667,128.61210684546126,0.5855252542105616,0.025052470170974776,0.02974894046040855
M18,175.76275000000007,224.44073586811842,0.18765935513700116,0.03428569338556823,0.04378121219203506
M24,470.8431083333333,497.72992745712173,0.025168064178608618,0.11200882769831592,0.11840493085304273
M36,725.194075,756.7519315620635,-9.860166742465458,0.1724257757083416,0.17992912975519643
ALL_MODELS,370.02700625000006,470.98919429049454,0.11429822895604957,0.08287685006964228,0.10548987014548462
