Model,MAE,RMSE,R2,MAE / Mean,RMSE / Mean
M36,246.93421249999997,321.6953616888985,0.8918321097949482,0.0317225416910885,0.0413267745270651
M48,98.57761041666652,126.38333811526277,0.9071187015662576,0.01218822603620101,0.015626151675289624
ALL_MODELS,172.75591145833323,244.39788653475307,0.8983171293290567,0.02176846659893785,0.030795862121140435
