Model,MAE,RMSE,R2,MAE / Mean,RMSE / Mean
M12,313.3675541666667,334.22310652613294,-1.3834981194408584,0.042577836466878405,0.045411519424736556
M18,182.93933333333322,203.4484520205608,0.7654026408431444,0.020912231901729438,0.02325667821774347
M24,201.1291249999997,228.9178593446964,0.6944161979125789,0.023183131939908525,0.026386198103280797
M36,226.25516666666667,262.15859657069547,0.5554964275687875,0.02746759605851527,0.03182630717326291
ALL_MODELS,230.92279479166655,261.83337910225276,0.8451516286590899,0.027973123271284636,0.031717515790384135
