Model,MAE,RMSE,R2,MAE / Mean,RMSE / Mean
M24,111.05606666666667,120.73432403074459,-3.507942675870928,0.039739758461309074,0.043202978630354404
M36,156.48976666666667,184.75352913333055,0.4348131236655347,0.04633158858905166,0.05469957994386965
M48,161.41289999999998,170.05646058031235,-0.13981420495066255,0.050202285980872396,0.05289058722659586
ALL_MODELS,146.362125,167.15539913408793,0.7033631868091235,0.04586342256357696,0.05237911586942347
