Model,MAE,RMSE,R2,MAE / Mean,RMSE / Mean
M36,473.92893124999995,516.1419166300087,-8.756486685945045,0.10573558746153774,0.11515348646147462
M48,605.11601875,616.8610863623073,-4.014123733316732,0.14267608275984026,0.14544537027950483
ALL_MODELS,539.522475,568.7354736477165,-3.892021089608236,0.12369551612880113,0.13039313691911067
