Model,MAE,RMSE,R2,MAE / Mean,RMSE / Mean
M36,320.25697708333337,357.06660418754484,-3.591693316366845,0.04256990955614388,0.04746280060536502
M48,655.9799708333331,683.0439126294788,-0.4390786613301796,0.0908383899696215,0.09458613381593177
ALL_MODELS,488.11847395833325,544.9979570632406,-0.494551061606608,0.0662103379089631,0.0739256980057099
