Model,MAE,RMSE,R2,MAE / Mean,RMSE / Mean
M12,130.41198333333327,157.32518587451534,0.8703802704335384,0.020840075639540292,0.02514085507962372
M18,194.9726791666667,235.85615129823748,0.9009793385041414,0.023654675738933068,0.028614782357395896
M24,163.4988208333334,194.07225937230086,0.38320674979267777,0.019224506523347368,0.02281939036188396
M36,529.0943125,597.9981533432416,-0.19058919775436411,0.06190349290693706,0.06996517174590648
ALL_MODELS,254.49444895833335,344.83516767996,0.8990616097435914,0.03226349505049865,0.04371642592291582
