Model,MAE,RMSE,R2,MAE / Mean,RMSE / Mean
M36,134.6906958333334,170.49829976127577,0.815706799835199,0.02558521435270747,0.032387059248415014
M48,145.37870624999996,205.29110249485308,0.6417248210246356,0.026740411940527276,0.03776047256189817
ALL_MODELS,140.0347010416667,188.69831343315994,0.754608495292908,0.026172111608855044,0.03526721079017339
