Model,MAE,RMSE,R2,MAE / Mean,RMSE / Mean
M36,243.64514375,280.08922909579974,0.8387583466773738,0.027225329288903578,0.03129765434698224
M48,158.5583729166665,203.75562872808104,0.7721500516331986,0.01843617154249197,0.023691424520063002
ALL_MODELS,201.10175833333327,244.91461011325455,0.8355681659060299,0.02291809620587358,0.027911126403459285
