Model,MAE,RMSE,R2,MAE / Mean,RMSE / Mean
M24,276.2080041666667,313.97672115105064,-3.3802874906516243,0.03464835251565424,0.03938617256575415
M36,345.47408333333334,414.5815484589551,0.5368786702205399,0.03614100057754967,0.04337052388337822
M48,162.81712499999995,198.7638602724243,0.6651218128914353,0.017714923634187578,0.021626021255210886
ALL_MODELS,282.4933239583333,347.07498261197475,0.8133751640855332,0.03114518581895858,0.03826538154988811
