Model,MAE,RMSE,R2,MAE / Mean,RMSE / Mean
M24,365.71447500000005,371.9269748514731,-1.5251013080253144,0.09361791264465896,0.09520822778982832
M36,432.6429,545.8285049115042,-0.0876545262502404,0.1059187775420271,0.13362865307120228
M48,220.77225416666667,288.8379765537196,-0.29643265040677513,0.05183157024631698,0.06781162754376842
ALL_MODELS,362.94313229166664,452.11020914973574,-0.12115151886820974,0.08887383004502034,0.11070815870212508
