Model,MAE,RMSE,R2,MAE / Mean,RMSE / Mean
M24,170.84381249999987,224.43475295856118,0.5039387170635702,0.03320471882996985,0.043620502016499856
M36,451.7291666666667,488.81998550221306,-2.0953173586531366,0.08655991888126405,0.09366722676960693
M48,465.2004749999999,483.9811858141216,-5.1439196039311765,0.08797840414801739,0.09153019967486381
ALL_MODELS,384.8756552083333,436.6058585871189,-1.50643449716546,0.0737655607574593,0.08368021087547724
