Model,MAE,RMSE,R2,MAE / Mean,RMSE / Mean
M36,292.32316875,340.12694651967905,0.18712403196416882,0.07034573534203996,0.08184941434810415
M48,428.1544333333334,551.6073595799998,-0.43505548692641205,0.10671623636930108,0.137486516044449
ALL_MODELS,360.23880104166665,458.23412077868,-0.15172960419254955,0.08821162085985026,0.1122077200187562
