Model,MAE,RMSE,R2,MAE / Mean,RMSE / Mean
M24,43.22564583333334,50.722083935003944,0.7621664448560471,0.016655677038178725,0.019544199570370464
M36,76.43148333333335,92.4766382327225,0.7940078649795533,0.031157047618238804,0.03769780325243255
M48,131.04693333333336,140.82993051064585,-2.315535870087775,0.05142876952007196,0.055268062010555154
ALL_MODELS,81.78388645833336,99.38518043953357,0.6564473501824173,0.032552150172063525,0.039557930769083385
