Model,MAE,RMSE,R2,MAE / Mean,RMSE / Mean
M12,288.6513541666665,311.38108522241737,-0.7971630154720521,0.056540101692701926,0.0609923285289491
M18,448.4998125,456.7681410669409,-6.31998096308965,0.08383892311646636,0.08538453750404304
M24,235.2491000000001,253.1709254012215,-0.022683203232647164,0.04372422808552822,0.04705524181332576
M36,331.9286416666667,371.8081707106638,-3.508622728026996,0.06061839335854571,0.0679013833602649
ALL_MODELS,326.08222708333335,356.34679323790755,-1.0283054083961085,0.06120508936200165,0.06688569787771673
