Model,MAE,RMSE,R2,MAE / Mean,RMSE / Mean
M18,70.77583333333344,82.74063981855201,0.7426852840966298,0.007995236615926283,0.009346848520833914
M24,292.7143333333334,339.6773730832686,-1.0473193153420342,0.02966548992449708,0.03442501627450656
M36,295.7776666666668,336.1021176145727,-0.15969483311976806,0.03305393928105794,0.03756030370064139
ALL_MODELS,238.76137500000013,295.0237270934041,0.6381056784719494,0.0260826776940006,0.032228867780058845
