Model,MAE,RMSE,R2,MAE / Mean,RMSE / Mean
M24,253.30540416666668,260.3739678899267,-5.396488343906249,0.08988304601100007,0.09239125952685316
M36,151.0442416666667,176.8555528245073,0.2959313539615598,0.04327450250092517,0.050669499072308076
M48,96.3992541666667,127.83342051815423,0.2683062763452674,0.02894293059447559,0.0383807307400383
ALL_MODELS,162.94828541666666,191.5018013530421,0.655758834723617,0.049643094157595755,0.05834208032081509
