Model,MAE,RMSE,R2,MAE / Mean,RMSE / Mean
M18,224.59052916666658,273.1926219985962,-0.4730860432050381,0.03709149193853605,0.045118206783371355
M24,136.88547083333344,162.11366412888756,0.24344525670104855,0.020549902731645697,0.02433727998331927
M36,127.53076666666662,159.60604285831275,0.693560691363919,0.020079303298181153,0.02512945092811248
ALL_MODELS,154.13438333333332,194.84816309471637,0.65118994627632,0.024255107015292113,0.030661964873695845
