Model,MAE,RMSE,R2,MAE / Mean,RMSE / Mean
M24,312.1899583333333,316.13529805205104,-5.071505685662417,0.13884622797101717,0.14060091457571344
M36,246.16986250000002,292.9725437252867,-0.03334984133302843,0.09804715927477908,0.11668823050088173
M48,297.50497916666666,300.7842408511422,-6.023874322711297,0.1264230231240483,0.12781652644263986
ALL_MODELS,275.508665625,300.8647989432243,-0.47784134705566883,0.11451892092000208,0.12505854231346894
