Model,MAE,RMSE,R2,MAE / Mean,RMSE / Mean
M18,42.27863750000004,47.27501275190648,0.5869245431447778,0.018310697464585416,0.020474606262668147
M24,49.38551250000004,60.0143549315044,0.7865645529841637,0.01993126103553233,0.02422090433948418
M36,128.49333958333332,160.9373824819681,0.25149400577018155,0.0516915468877025,0.06474345113550012
ALL_MODELS,87.16270729166668,120.0399223059063,0.4956462727070641,0.03572867475949941,0.04920530207800634
