Model,MAE,RMSE,R2,MAE / Mean,RMSE / Mean
M12,70.32040416666662,91.59422361630533,0.9626456860675869,0.010201034193045333,0.013287122252324535
M18,128.39652083333348,166.1125950412064,0.955173447215598,0.014444969717992967,0.01868813414548936
M24,168.76943749999987,220.6241447093194,-0.9650804979047838,0.017285973088199506,0.022597118794404538
M36,149.2374583333332,181.90502884025761,0.9058928912310578,0.01527943842704968,0.01862405537306456
ALL_MODELS,129.1809552083333,171.57166780772056,0.982477308652692,0.014632800632444641,0.019434552137794082
