Model,MAE,RMSE,R2,MAE / Mean,RMSE / Mean
M24,199.39589166666676,214.77958698285133,-0.7172296489617913,0.04038909060218595,0.043505170169966086
M36,273.71378541666655,302.6294753836959,-0.9571223989919178,0.05440589392345724,0.06015344499646937
M48,123.70854166666668,146.61838802055433,-0.27572091775395124,0.023709931162255837,0.028100823437521395
ALL_MODELS,217.6330010416666,250.39789407675337,-0.4023141812223032,0.0430607368614139,0.0495435792176893
