Model,MAE,RMSE,R2,MAE / Mean,RMSE / Mean
M18,45.617191666666635,59.070577858037794,0.8730039076500398,0.006279539536324316,0.008131496384160847
M24,237.20207499999984,258.46796214211105,0.7559616214800993,0.027242947656556552,0.029685360735290267
M36,188.52816666666675,239.3059984897301,0.5380059245287377,0.022517491496238943,0.028582311498943826
ALL_MODELS,164.9689,214.9591487054643,0.8937271341277326,0.02016958174614394,0.02628153622832166
