Model,MAE,RMSE,R2,MAE / Mean,RMSE / Mean
M18,239.30015833333343,258.9801432853235,-0.6308675098847072,0.03954693613358583,0.04279926623410407
M24,72.33102916666662,92.63965593551397,0.8348480727175385,0.010474851108764513,0.013415910348181237
M36,465.96951458333325,525.0775368865002,-1.6966591380733442,0.07607122178347804,0.08572082188194724
ALL_MODELS,310.8925541666667,395.9373877122256,0.20297670830508519,0.049334075848263804,0.06282944012254084
