Model,MAE,RMSE,R2,MAE / Mean,RMSE / Mean
M24,66.0456999999999,87.79110603181367,0.8025348521513259,0.0087449274242934,0.011624176149948571
M36,497.7499916666666,551.8463498076603,-1.2705112129428016,0.06285879554842273,0.06969040172266489
M48,479.65916666666664,509.58316907357886,-4.3045328372327765,0.05951844728460934,0.06323156335445823
ALL_MODELS,385.30121249999996,468.09482802457825,-0.7625779274105322,0.04900719614714513,0.059537874027491354
