Model,MAE,RMSE,R2,MAE / Mean,RMSE / Mean
M24,77.03399583333334,104.08667893650185,0.4128308861717177,0.04749809629020656,0.0641784064966613
M36,78.00988125000002,95.1136228682843,0.5771430569943969,0.04459034593629057,0.054366822240877
M48,101.75734583333333,114.33776947676236,-0.45912317295868266,0.054229610960607535,0.060934104619671726
ALL_MODELS,83.70277604166668,102.46995263394545,0.5906610375848327,0.047849240470902096,0.05857761996069125
