Model,MAE,RMSE,R2,MAE / Mean,RMSE / Mean
M36,172.06361666666672,238.49237293169793,0.7645237858082723,0.049206138960714005,0.0682031975782652
M48,234.37460833333333,268.7894205745883,-0.8188182016710848,0.06882869396570183,0.0789352775947252
ALL_MODELS,203.21911250000002,254.09286152843316,0.5476633568232261,0.05888719962571123,0.0736289853657
