Model,MAE,RMSE,R2,MAE / Mean,RMSE / Mean
M36,132.22443750000002,153.07829325345796,0.6412610232534275,0.03302136814393191,0.038229352848388576
M48,127.15820624999998,145.0681027229905,0.5751952772316624,0.02913159680791149,0.03323470504063395
ALL_MODELS,129.691321875,149.1269900002005,0.7528061016543144,0.03099264885990242,0.035637237478888896
