Model,MAE,RMSE,R2,MAE / Mean,RMSE / Mean
M12,101.99282083333321,114.29333712244366,0.492025446394586,0.01987792809985137,0.022275241718478906
M18,209.85433333333336,244.25257264248512,0.19627383531917264,0.038466856588584834,0.044772145201821135
M24,280.4118875000001,336.10529892713754,0.0004465018842354507,0.051054760008193194,0.061194892724392914
M36,109.32533333333333,128.38138293783106,-0.4165663921985545,0.018828905633297453,0.02211089480091816
ALL_MODELS,175.39609375,224.8170576296356,0.5540173929476224,0.032057712554808174,0.041090542308092885
