Model,MAE,RMSE,R2,MAE / Mean,RMSE / Mean
M24,52.50948333333327,62.6115013967681,0.5596351968607207,0.024443384991368746,0.029145916820653536
M36,207.51713333333336,224.67676998619226,-0.8610595920460129,0.08177545132874138,0.08853748109170431
M48,314.6678833333333,322.17142964144364,-9.677708862379191,0.12008123896900985,0.12294468702031526
ALL_MODELS,195.5529083333333,228.40420975062273,-0.0037908182212904595,0.07946108738439396,0.09280990512818683
