Model,MAE,RMSE,R2,MAE / Mean,RMSE / Mean
M12,194.3580833333333,211.83160619443095,0.2233486294613063,0.031555905831416584,0.03439290047805671
M18,141.20745833333334,155.53667525013196,0.4157936990782871,0.02277493733325269,0.025086054756981828
M24,193.775475,252.88445529546198,-1.609466083332828,0.030228611356663722,0.03944950163207248
M36,262.4600666666666,288.1416101669064,-1.2092544168129424,0.03835663457615558,0.042109805837219835
ALL_MODELS,197.9502708333333,232.4007433133753,0.5254063034767062,0.030914936537529237,0.03629524829929043
