Model,MAE,RMSE,R2,MAE / Mean,RMSE / Mean
M18,200.1740166666667,222.28446051966458,-0.5313978473217014,0.038678478036841435,0.042950752386898994
M24,427.04676249999994,444.6749890011566,-8.650126295500094,0.07868807907869481,0.08193627436489642
M36,353.0510208333333,396.0408407272254,-1.0594797993818417,0.06654486731432252,0.07464780907597843
ALL_MODELS,333.3307052083333,374.4472333585709,-1.368615663668412,0.0628530556646763,0.0706060150896111
