Model,MAE,RMSE,R2,MAE / Mean,RMSE / Mean
M24,58.98352083333331,71.18293055204376,0.9103406195878602,0.022765502878646544,0.02747403321297241
M36,231.22801874999996,265.14665743476326,-0.5059074472207252,0.08070962062872225,0.09254884528362774
M48,405.01990000000006,427.2158789402916,-7.831953474850911,0.12798016668202705,0.13499376054358614
ALL_MODELS,231.61486458333334,286.4375659364351,0.021312235552127246,0.08066339805261707,0.09975623732059904
