Model,MAE,RMSE,R2,MAE / Mean,RMSE / Mean
M18,200.77183750000003,215.64877684246107,-1.0618296064191286,0.03571499377390377,0.038361429661560274
M24,368.31556249999994,420.81012975243306,-2.3895998695885825,0.058252047816431285,0.0665544828830777
M36,156.82127916666664,200.0178845313338,0.32868727740641335,0.027385686168219535,0.03492910555833921
ALL_MODELS,220.68248958333334,275.49948662415375,0.3931477343446058,0.03772820508254234,0.047099800039033995
