Model,MAE,RMSE,R2,MAE / Mean,RMSE / Mean
M18,230.40714583333337,240.43755609214756,-5.460224744496604,0.04864844547278038,0.05076627851472306
M24,329.5592999999998,349.7641966319449,-2.8663137504978504,0.05936356417511648,0.06300307511552104
M36,153.80517291666675,197.5463558512602,0.32203061678987965,0.029144026828151412,0.037432397009507845
ALL_MODELS,216.89419791666668,254.06413414991297,0.48970317455020684,0.04162528762287069,0.04875876238380964
