Model,MAE,RMSE,R2,MAE / Mean,RMSE / Mean
M36,197.19211874999996,225.6382773395964,-0.1903799766690757,0.07367880762225024,0.08430742229306297
M48,70.80138125,90.3237117109656,0.6247251749283758,0.028699626736477645,0.03661308248217159
ALL_MODELS,133.99675,171.85896121242303,0.3165696660340339,0.05210481162989456,0.06682758201883746
