Model,MAE,RMSE,R2,MAE / Mean,RMSE / Mean
M24,73.75900416666671,88.69893367231322,0.44481620849960046,0.03200477481875217,0.038487360708277144
M36,130.43781458333333,168.27104886417567,0.7221199533659122,0.05473441589663342,0.07061002671131343
M48,144.572675,160.8375025711976,-2.256297770803855,0.06352167035864013,0.07066803474193549
ALL_MODELS,119.80182708333332,150.30510207544938,0.6153541214196563,0.05126971108624617,0.06432371981135747
