Model,MAE,RMSE,R2,MAE / Mean,RMSE / Mean
M24,128.8249708333333,153.20191437110995,0.19860581708202185,0.04349868172993049,0.05172973275706461
M36,137.85741458333328,160.05762643279382,0.7017379058761539,0.040663904798190834,0.04721231790948149
M48,67.57225833333331,81.52413520119872,0.6950140912059861,0.02099250773432746,0.02532690309539784
ALL_MODELS,118.02801458333329,142.61302425258694,0.764822862117505,0.03642617445564988,0.04401367691739621
