Model,MAE,RMSE,R2,MAE / Mean,RMSE / Mean
M36,202.9975020833334,232.99510834620855,0.7913562324163403,0.05587343513463922,0.06413003578500166
M48,236.60441458333335,272.60203705145017,0.3182107222211278,0.05862924231708388,0.0675492505689958
ALL_MODELS,219.80095833333334,253.57305763611961,0.7143281253743814,0.0573236475858528,0.06613134311796894
