Model,MAE,RMSE,R2,MAE / Mean,RMSE / Mean
M36,85.11873125,107.43376241587671,0.3394506173949501,0.051176149857207275,0.06459267242800344
M48,89.51496041666667,101.32575183963293,0.4601874680915595,0.04877258135918362,0.05520773792867385
ALL_MODELS,87.31684583333333,104.42442552558744,0.5748969675870088,0.049915247152138055,0.05969490719784911
