Model,MAE,RMSE,R2,MAE / Mean,RMSE / Mean
M24,197.38384999999994,205.57082304402616,0.312032569540693,0.04725068972740057,0.049210526477519057
M36,96.06061041666665,125.65868506873339,0.4461627046541671,0.02276362734256205,0.029777527613594278
M48,512.59355,535.044486180147,-7.218681553151546,0.10787468827274163,0.11259946044723461
ALL_MODELS,225.52465520833334,300.0467362533636,0.047533891935065076,0.05193740485300645,0.06909953504293556
