Model,MAE,RMSE,R2,MAE / Mean,RMSE / Mean
M36,213.9744000000001,252.5959571225657,-0.014367328273309221,0.03576647049400688,0.04222218100543649
M48,368.5085395833333,417.62566604067985,-0.24307886718201632,0.06181862309267685,0.07005819640431628
ALL_MODELS,291.2414697916667,345.12020695011944,-0.1709615583951798,0.04876918921464654,0.05779133269238137
