Model,MAE,RMSE,R2,MAE / Mean,RMSE / Mean
M24,115.58213749999993,124.13964421553479,0.6825098689558471,0.028231505831586214,0.030321718955940838
M36,230.47072291666677,273.13300946099554,0.2748228381927491,0.04908614994830748,0.058172455436270795
M48,85.4542833333333,99.95965239545399,0.7847667310365962,0.018443204647440214,0.021573831687582805
ALL_MODELS,165.49446666666668,208.92933320109702,0.6859720163598273,0.036537195685670265,0.04612656897478397
