Model,MAE,RMSE,R2,MAE / Mean,RMSE / Mean
M18,645.7326916666667,666.8539300342892,-6.448159344873449,0.1581289370038569,0.1633011685082846
M24,909.0715666666669,919.9330972265764,-10.131976603467955,0.1942218526893016,0.19654240331010944
M36,1212.4942041666666,1244.6409851686017,-12.622299720347778,0.30209610958562805,0.31010556434674197
ALL_MODELS,994.9481666666669,1047.5248721746414,-5.481928842212779,0.23701410198192033,0.24953879528618506
