Model,MAE,RMSE,R2,MAE / Mean,RMSE / Mean
M36,245.17327708333323,295.5391858558103,0.8785063599867471,0.029513169470442472,0.035576055355961395
M48,126.89144791666672,164.79281173297392,0.8248039449218884,0.01449059779647751,0.01881881240839334
ALL_MODELS,186.03236249999998,239.26980709564523,0.8825608848531385,0.021803994505997615,0.028043709649521645
