Model,MAE,RMSE,R2,MAE / Mean,RMSE / Mean
M36,405.90238958333316,486.96054819171064,-0.11613102344177717,0.08418809770725844,0.10100034703621076
M48,338.05569375,361.77721424070705,-1.3787229856622614,0.07503386371833642,0.08029902377509243
ALL_MODELS,371.97904166666666,428.9599796245204,-0.15943332487193485,0.07976605820176731,0.0919848778244341
