Model,MAE,RMSE,R2,MAE / Mean,RMSE / Mean
M36,149.10368749999998,194.5949001397668,0.1425156314128786,0.03729806760263906,0.04867762737619631
M48,171.9114395833334,215.62187683997936,-0.12641540224294423,0.0435857908748059,0.05466797354939737
ALL_MODELS,160.50756354166666,205.3776630166984,0.028809637214894712,0.04042078366665967,0.0517204666470878
