Model,MAE,RMSE,R2,MAE / Mean,RMSE / Mean
M18,91.42283333333346,128.54806645882186,0.37283161487962146,0.014930341115549254,0.020993294694518366
M24,809.8402416666668,841.5811672095098,-8.967897891042382,0.10998220811335384,0.11429285717616036
M36,141.31891041666665,176.78932317668927,0.6639792492288439,0.021472347099955998,0.026861809927799095
ALL_MODELS,295.97522395833334,443.6474940678033,0.27004047269703924,0.04442481265312568,0.06658988730342316
