Model,MAE,RMSE,R2,MAE / Mean,RMSE / Mean
M12,208.8111416666666,232.1504362748036,-0.6897441995369755,0.05264422921371919,0.05852839403955341
M18,261.85132916666663,290.60396131278833,-0.32519048217347724,0.055164339635891214,0.06122166983995119
M24,370.34752083333325,374.53202017943613,-2.3946759575774603,0.08334590319192826,0.0842876156587006
M36,475.2771416666667,526.5261033501655,-4.5877603932394155,0.11247055679902188,0.12459821611733474
ALL_MODELS,329.0717833333333,372.7762261203311,-0.07897044085698801,0.0757248458698883,0.08578195912448293
