Model,MAE,RMSE,R2,MAE / Mean,RMSE / Mean
M24,87.49283333333337,91.90625798531985,0.5009193216872999,0.04069749592991706,0.04275041072268541
M36,165.67676874999998,189.99423465894026,0.4934251042482036,0.06831620864724629,0.07834342662923305
M48,240.89826666666667,248.66733859005956,-5.247460605581455,0.10659804930213691,0.1100358818917239
ALL_MODELS,164.936159375,188.7311738595405,0.3637181437970708,0.071246721112311,0.08152534507971511
