Model,MAE,RMSE,R2,MAE / Mean,RMSE / Mean
M24,316.410675,335.39266812586266,-4.941779449598812,0.06979518942666495,0.07398231682341044
M36,246.3817291666666,291.3536664036553,0.07888672931745044,0.04454560281443981,0.0526764900386287
M48,128.05306250000012,162.54645073582697,0.5136166614887263,0.023309392705181026,0.029588195542256154
ALL_MODELS,234.30679895833336,277.7964670100686,0.6870453979605178,0.044441431272560596,0.05269020212505031
