Model,MAE,RMSE,R2,MAE / Mean,RMSE / Mean
M18,142.18533750000003,171.16154532686977,0.15329501839051374,0.028374643284773505,0.03415716330610053
M24,744.7797708333334,760.350027692432,-8.346963979982366,0.12513889413955573,0.1277550295410803
M36,287.31517708333337,309.4968270606909,-0.6803279792584087,0.04981066453330252,0.05365620703834336
ALL_MODELS,365.39886562500004,446.93540112969197,-0.08689649594563864,0.0649629261779271,0.07945900822715617
