Model,MAE,RMSE,R2,MAE / Mean,RMSE / Mean
M18,359.6233625,372.9190771492104,-4.713624899366721,0.08946040237152511,0.09276786263791797
M24,344.57896666666664,357.5894727449877,-2.0941731905280405,0.07253021575162252,0.07526878921136385
M36,485.7566000000001,510.3223448058345,-2.6029470908293164,0.1129496868202935,0.11866179280573198
ALL_MODELS,418.92888229166675,443.78955044483274,-0.625902121003522,0.09646048295992844,0.10218477688696143
