Model,MAE,RMSE,R2,MAE / Mean,RMSE / Mean
M36,591.0164604166666,628.4000480252589,-2.750354858588436,0.1228921392461543,0.13066544060340762
M48,400.9927,450.2608104152673,-0.3930906432922008,0.08936475766425392,0.10034459033411566
ALL_MODELS,496.00458020833327,546.635810093869,-0.974362916759467,0.10670924531515419,0.11760192765327755
