Model,MAE,RMSE,R2,MAE / Mean,RMSE / Mean
M18,359.5392749999999,364.68454439208705,-0.9882385104281173,0.05745159692399879,0.0582737712001737
M24,164.20644583333322,182.973007574807,0.8376330765229258,0.024582416602210617,0.027391852228070612
M36,171.9038104166667,205.22050786347629,0.6876169453938878,0.024800227522737247,0.02960676249706012
ALL_MODELS,216.88833541666665,250.35217799877472,0.7035211404337458,0.03237013517820358,0.03736454442517373
