Model,MAE,RMSE,R2,MAE / Mean,RMSE / Mean
M18,43.9574125,53.68253774788332,0.7067227713303882,0.024075809580319036,0.0294023347394783
M24,97.71569583333331,108.58587749608792,0.6716505103332228,0.04795175946183572,0.05328605434612857
M36,99.67400000000002,116.42423771475453,0.20536137833098123,0.04845158742214797,0.05659388738982447
ALL_MODELS,85.25527708333333,102.20312361367884,0.6460572097218893,0.042745411054415546,0.05124274624832569
