Model,MAE,RMSE,R2,MAE / Mean,RMSE / Mean
M36,141.0949479166667,167.24380161886734,0.7721296347076175,0.03957782550257131,0.0469127073264705
M48,132.08807708333327,157.40032989221368,0.29467496652735525,0.04041811291165707,0.04816350155436013
ALL_MODELS,136.5915125,162.39666411307337,0.7388390852944039,0.03997971010957784,0.04753275979723233
