Model,MAE,RMSE,R2,MAE / Mean,RMSE / Mean
M36,109.3059333333333,127.88992933796948,0.10471713713006747,0.045670207691370264,0.05343497334850138
M48,92.1019958333333,114.57054502743784,0.6206611060024935,0.03705168416906223,0.04609055005839081
ALL_MODELS,100.7039645833333,121.4130219827243,0.4840419875091393,0.041279341927164495,0.049768146364166946
