Model,MAE,RMSE,R2,MAE / Mean,RMSE / Mean
M24,238.73117499999998,253.032897132527,0.3060494948817324,0.04788670266113934,0.05075546211537718
M36,445.9767229166667,474.67340804496325,-0.5814291642021698,0.08114353884350776,0.08636477677978219
M48,290.4802958333333,298.5059229210934,-2.303817225248784,0.05065338802022784,0.05205288123478726
ALL_MODELS,355.29122916666665,388.5103350170669,0.14173855932144463,0.06545439507191586,0.07157426603908773
