Model,MAE,RMSE,R2,MAE / Mean,RMSE / Mean
M18,265.4793375,280.5603043938734,-0.4954445513905654,0.09189581013644099,0.09711609463543085
M24,226.21515416666662,237.0127475302937,-6.762922714226026,0.07936213565268234,0.08315021109087924
M36,299.43594375,348.86179247210936,-1.060494228805882,0.10145140781941513,0.11819729968774041
ALL_MODELS,272.64159479166665,307.5297657898939,-1.0399496837333762,0.09367215702695254,0.10565877350279264
