Model,MAE,RMSE,R2,MAE / Mean,RMSE / Mean
M18,81.65842500000004,99.4330582226807,0.5364321587870609,0.026185860880254416,0.031885751280622335
M24,255.89955,282.32607261924994,-0.9242279177223838,0.06593154340801495,0.07274023620639605
M36,379.6664520833333,430.3945989090886,-3.54846283061934,0.1042294014698733,0.11815574221531215
ALL_MODELS,274.2227197916667,339.1437622485321,-0.009887645508060539,0.07678664879622446,0.09496555567311407
