Model,MAE,RMSE,R2,MAE / Mean,RMSE / Mean
M24,136.38458333333335,142.48062035245357,-2.5136211806686615,0.055910597157693365,0.058409655788106134
M36,312.53852708333335,327.4643294299978,-0.588617385509165,0.11611338467492262,0.12165857440123758
M48,207.43227500000003,215.61785052260674,-3.3201307870554695,0.08271099185911283,0.08597488640210271
ALL_MODELS,242.22347812500004,265.1686061443197,-0.3962713045398949,0.09378888696185277,0.10267323638490361
