Model,MAE,RMSE,R2,MAE / Mean,RMSE / Mean
M36,47.32323124999999,59.45011695814294,0.7599472377437827,0.027438396588795204,0.034469664121842596
M48,112.58632083333333,137.83331598430613,0.12806435359871127,0.05991954096906531,0.07335623868773361
ALL_MODELS,79.95477604166666,106.14221450856974,0.5345322000312205,0.04437412415595227,0.05890789816403834
