Model,MAE,RMSE,R2,MAE / Mean,RMSE / Mean
M18,383.7154625000001,387.8720560062274,-3.7155732430891897,0.05210929281155223,0.05267376614995619
M24,135.18797500000002,172.80764936844767,0.4928497728845944,0.016035661366770294,0.020498013575985605
M36,540.9528249999998,612.8428393496006,-1.8434104055836045,0.07055522960708656,0.07993167841090383
ALL_MODELS,400.20227187499995,482.56085289704833,0.046487758081101505,0.05142617862367968,0.06200929470392909
