Model,MAE,RMSE,R2,MAE / Mean,RMSE / Mean
M36,337.93445208333327,388.7935376868302,-2.0984198865666532,0.05741468315629633,0.06605558457236045
M48,289.49898749999994,360.85560835521176,0.15486447779883794,0.047796264613924104,0.059577238225623386
ALL_MODELS,313.71671979166666,375.08478043533745,-0.2936940362920739,0.05253658081757825,0.06281358511548528
