Model,MAE,RMSE,R2,MAE / Mean,RMSE / Mean
M12,190.1022875,218.2981211135254,0.35759843495261223,0.034493236612711774,0.039609248487760804
M18,238.3292333333334,253.11828803133898,-0.45621549120734683,0.03971795324033248,0.04218257318958799
M24,483.7828125000001,495.70985276549675,-4.977317473641293,0.08367109975714689,0.08573390263082666
M36,408.3348666666666,432.8737016788037,-1.8480106840646058,0.07117567834524431,0.07545297222917965
ALL_MODELS,330.13730000000004,369.063286290953,-0.575624000366197,0.057338419760501795,0.06409910551622282
