Model,MAE,RMSE,R2,MAE / Mean,RMSE / Mean
M24,373.9993375000001,377.86657771368476,-3.475426930007373,0.05078982447603097,0.05131500308456178
M36,532.52964375,605.6263542679087,-0.14956519575719684,0.06669612396021417,0.07585104579978609
M48,432.7644416666665,440.8493027786828,-2.909992144704943,0.055512571419408956,0.05654965161058256
ALL_MODELS,467.95576666666665,517.3726462331526,-0.0960466160349378,0.06013253431029382,0.06648262638674445
