Model,MAE,RMSE,R2,MAE / Mean,RMSE / Mean
M12,124.48723749999995,142.25157413999997,0.8849916385679424,0.016535463571760636,0.01889507526598924
M18,159.00739583333333,219.0467420206102,0.7793934719545892,0.017198122986097027,0.023691934511794518
M24,88.38947083333319,109.29995400588955,0.930173460579612,0.010525114239075949,0.013015062669703197
M36,166.86193749999984,207.20555417741258,0.7976351656744234,0.019394939485957528,0.024084217435298656
ALL_MODELS,134.68651041666658,175.42634292118865,0.9461270003525343,0.015950813645509362,0.02077559880193349
