Model,MAE,RMSE,R2,MAE / Mean,RMSE / Mean
M12,144.41622916666674,164.07509427050093,0.47992594671156374,0.02200292971229782,0.024998109891140537
M18,339.68390000000005,362.7955406384912,-0.9362757678378713,0.04530628876292098,0.04838886837459036
M24,191.76287083333332,238.35093082444547,0.43181838038928966,0.026568233983351227,0.03302288536239763
M36,275.67717083333315,320.0927592828906,0.16466351185908312,0.0382384849675771,0.04439925920260177
ALL_MODELS,237.88504270833334,281.8739885291223,0.6086618815385509,0.03340124276746485,0.03957769439181728
