Model,MAE,RMSE,R2,MAE / Mean,RMSE / Mean
M36,258.84628124999995,322.93816414623944,0.6014364898967838,0.06184326671810059,0.07715602836673799
M48,551.6060833333335,588.1369128788633,-3.419154995822196,0.13750119184250026,0.1466073869213355
ALL_MODELS,405.22618229166665,474.4439303820965,-0.26796444263280783,0.09886981655246732,0.11575802949362907
