Model,MAE,RMSE,R2,MAE / Mean,RMSE / Mean
M18,136.39359583333336,141.7837866932973,-1.4588304485319235,0.0747413361645775,0.07769506771329394
M24,107.36909999999996,135.57963084835663,-0.36812666195321175,0.04844629441624364,0.061175242345564186
M36,47.75348333333332,60.035513785584996,0.5702324265615932,0.021529570003569212,0.027066900810663312
ALL_MODELS,84.81741562499998,106.87961019421034,0.7032339057603416,0.04002139019822759,0.050431512824309264
