Model,MAE,RMSE,R2,MAE / Mean,RMSE / Mean
M24,54.72017916666679,74.72648460019897,0.8778470098674014,0.01210266422146862,0.016527532719005967
M36,138.77939583333338,163.72773677661752,0.7179447702912363,0.02667904616579959,0.0314751323267837
M48,155.35961666666665,193.33708560032528,0.505209564144312,0.029784726726630774,0.03706556687175728
ALL_MODELS,121.90964687500006,155.38405625185453,0.8544736486149355,0.024211190045202075,0.030859189673196383
