Model,MAE,RMSE,R2,MAE / Mean,RMSE / Mean
M18,50.71487499999986,62.40295863297796,0.8688451536062103,0.010727536334070708,0.013199874910246438
M24,182.6529916666667,203.61980461632825,0.540535830439268,0.03357514609805229,0.037429251095577445
M36,103.07976874999999,133.82540308056005,0.8276524994176797,0.020297536151621436,0.026351688502725505
ALL_MODELS,109.88185104166662,142.45493243258514,0.8604478913998511,0.021625452193468887,0.028036043275941384
