Model,MAE,RMSE,R2,MAE / Mean,RMSE / Mean
M18,71.76989166666671,82.7394530218253,0.6965091821938946,0.022247331576772073,0.025647691575271327
M24,301.1814,366.89691656566384,-0.6682470764633306,0.0722589679508967,0.08802533136309587
M36,482.41653541666665,497.08982468275894,-7.393860735050051,0.11827860400970501,0.121876192490218
ALL_MODELS,334.446090625,398.64011090142907,0.15415813640639942,0.086023542130519,0.10253501337378311
