Model,MAE,RMSE,R2,MAE / Mean,RMSE / Mean
M12,102.23705000000002,123.84658851289569,0.21508961260171566,0.02049112439871727,0.024822271882595344
M18,307.49299166666674,361.5106907252341,0.3434912675645371,0.05273756958587917,0.06200204793229441
M24,416.52091666666666,433.4033737021263,-0.5332259058496513,0.08684982754276678,0.0903700312668963
M36,251.63862500000002,306.6461206605222,-1.256342397573461,0.04926403243304974,0.06003301136178457
ALL_MODELS,269.47239583333334,327.0696732530589,0.5700381985967052,0.05201218004266433,0.0631293111827864
