Model,MAE,RMSE,R2,MAE / Mean,RMSE / Mean
M24,281.82652916666666,298.6996251187895,-4.294938294319002,0.057536656260367317,0.06098140478959951
M36,201.0430229166666,249.89906817206503,0.37845429878363457,0.032931104839645356,0.0409337876734728
M48,85.28115833333338,109.79343383213242,0.8576618008879566,0.014694885951623682,0.018918621884732367
ALL_MODELS,192.2984333333333,237.78937776175425,0.8234293134567984,0.03357226439319266,0.041514263645987676
