Model,MAE,RMSE,R2,MAE / Mean,RMSE / Mean
M12,97.49494999999995,121.4961144435526,0.6786775829918077,0.01781502478243986,0.022200701572563916
M18,193.45517083333334,206.83242343140475,0.318314731029271,0.03013007540753816,0.032213543261043205
M24,136.09410416666663,163.87905873131584,0.41631053167157006,0.021848029083806574,0.026308519853320625
M36,81.20565416666659,102.12699775968676,0.8463084199044274,0.013027819222182102,0.016384229376278307
ALL_MODELS,127.06246979166663,153.9701487054048,0.8740562171296831,0.02086782867094584,0.025286952857854535
