Model,MAE,RMSE,R2,MAE / Mean,RMSE / Mean
M24,211.92734583333333,222.71390136256372,0.22941564925873903,0.03369586673379884,0.03541089947863162
M36,295.49494583333336,354.7917853626459,-0.5958559606473537,0.04513512256126473,0.05419236755780253
M48,192.8091791666666,222.23752526886722,-0.7793482494004975,0.028275286576721896,0.03259092612829846
ALL_MODELS,248.9316041666667,296.11881965665054,0.10102980863238098,0.03800162200069015,0.04520516986805891
