Model,MAE,RMSE,R2,MAE / Mean,RMSE / Mean
M18,184.83665000000005,192.37379652377297,-0.16874865998990396,0.05167184540657652,0.05377888570395862
M24,407.34256666666664,464.2433586013446,-4.9810362529827605,0.10710263697016838,0.12206357000440704
M36,591.5376687500001,600.7225522672983,-12.53397593951161,0.1507134339370263,0.15305358133309793
ALL_MODELS,443.8136385416667,493.5242504678723,-3.8305083108659437,0.11656109086631321,0.12961684817199254
