Model,MAE,RMSE,R2,MAE / Mean,RMSE / Mean
M36,242.69840624999998,288.76752923177196,0.4364635893495078,0.04008355440403811,0.04769223311733798
M48,336.8557666666666,378.86280889784547,-1.079696769717431,0.05742553007110233,0.06458668598870809
ALL_MODELS,289.7770864583333,336.84099654331544,0.03363338216667311,0.04861717258217012,0.056513291170974825
