Model,MAE,RMSE,R2,MAE / Mean,RMSE / Mean
M36,155.07997708333332,204.2083303151236,0.963766238356804,0.017477164383754618,0.023013819221366395
M48,225.83116666666658,248.0429405942354,0.46125702010302194,0.02267561427656983,0.02490588933299438
ALL_MODELS,190.45557187499995,227.18532363329064,0.9443433211479256,0.02022626543209876,0.024126942639935287
