Model,MAE,RMSE,R2,MAE / Mean,RMSE / Mean
M18,52.110749999999996,59.48361791447988,0.00030300949153905243,0.020694951433819272,0.023622968079485003
M24,40.749116666666644,48.43708869439992,0.5397120595823915,0.015282829103637945,0.018166179032779065
M36,79.25657916666667,94.98013588000913,0.8195569411921223,0.03188891608479535,0.038215295369118246
ALL_MODELS,62.84325624999999,77.34162007767065,0.8173879896298331,0.024753215112176066,0.03046394908772375
