Model,MAE,RMSE,R2,MAE / Mean,RMSE / Mean
M12,55.16235833333332,61.96351152049755,0.5043721360186908,0.027145160033626534,0.0304919783578754
M18,102.73261666666666,119.81483234765497,0.1785890368348424,0.043201268573030555,0.05038470662222665
M24,79.282925,91.8450537557957,0.5302184634877578,0.040213669505674496,0.04658539827417412
M36,68.42774166666663,87.43472141171472,0.08244581254596162,0.03242700760193502,0.04143416554212959
ALL_MODELS,76.40141041666665,92.56810360242434,0.7682495653778961,0.03598800520105001,0.043603139990837994
