Model,MAE,RMSE,R2,MAE / Mean,RMSE / Mean
M12,86.94962083333336,105.15967494341446,0.8911926551387268,0.024238235669899535,0.029314503730088242
M18,151.41985416666665,185.28580355217107,0.704052404163209,0.03831110513720653,0.04687961125960241
M24,108.27370416666668,128.3170684110149,0.7186276908794441,0.02484125249744281,0.02943980461980898
M36,155.28914166666655,176.6624927728246,-1.3009972669963115,0.03636854513695754,0.04137416031448804
ALL_MODELS,125.48308020833332,152.53220367391577,0.8582826172274781,0.031044479635910067,0.03773642536438865
