Model,MAE,RMSE,R2,MAE / Mean,RMSE / Mean
M24,55.86053749999999,67.81643972620441,0.7458679569542537,0.02986861757825554,0.03626143596811643
M36,84.23089791666665,102.34837095544171,0.587597747914921,0.04726761948185558,0.057434551602380306
M48,32.759141666666686,42.86277191653808,0.8493101050493812,0.01672273529724557,0.021880389790426755
ALL_MODELS,64.27036875,82.74458409462895,0.7330907675767446,0.03477284992898848,0.04476814216441071
