Model,MAE,RMSE,R2,MAE / Mean,RMSE / Mean
M18,79.67155416666672,86.12119750686388,-0.8624807316189966,0.033366208316610566,0.03606729963468221
M24,48.77132083333331,62.120114235396784,0.8524664968300758,0.017329361166629646,0.022072436770294215
M36,121.98627291666662,143.747983790167,0.09193081367794209,0.05013263268748339,0.05907603125018636
ALL_MODELS,93.10385520833331,114.67643059943839,0.7299611515549368,0.036987407769119664,0.04555755387999158
