Model,MAE,RMSE,R2,MAE / Mean,RMSE / Mean
M18,81.74135833333337,115.20165926141215,0.2927783287040132,0.01562658393207055,0.022023225870815274
M24,225.5824583333333,254.96093064376223,-0.4112951660743598,0.03718468787131602,0.042027392978222715
M36,200.04966249999998,277.2522819597629,-0.06020135931558057,0.03567047106765677,0.04943632185376739
ALL_MODELS,176.85578541666663,240.83923795506595,0.5861365618666109,0.031421477377039465,0.042789240109277066
