Model,MAE,RMSE,R2,MAE / Mean,RMSE / Mean
M36,419.6344916666667,495.7074674013942,-1.943440733503441,0.10613134444748878,0.12537124810455308
M48,630.4906,649.3994446767972,-4.120958097555169,0.16366637174841814,0.16857483826989492
ALL_MODELS,525.0625458333333,577.6874293179819,-2.9032344905794543,0.13452434867546664,0.14800717701862906
