Model,MAE,RMSE,R2,MAE / Mean,RMSE / Mean
M18,298.1416583333333,308.40534861646097,-0.9783136668918031,0.06192577803164052,0.06405760694079571
M24,187.33101666666673,221.39005315914528,0.4227743041920752,0.037107803795013175,0.04385444973810849
M36,312.20269375000004,364.44912420648683,-0.9541874857403025,0.061027000842974605,0.07123973449114619
ALL_MODELS,277.46951562500004,320.0678611493196,-0.24073741540186488,0.05523315659822588,0.06371279474467344
