Model,MAE,RMSE,R2,MAE / Mean,RMSE / Mean
M24,88.11130416666663,106.51878582586382,0.3026378465844731,0.02050968226873314,0.024794394698860703
M36,155.75613541666664,190.3257851314878,0.3131120840236409,0.03029648743166741,0.03702071023868856
M48,188.84293333333332,211.00447716021333,0.03749727957163651,0.037195771781235634,0.041560858215523605
ALL_MODELS,147.11662708333333,179.1067768729772,0.8111610841073489,0.02993946939424453,0.036449733594373444
