Model,MAE,RMSE,R2,MAE / Mean,RMSE / Mean
M18,159.25132916666666,178.34101175761214,0.4030766714274915,0.03749553039741792,0.04199017278195179
M24,262.7739000000001,297.2120963629888,0.06999251385220351,0.05153776804393307,0.058292121410105015
M36,352.370175,389.59382713841916,-1.794985042273551,0.06971616221986818,0.07708083254390447
ALL_MODELS,281.6913947916667,325.463994547758,0.44602285717002366,0.05791774410485962,0.06691770036320654
