Model,MAE,RMSE,R2,MAE / Mean,RMSE / Mean
M24,87.39020416666666,96.75962674585452,-2.77314294787631,0.041446622796616865,0.045890266419660666
M36,87.92969374999996,105.88419762911093,0.5253192806629241,0.03617823541513087,0.04356552678847717
M48,86.49801250000003,102.04170558079225,0.4446241373598203,0.03605899324312589,0.04253879442669077
ALL_MODELS,87.43690104166666,102.71059057000332,0.7025494117141132,0.03733345712671846,0.04385495578895074
