Model,MAE,RMSE,R2,MAE / Mean,RMSE / Mean
M12,23.195808333333332,29.408212579283592,0.6446456768185218,0.009488816922054237,0.01203015394676586
M18,45.864120833333324,54.97903648834782,0.8685062340620808,0.015122324801824448,0.018127696159039797
M24,46.830154166666624,58.74806345329956,0.2421264796760777,0.015964825284090895,0.02002774890453394
M36,102.5079333333333,122.53559324954658,0.7045978330733134,0.03648564267599993,0.04361408649081431
ALL_MODELS,54.59950416666664,74.75600977986092,0.9199221126206909,0.019464557888052517,0.026650291097849686
