Model,MAE,RMSE,R2,MAE / Mean,RMSE / Mean
M12,124.05767499999995,127.07544332853018,-0.30368293789620915,0.04664553031489893,0.04778020742416927
M18,65.87640416666665,113.09654313866648,0.6506158362081442,0.020236454280155636,0.034741923962318184
M24,207.83274999999995,241.79331597473043,0.08531342300117983,0.08226520211765868,0.09570761109286248
M36,362.37998749999997,378.07647084754836,-6.011492162103314,0.13472835809334963,0.14056411476370054
ALL_MODELS,190.03670416666662,239.97125964667705,0.4837516196096955,0.06829097265894048,0.08623529229958748
