Model,MAE,RMSE,R2,MAE / Mean,RMSE / Mean
M18,74.24280000000003,96.5257086755949,0.42507932091390677,0.013303969178389038,0.01729696419238328
M24,238.67071250000004,267.47611974861195,-0.16762304018954266,0.037086584181493285,0.04156260115742552
M36,203.28091041666667,230.69569647765655,0.16544501655205612,0.03457991473285798,0.039243416890859174
ALL_MODELS,179.86883333333336,216.39182968501936,0.681070391566388,0.030264177398888103,0.03640942457841449
