Model,MAE,RMSE,R2,MAE / Mean,RMSE / Mean
M24,362.1309166666665,370.8948262124541,0.3840678247542325,0.04027816552197164,0.04125293509578779
M36,481.83261458333317,534.0648296273403,0.35765555450210373,0.042023111110303546,0.0465785523774533
M48,467.38483333333323,509.8390226668159,0.5351095749574635,0.041764504827185626,0.04555812000016226
ALL_MODELS,448.29524479166656,491.9220684302495,0.8381828786820659,0.04159209943907746,0.045639724766511604
