Model,MAE,RMSE,R2,MAE / Mean,RMSE / Mean
M12,37.663737500000025,46.59336575093517,0.8324081524012202,0.013882263414933817,0.017173584452229076
M18,54.54059583333335,70.47875826061886,0.8571051168368715,0.01632341064970695,0.021093530343619563
M24,101.92727083333334,113.00433198102962,0.5136515987246344,0.03332862612060274,0.03695065216415585
M36,67.10261666666666,88.60445737282816,0.5555644303674534,0.020689664564036023,0.027319299797631983
ALL_MODELS,65.30855520833335,83.30505088344171,0.9136128404783653,0.021142510816379526,0.026968563823587307
