Model,MAE,RMSE,R2,MAE / Mean,RMSE / Mean
M12,86.9332041666667,93.8159840546753,0.30430425870404154,0.03643661305251394,0.039321416274815446
M18,120.71530416666666,128.89347154100582,0.5351477799226432,0.04132257848269173,0.044122082369159474
M24,146.23947499999997,153.1970738414711,-1.1954840593092722,0.050612110287543616,0.05302006997080303
M36,97.67706249999998,119.66089562682086,0.356720975287537,0.03547807827350323,0.04346300464682639
ALL_MODELS,112.89126145833332,125.70107323113956,0.758843485012246,0.041239758518078797,0.04591924865175536
