Model,MAE,RMSE,R2,MAE / Mean,RMSE / Mean
M24,329.55715416666663,359.7231394298578,-1.5097611717894304,0.06507360812867662,0.07103011515337189
M36,476.63539583333323,529.0308415786262,-3.5514415284547756,0.08538091417311668,0.09476664401053173
M48,277.79022916666673,309.15235345779155,-0.5471613023088966,0.05074991436335819,0.056479507973623895
ALL_MODELS,390.1545437500001,442.9230117561468,-0.8758793803331553,0.07190794705801043,0.08163350905518073
