Model,MAE,RMSE,R2,MAE / Mean,RMSE / Mean
M12,148.06075833333335,174.62512389346358,0.23639807279932468,0.03909711072968929,0.0461117306293804
M18,176.02839166666675,203.21420221581263,0.227406623227289,0.037282960622694476,0.04304093804101437
M24,146.8224916666667,166.848691543481,0.6647473451482763,0.034762884624870524,0.03950445022486602
M36,543.0809791666667,551.5853054674072,-17.982821595056013,0.12880536312517912,0.13082237878089725
ALL_MODELS,253.4981552083334,317.75571629569515,0.3591524369593234,0.05982875051013135,0.07499434249452189
