Model,MAE,RMSE,R2,MAE / Mean,RMSE / Mean
M24,135.1182875,138.16143206515852,-10.597538135970078,0.07407800849780702,0.07574639915852989
M36,108.22713750000003,131.85240728103588,-2.6708004072433638,0.0578381014941326,0.07046377729953598
M48,187.46548333333337,196.97755680177968,-3.6282734111555515,0.08880236060396726,0.09330822783465337
ALL_MODELS,134.75951145833335,152.1995842680772,-0.3241927185147453,0.07021048144188345,0.0792968597991708
