Model,MAE,RMSE,R2,MAE / Mean,RMSE / Mean
M18,149.41272500000002,181.0330557899441,0.4834616379422382,0.03630340771037499,0.04398632602007226
M24,207.54095833333338,239.93848506691432,0.07103664566046497,0.04787979544558835,0.05535391990470094
M36,399.8648666666666,481.21096616010493,-3.689424839206967,0.09562713539798316,0.1150809437187863
ALL_MODELS,289.1708541666667,371.9783030669713,-1.2133851371455018,0.06879577417668065,0.08849624700306366
