Model,MAE,RMSE,R2,MAE / Mean,RMSE / Mean
M12,99.43981250000009,123.67898207018152,0.4194430012257975,0.01623960084105092,0.0201981203579526
M18,923.6473458333334,948.520876012322,-11.662088694180744,0.12543804245109524,0.1288160491639122
M24,273.010525,284.1269505842399,0.21618475900260437,0.04178545983278807,0.043486877588511726
M36,133.5241291666666,169.443859496999,0.6340706414193393,0.020141664466820017,0.025560034618848138
ALL_MODELS,357.40545312500007,506.0700762756669,0.05017404586576146,0.05364526828947966,0.07595929154889158
