Model,MAE,RMSE,R2,MAE / Mean,RMSE / Mean
M24,277.44187083333327,287.12158374850753,-0.9381690037558554,0.06907911423265656,0.07148922627594051
M36,202.50870625000002,234.88902799196165,-0.34233470561837387,0.05063456076927886,0.058730821909518886
M48,83.10420416666666,103.83671532294711,0.49907169528548745,0.018879631400092762,0.023589647849367498
ALL_MODELS,191.390871875,225.591765278194,0.23040301469389746,0.04663259874215113,0.05496568444822318
