Model,MAE,RMSE,R2,MAE / Mean,RMSE / Mean
M18,357.2129083333336,366.0045550663159,-1.4165036752025388,0.04618584973763889,0.04732256586822457
M24,355.7126333333333,391.2670387655512,-0.1394898799352684,0.0443642595826058,0.0487985830338677
M36,372.0961916666666,448.66703173666207,-0.35225896253834765,0.046818784536179756,0.05645326546686042
ALL_MODELS,364.27948125000006,415.2268779500037,-0.2942120145124514,0.046042239097977986,0.05248161419599856
