Model,MAE,RMSE,R2,MAE / Mean,RMSE / Mean
M36,201.13568750000005,246.72778327479577,0.5214895832770468,0.055023383980577004,0.06749571757525959
M48,196.75196458333335,236.32983601418036,-1.4898222169447672,0.05573775835408822,0.06694975229098937
ALL_MODELS,198.9438260416667,241.5847578285766,0.2589931557868054,0.05537433256016237,0.06724307553361367
