Model,MAE,RMSE,R2,MAE / Mean,RMSE / Mean
M12,183.3450375,223.6514228121623,-0.19080274954602405,0.029112013893483293,0.03551196921926494
M18,132.10350416666665,162.2513269812852,0.7715238373395031,0.018516587043872355,0.022742324951822435
M24,125.11707083333324,156.28133922015044,0.2301504362540776,0.01704031199990919,0.021284727674151394
M36,149.9045958333335,190.47359929483795,0.6246098938832161,0.02094614753143924,0.02661484852745756
ALL_MODELS,147.61755208333335,185.10098665989517,0.8537640630028134,0.02114006521946679,0.026508005822836266
