Model,MAE,RMSE,R2,MAE / Mean,RMSE / Mean
M36,147.52244791666666,171.61767462358068,0.7095231064954404,0.05035755177220231,0.05858258222344451
M48,47.57432291666666,62.16162811349974,0.8012766265593121,0.01719527943856267,0.02246771998500013
ALL_MODELS,97.54838541666665,129.0672194109067,0.7515330941432353,0.034250287106189055,0.045316888659294716
