Model,MAE,RMSE,R2,MAE / Mean,RMSE / Mean
M12,60.41094999999996,74.16352263117068,0.8949251942086628,0.013209030365423678,0.0162160704713619
M18,158.23150416666667,175.46375768455835,0.7402857742614017,0.030260134505207294,0.033555624313166055
M24,327.32729583333327,334.932636322437,-0.9974517195069643,0.06082925603580443,0.06224260350098717
M36,272.24486249999995,298.52698647653347,-0.909890914734669,0.050085675410489514,0.054920873836270284
ALL_MODELS,204.55365312499998,243.71396701795112,0.6820426931208196,0.03968223477347128,0.04727911092778424
