Model,MAE,RMSE,R2,MAE / Mean,RMSE / Mean
M18,146.1134166666667,163.76700509662604,0.4741008028148018,0.038020665278862005,0.042614365104508466
M24,210.01276666666658,234.66367493013797,-0.24929892172246215,0.04749002581642073,0.053064316791257386
M36,361.4121645833334,412.4675663601193,-0.5574726184311132,0.08794954498674253,0.10037386213876878
ALL_MODELS,269.737628125,324.8636863701892,0.12391276847845867,0.06545490744742968,0.07883187329925499
