Model,MAE,RMSE,R2,MAE / Mean,RMSE / Mean
M12,34.42327083333334,42.447781085121726,0.810245437471916,0.017618700816787874,0.021725848159410577
M18,123.10806250000003,143.96644257629538,0.2094632439787515,0.048464561052424394,0.05667598290517501
M24,292.23093750000004,298.27246065399186,-11.098519179246225,0.11562054896142435,0.11801086474935385
M36,273.9663583333333,286.8169134472154,-2.0922178798056503,0.10932234765982209,0.11445017745004855
ALL_MODELS,180.93215729166664,220.09006868274335,0.3841235136829636,0.07596207076008046,0.09240202306281536
