Model,MAE,RMSE,R2,MAE / Mean,RMSE / Mean
M24,244.45939166666668,265.61308043331724,-2.2379122784351826,0.11438926496393059,0.12428765705594878
M36,162.75148958333332,199.68111090755167,0.45907396700352343,0.061094334827049554,0.07495713052860725
M48,143.61974166666667,174.88955413830232,-0.6384505617849312,0.05338527708081653,0.06500866244337973
ALL_MODELS,178.39552812499997,212.65097974763594,0.5517315563302692,0.07026759954867164,0.08376036129150907
