Model,MAE,RMSE,R2,MAE / Mean,RMSE / Mean
M36,314.5214875,366.60423512808734,0.36672713196900764,0.06656774224840382,0.07759093480435021
M48,593.3978833333333,630.4250136833214,-1.5902961762020489,0.14112630322008451,0.149932371074234
ALL_MODELS,453.9596854166666,515.6715830310343,-0.061724955249202074,0.10167568353246122,0.1154976143637573
