Model,MAE,RMSE,R2,MAE / Mean,RMSE / Mean
M24,143.9722083333334,163.36280649856218,0.43938679776369827,0.03643059875378243,0.04133717836057537
M36,239.17466458333334,322.63934426465346,-0.3193889620210091,0.050263717639435566,0.06780422553426779
M48,155.66070000000008,188.0728572840125,0.3499195741394242,0.03490411092009868,0.04217195394663559
ALL_MODELS,194.49555937500006,259.9284031849494,0.6106124546880677,0.04339380615503322,0.05799249493531019
