Model,MAE,RMSE,R2,MAE / Mean,RMSE / Mean
M18,93.67769999999997,104.75248478452271,-1.809839823898319,0.03938727072055499,0.04404372093741429
M24,86.37663750000002,116.63826564987691,0.646756651097218,0.033115114774524376,0.044716831609671506
M36,120.97910833333333,149.37760638548565,0.4891309425483469,0.044894718857028,0.05543325401055542
ALL_MODELS,105.50313854166666,131.53412737884517,0.6482910245695908,0.04067117203217296,0.05070604720080447
