Model,MAE,RMSE,R2,MAE / Mean,RMSE / Mean
M18,51.86677499999996,77.74601862837305,0.7131576583823396,0.024324903271192383,0.036461962072164636
M24,205.17231249999998,229.83804448949934,-0.6970967212100607,0.07444005956250282,0.08338921325716162
M36,195.8354333333333,222.85721672389997,-0.45243831861208395,0.08235155677816129,0.09371459711901599
ALL_MODELS,162.17748854166663,198.8722254358103,0.5050523177180469,0.06726187480828966,0.0824807366940618
