Model,MAE,RMSE,R2,MAE / Mean,RMSE / Mean
M36,197.0292062499999,244.85522147181644,0.733188195459269,0.02456940269038723,0.030533272968433382
M48,554.2995625,604.0027975168899,-3.002044874711917,0.0654665191972678,0.07133680669077369
ALL_MODELS,375.664384375,460.8543473214946,-0.020972703170990536,0.04557316961905027,0.055907864076871684
