Model,MAE,RMSE,R2,MAE / Mean,RMSE / Mean
M24,215.50627500000004,219.55569613527265,-2.906556008362957,0.07865910210785658,0.08013712788950549
M36,154.17990625000002,192.77519039856534,0.5657507266060262,0.052225279804666,0.06529864041840949
M48,138.525,148.11196921162102,-0.3070819303818615,0.04712268964735231,0.05038393328437046
ALL_MODELS,165.597771875,190.04368392266724,0.3797561960862179,0.05718237378242666,0.06562376320653804
