Model,MAE,RMSE,R2,MAE / Mean,RMSE / Mean
M36,384.5457354166667,417.4238782633839,-1.173688858173854,0.07797908511366373,0.08464619194465069
M48,275.64616041666665,314.75432909472727,-0.4575915101971295,0.05388120858938177,0.06152577505425136
ALL_MODELS,330.09594791666666,369.6707872068851,-0.6551067436266975,0.0657089884005922,0.0735867665808101
