Model,MAE,RMSE,R2,MAE / Mean,RMSE / Mean
M18,364.75303333333324,387.45083278921544,-9.929275133921912,0.04905231755424062,0.052104738137333975
M24,245.79870416666665,273.5916334214622,-1.8107090046176677,0.03229872812684786,0.03595080704602994
M36,522.9342291666667,570.914729474102,-0.005378928727606702,0.07241456378181735,0.07905877792196482
ALL_MODELS,414.10504895833327,468.2034243702876,-0.10303725313897205,0.056170861551286845,0.06350898110104433
