Model,MAE,RMSE,R2,MAE / Mean,RMSE / Mean
M18,35.51933333333334,50.59560582973092,0.6870388969454547,0.01807216451134196,0.025742941274401993
M24,70.05688750000003,81.54315437470058,0.7581767591261253,0.030017947939727212,0.03493957910791998
M36,87.6269916666667,111.74747661376783,0.5938265127720828,0.04421604608624352,0.056387095825125154
ALL_MODELS,70.20755104166669,92.44484627839311,0.823061393505112,0.03398715583839281,0.04475212922688816
