Model,MAE,RMSE,R2,MAE / Mean,RMSE / Mean
M24,46.91555416666673,58.68295191081556,0.5933117968119956,0.024873493416983333,0.03111228342006657
M36,104.6054375,129.27115906690736,0.42204604782784405,0.054591584669747215,0.06746415477261813
M48,50.46357083333333,67.32993967503425,0.10875165587356184,0.025507586192371683,0.034032951121518544
ALL_MODELS,76.64750000000001,101.73381290728045,0.45451147877812814,0.0398332647625647,0.05287047724767179
