Model,MAE,RMSE,R2,MAE / Mean,RMSE / Mean
M18,135.47316666666669,148.47366552841396,0.6556590543733327,0.029722878900072223,0.03257519469674222
M24,125.64869583333336,163.89777139007134,0.7034325365473164,0.024326164854312545,0.031731361632100545
M36,177.3074104166666,216.2107864678302,0.08620463236949016,0.03366409969384606,0.041050407613723326
ALL_MODELS,153.93417083333333,188.68036277800002,0.7648953516970968,0.030396304973393917,0.03725739267923985
