Model,MAE,RMSE,R2,MAE / Mean,RMSE / Mean
M18,223.43057916666655,241.1066310439194,0.6307409367223125,0.02743260654924208,0.029602856379418466
M24,340.86512500000003,394.0360730436048,0.5327808615143541,0.033653642523047304,0.038903214705214656
M36,445.0476770833334,504.5530090025694,-0.1738780663949171,0.049178010621864846,0.05575338219634412
ALL_MODELS,363.59776458333334,425.01303279430954,0.7507606625299782,0.039985686874460885,0.046739665922734965
