Model,MAE,RMSE,R2,MAE / Mean,RMSE / Mean
M24,82.11600416666666,92.07816261235844,0.8014919023769493,0.0195609383529692,0.021934034428408678
M36,211.67885833333335,237.1353460368827,0.2287528434993582,0.04066950803136495,0.04556042080017599
M48,408.55939166666667,431.0509390702556,-1.3899027188106863,0.0752088221758606,0.07934913279810805
ALL_MODELS,228.50827812500006,276.92491978128356,0.7400412970123941,0.04561043475548903,0.055274435086084546
