Model,MAE,RMSE,R2,MAE / Mean,RMSE / Mean
M12,251.77859166666676,265.5272516595221,-2.0772599453061327,0.056785225489366924,0.059886048131605446
M18,407.4328916666666,431.56372529056466,-1.0346783774490338,0.07882682972051366,0.08349546878228403
M24,565.1111791666665,586.5817733252027,-0.4940393676382968,0.13105926752669464,0.1360386776808703
M36,599.7029750000002,648.2123351214665,-8.111784128693914,0.13246030112831086,0.1431748793730346
ALL_MODELS,456.006409375,505.2250435601676,-0.23052454196161132,0.09890673467312841,0.10958214250127335
