Model,MAE,RMSE,R2,MAE / Mean,RMSE / Mean
M36,380.5118104166666,414.39579381645535,-2.54066348250717,0.0469708470383105,0.05115352772718937
M48,318.59804375,373.43804957898277,0.4957054939689377,0.04123245733236269,0.048329764565750416
ALL_MODELS,349.5549270833333,394.44888820107286,0.21226235278160133,0.044169475306651364,0.04984223959452258
