Model,MAE,RMSE,R2,MAE / Mean,RMSE / Mean
M36,428.93230625,476.64935136770947,0.1567694051088968,0.09765199205076884,0.10851539506943747
M48,175.88215833333336,226.3852404749461,-1.0677037720363263,0.03892795071724667,0.05010578428096617
ALL_MODELS,302.40723229166673,373.1252345152746,0.07835809898209622,0.06787580878588013,0.08374858259579845
