Model,MAE,RMSE,R2,MAE / Mean,RMSE / Mean
M24,184.26274166666667,214.09583801707237,0.7918964822897261,0.029059131440436845,0.03376395597674994
M36,217.1186333333333,248.0952525913224,0.8546023534869904,0.02984175104228707,0.03409931542465603
M48,286.8467041666667,309.77207217558976,0.21598174689749372,0.03515906590740788,0.03796904947378338
ALL_MODELS,226.33667812500002,257.3413459167101,0.9067847582455785,0.03116422520868593,0.03543324805370496
