Model,MAE,RMSE,R2,MAE / Mean,RMSE / Mean
M24,139.23543333333336,172.42655867891506,0.7635080167301797,0.028853098017545077,0.035731137392881474
M36,514.7381208333333,542.4317718555294,-3.2068702332171677,0.10377566751370307,0.10935894764082328
M48,199.59689166666672,230.0821529428076,-2.8472357618834554,0.03910373950025715,0.04507621585289652
ALL_MODELS,342.07714166666665,409.61358909260724,-1.109169559999057,0.06893184272172358,0.08254108813714892
