Model,MAE,RMSE,R2,MAE / Mean,RMSE / Mean
M18,135.42462083333348,139.9099459327992,0.6316135833129818,0.029233067402996922,0.030201279904905298
M24,59.51677916666665,72.16524637341892,0.9375769754227804,0.012244886115230637,0.014847161350004322
M36,119.83575833333322,163.75436562211468,0.5327130458852933,0.0235429855437861,0.03217125435839911
ALL_MODELS,108.65322916666663,140.01214257668641,0.8016475272919802,0.022091520017621175,0.02846745627503001
