Model,MAE,RMSE,R2,MAE / Mean,RMSE / Mean
M24,144.269775,175.99871213113798,0.6563120753067362,0.01848259873917059,0.022547436390821417
M36,283.73715208333334,339.41479656609613,0.4679970366749193,0.034012490041780814,0.040686749350493386
M48,689.1230833333335,699.4914115097603,-11.02914102093087,0.08124136203322561,0.08246369389734769
ALL_MODELS,350.2167906250001,433.20566412033,0.09785778374935705,0.04248603239071043,0.052553704934619194
