Model,MAE,RMSE,R2,MAE / Mean,RMSE / Mean
M12,252.15094999999997,261.09101447487933,-1.152846897428243,0.07048983471363175,0.07298906649191161
M18,373.12055416666664,421.2168413217487,-3.9237556246554997,0.09810463852583835,0.1107506019097708
M24,773.9937625000001,780.8952419381096,-15.42223862956428,0.1976722069104956,0.19943479304177403
M36,595.2324375000001,604.6308425050897,-21.82090241262029,0.15129341897630877,0.15368226195018325
ALL_MODELS,498.6244260416667,552.4870993612852,-5.053689220613725,0.13095633388596162,0.1451025687329585
