Model,MAE,RMSE,R2,MAE / Mean,RMSE / Mean
M12,23.59987916666667,32.162282785605406,0.8941231290346415,0.014606521907316197,0.019905995483264043
M18,75.771225,98.61279933311565,0.49626464642878687,0.044664359572639076,0.05812863033267286
M24,122.77808333333333,142.49611054089337,-0.08011857120622956,0.06825112336128225,0.07921217985318572
M36,58.23300833333332,75.4170628217735,-0.2488181001232297,0.030671821094675852,0.03972280884261432
ALL_MODELS,70.09554895833334,95.85375776441998,0.6241213872097047,0.03999936219030862,0.05469804047615387
