Model,MAE,RMSE,R2,MAE / Mean,RMSE / Mean
M24,99.97636250000012,124.02274570093488,0.5552492700803772,0.015301235866924317,0.01898149960030378
M36,437.5731541666667,513.4988398726177,-0.43043466327527713,0.058578377036652786,0.06874262820631105
M48,392.3611916666667,451.7501692063435,-0.5149954187316776,0.05432860588018093,0.06255194810389691
ALL_MODELS,341.8709656250001,432.0943108657552,0.3362237418274754,0.047654785790516865,0.06023138521858369
