Model,MAE,RMSE,R2,MAE / Mean,RMSE / Mean
M12,81.57935000000005,91.20256663988873,0.05853191076859032,0.03401915451844389,0.03803210257253887
M18,208.06083750000002,230.10468754495471,-1.9204770190029166,0.07387649573914074,0.08170364097938976
M24,80.86542499999996,90.04344761992677,0.4268818085793339,0.0337097285185764,0.03753569803342265
M36,249.47261250000005,259.421712758868,-5.576175891772082,0.09936178930598429,0.10332439022557723
ALL_MODELS,154.99455625,184.84691159300695,0.18794541938895948,0.0612384655274595,0.07303315353338875
