Model,MAE,RMSE,R2,MAE / Mean,RMSE / Mean
M24,120.21849583333331,148.2115618762459,0.8966827533347844,0.01434895040208477,0.01769012609612189
M36,420.9044895833335,492.049193304966,0.5395890742025875,0.0378013361074574,0.044190825704751066
M48,459.0108749999999,517.6719041529827,0.44593627631913435,0.041137839866462016,0.04639520555239978
ALL_MODELS,355.2595875,439.9362694434578,0.89648518211516,0.03399176182488496,0.0420937517669398
