Model,MAE,RMSE,R2,MAE / Mean,RMSE / Mean
M36,296.19401874999994,350.40526766042836,0.4636984014187264,0.04572218330921369,0.05409053818202464
M48,347.9620562500001,377.28121654759707,-0.39222536969889643,0.056806074055934797,0.06159253384719003
ALL_MODELS,322.0780375,364.09131269766056,0.32603301959578845,0.051109047541121805,0.05777593639856359
