Model,MAE,RMSE,R2,MAE / Mean,RMSE / Mean
M36,187.93119791666663,214.91854865332743,0.826670145443724,0.024318022520737458,0.027810146288714335
M48,135.8836395833332,167.69013034309538,0.6819526977532349,0.017748308684471883,0.021902682367021534
ALL_MODELS,161.90741874999992,192.75627404800213,0.7921321032241524,0.021048521346293942,0.02505897864505026
