Model,MAE,RMSE,R2,MAE / Mean,RMSE / Mean
M24,67.4337958333333,78.90957936072301,-0.05229621733886236,0.02879632575353189,0.03369684183227203
M36,144.24407083333327,165.92651968636093,0.7761858361712817,0.05607427798564878,0.06450323910252624
M48,153.17126249999998,170.02801415931802,-1.0808740661497618,0.060157594750278195,0.06677803789722513
ALL_MODELS,127.27329999999996,150.16613065560435,0.7025242695682739,0.05074355771147583,0.05987087407360131
