Model,MAE,RMSE,R2,MAE / Mean,RMSE / Mean
M24,217.33692500000018,239.35427611622083,-0.6439946152167222,0.03243128796592784,0.03571674465625828
M36,287.9938229166667,340.6697627748612,0.23862142959750499,0.039101924872005214,0.04625392077954725
M48,178.92695833333332,211.1558195711996,0.3613827898173554,0.02472775695176234,0.02918179481696403
ALL_MODELS,243.0628822916667,288.9589175696372,0.5293072934727212,0.03391446936598327,0.04031832530556283
