Model,MAE,RMSE,R2,MAE / Mean,RMSE / Mean
M18,159.81442916666668,161.7877401815841,-0.10038003432482578,0.07789651089583462,0.07885833920993558
M24,149.50725000000003,157.61215077448824,-0.32941774906881727,0.06034296957772061,0.06361420746662155
M36,205.73307916666667,223.2459566994999,-2.0736445713496696,0.09060304053434133,0.09831555793507896
ALL_MODELS,180.196959375,194.09686841251056,0.09043989311175904,0.07946360107673087,0.08559320964832158
