Model,MAE,RMSE,R2,MAE / Mean,RMSE / Mean
M24,390.30312499999997,425.4902500481553,0.2763604001362586,0.04153652242161414,0.04528117808768098
M36,424.09721874999997,458.8242137137792,0.4219146072800781,0.039873673189965694,0.04313870957038954
M48,542.4001666666666,565.615167272472,-1.6031968035225557,0.04954689361442985,0.05166752564215126
ALL_MODELS,445.2244322916666,480.1046210241169,0.6339750525126662,0.04279371103375013,0.04614629595308203
