Model,MAE,RMSE,R2,MAE / Mean,RMSE / Mean
M12,63.63079166666663,91.14979918707537,0.8398059117264396,0.01489731833656875,0.021340101847507183
M18,151.83662500000005,186.540754155504,0.3294554298511123,0.031602180190961844,0.038825247372168276
M24,205.99686250000002,218.03026571236336,-1.4655405373521448,0.041284694201349455,0.04369635895097134
M36,162.53654166666675,223.58932414579127,0.15437710954937023,0.032142491059804566,0.044216013080692396
ALL_MODELS,146.00020520833337,187.50674753947112,0.7498029640031463,0.03054024896717626,0.03922256646632478
