Model,MAE,RMSE,R2,MAE / Mean,RMSE / Mean
M12,51.558674999999916,65.35817525575888,0.7912450607417512,0.010177979387548615,0.012902080213677038
M18,261.6836541666667,301.4328538084706,-0.7482991434193742,0.04436632122522218,0.051105472607717646
M24,189.69625416666665,216.19623180551253,-0.21329337195244547,0.0338892080600859,0.038623425189125433
M36,267.76695833333343,301.5459626256572,-0.6387260131846872,0.04859617667742986,0.05472662111611204
ALL_MODELS,192.67638541666668,241.2489557752626,0.5540100253516429,0.03491851875624154,0.043721269573046
