Model,MAE,RMSE,R2,MAE / Mean,RMSE / Mean
M24,269.3466541666666,289.3508546380853,-6.688504566066689,0.051425750584716226,0.05524510756641937
M36,228.56192291666662,271.98672765582813,0.5175267384937035,0.041590426709529685,0.04949225101968925
M48,176.17217916666655,196.81485892959884,-0.2697373413507611,0.031668556384444824,0.035379266390364705
ALL_MODELS,225.66066979166658,260.00652194566175,0.34057328923266084,0.04142146137667302,0.047725862536870986
