Model,MAE,RMSE,R2,MAE / Mean,RMSE / Mean
M24,343.2185458333334,351.6031071795685,-5.8430143563020644,0.07906819128615172,0.08099976552193477
M36,451.6829291666666,510.65643046402045,-2.085480074603208,0.09852437163436412,0.1113881014395173
M48,274.6526166666666,289.2669732708955,-1.9793400855232064,0.058585788308906504,0.06170315748848126
ALL_MODELS,380.30925520833335,426.8606642547841,-1.5994587194878211,0.08359459481118359,0.09382691528152289
