Model,MAE,RMSE,R2,MAE / Mean,RMSE / Mean
M36,92.77851249999999,113.61152340637776,0.8887784169244578,0.029312169500227078,0.03589408949908268
M48,85.93457708333335,106.30953163233903,0.7585942933287053,0.026270147181515383,0.0324987582131379
ALL_MODELS,89.35654479166665,110.02112244156848,0.8563136567104445,0.027766108964026072,0.0341872940720727
