Model,MAE,RMSE,R2,MAE / Mean,RMSE / Mean
M24,131.1545208333334,170.4429972510471,0.1841357939469156,0.02703218312822584,0.03512990848763026
M36,353.27023125000005,407.6914320246981,-0.6620931500853617,0.07599354253216635,0.08770033090516369
M48,253.7713375,267.4165681285247,-2.9826600708407893,0.050748346859533056,0.05347707463366435
ALL_MODELS,272.86658020833335,329.00875509409184,-0.267368853456156,0.056996374408717264,0.0687233525438383
