Model,MAE,RMSE,R2,MAE / Mean,RMSE / Mean
M12,176.38057916666662,202.71418444652042,-0.20490230993845282,0.04651028841399768,0.05345427046878526
M18,136.987025,155.75199145077832,0.3134884200325959,0.035475846515743356,0.04033545325354123
M24,72.53957500000001,91.83016264834593,0.7766964573247777,0.021695430244875077,0.027464937423643872
M36,403.88485,420.14884034004046,-5.8498555984261635,0.10942546989828747,0.11383191095538614
ALL_MODELS,197.44800729166664,250.15472723286868,0.14150672890382576,0.05377048113991665,0.06812395945260907
