Model,MAE,RMSE,R2,MAE / Mean,RMSE / Mean
M24,108.12795416666664,117.14700129561038,-0.09902894718502764,0.03791136579450993,0.04107358593876859
M36,194.19201250000003,243.11154757595588,0.7091207940863076,0.06425633414447517,0.08044335415402881
M48,215.42521249999996,231.126094204355,-2.2220401111411814,0.07711774681920557,0.08273833600680937
ALL_MODELS,177.98429791666663,215.2609697926372,0.6113504465874975,0.06090203630634772,0.07365723578486073
