Model,MAE,RMSE,R2,MAE / Mean,RMSE / Mean
M18,38.07402916666666,46.59157516897502,0.8233835851930438,0.013959953862841252,0.017082936951821812
M24,124.8877625,149.8701787861011,0.5177448491585019,0.03744666924864446,0.044937461468559335
M36,113.69678958333331,133.28579892557084,0.46388772084820895,0.03956850076853919,0.046385823703107516
ALL_MODELS,97.5888427083333,122.63977103346161,0.8202504297663934,0.03305493520285932,0.04154009384987215
