Model,MAE,RMSE,R2,MAE / Mean,RMSE / Mean
M12,132.7304541666667,157.93948428194608,0.860407631534605,0.020300996717968332,0.024156693896483485
M18,326.2353333333335,369.3334804230702,0.6148062380679912,0.03935960105767975,0.04455930109766287
M24,45.73756666666683,53.74970200592606,0.960468900710677,0.005636407328294466,0.006623772018475935
M36,233.60813750000003,299.8207617223532,0.7088944320917635,0.02858393178515894,0.03668560647141899
ALL_MODELS,184.57787291666673,252.05833654243784,0.9147725135528896,0.023729173820001136,0.032404404634656374
