Model,MAE,RMSE,R2,MAE / Mean,RMSE / Mean
M18,84.69125000000008,101.7417259640189,0.7287871912124849,0.014190397732429484,0.017047281241135
M24,110.47245416666662,129.3147032484528,0.5053397117993705,0.016325475816631255,0.019109958917292367
M36,150.21223958333334,181.03513847763958,0.6698837947608683,0.024383784359612578,0.029387230963309276
ALL_MODELS,123.89704583333337,152.1685857902422,0.8535404898095396,0.019779419228453887,0.024292800780697794
