Model,MAE,RMSE,R2,MAE / Mean,RMSE / Mean
M12,242.3454916666667,251.65460693342507,-1.1856977190633486,0.10749213254726572,0.11162118254638234
M18,198.46989166666663,210.66496658667128,-0.7896195491220894,0.07451586127059116,0.079094523068068
M24,91.22747916666667,112.82332807010144,0.6597825403111337,0.039218648682537126,0.04850269356552268
M36,228.1697333333334,252.08836468518507,-3.4881737916266973,0.09771199971450496,0.10795497657949149
ALL_MODELS,190.0531489583333,214.4687717968776,0.1045705655952125,0.07936034614748892,0.08955555885768827
