Model,MAE,RMSE,R2,MAE / Mean,RMSE / Mean
M36,183.4166229166667,210.20816263286542,0.7877686902362202,0.04102266824470093,0.04701482112629496
M48,134.01224166666674,154.88421172338712,0.7811604998742705,0.028123183330491557,0.03250327751497441
ALL_MODELS,158.71443229166672,184.6301582605889,0.8111799603603034,0.03436756612276754,0.03997928279526085
