Model,MAE,RMSE,R2,MAE / Mean,RMSE / Mean
M36,427.38473125,567.70781713139,0.25593858447030904,0.06337885287938705,0.08418801044953882
M48,135.60659583333333,165.55790040160923,0.7053178351906835,0.02060440379982843,0.025155279587720653
ALL_MODELS,281.4956635416667,418.1516375774923,0.3515293573950953,0.042251482905428336,0.06276305128362004
