Model,MAE,RMSE,R2,MAE / Mean,RMSE / Mean
M36,186.92078750000005,210.68379022083766,0.1872934590471519,0.0428148665285983,0.04825786622605774
M48,173.18027291666667,209.45576449940305,0.5293952279085314,0.039234686836267525,0.0474530452445903
ALL_MODELS,180.05053020833336,210.0706747071653,0.40766003470124423,0.04101495605417771,0.04785345248034746
