Model,MAE,RMSE,R2,MAE / Mean,RMSE / Mean
M12,31.514716666666676,36.03607656507804,0.899819751930785,0.016982580775534953,0.019419041191860095
M18,103.94107916666663,124.35250565299401,0.562689037941443,0.043675016194828144,0.05225169626681822
M24,168.9282458333333,178.38480938503773,-1.1596595684961573,0.07312251600685363,0.07721589728994328
M36,97.42409583333331,117.44232122683846,-0.14109485740328953,0.04389461402718329,0.05291386403552082
ALL_MODELS,100.45203437499998,124.87592192939582,0.7382036353641903,0.04584081771380492,0.05698654496770881
