Model,MAE,RMSE,R2,MAE / Mean,RMSE / Mean
M18,63.33648750000003,78.22381131234648,0.8911885702861166,0.015770710476625243,0.019477636498000907
M24,82.03471249999994,103.09714876741457,0.889609603872116,0.018882428933133834,0.023730498047511695
M36,180.1349020833333,221.1833439732809,0.7198549742473428,0.040652182478114085,0.04991584393879227
ALL_MODELS,126.41025104166665,169.25729677225542,0.8147643470233881,0.02935875847953782,0.03930997728339443
