Model,MAE,RMSE,R2,MAE / Mean,RMSE / Mean
M12,137.0434041666667,146.24707408779872,-0.5116675804747481,0.05175355142245722,0.05522925758602671
M18,121.95847916666672,142.7193499548196,0.32452576917377773,0.03798146345894323,0.04444701026310171
M24,164.18605416666668,175.04000233505556,-0.34975901617057015,0.060359746028828334,0.06434998477461717
M36,98.9443625,122.17324621662777,-0.25967903381438595,0.03517031798456731,0.04342715249335841
ALL_MODELS,130.53307500000003,147.751754675988,0.6743868479032957,0.045831566319700985,0.0518772299149831
