Model,MAE,RMSE,R2,MAE / Mean,RMSE / Mean
M12,217.0293791666667,246.7371983469432,-1.6991562836528078,0.0386070228883157,0.043891701209097786
M18,428.178975,471.75726033225584,-3.2600357959916018,0.06771992461135969,0.07461217848111752
M24,87.63324166666673,110.10535077394822,0.8399866002441116,0.015368298831593036,0.019309247284127914
M36,144.1098166666667,194.02463154099996,0.10913185145229409,0.02506003448925472,0.03373999128337704
ALL_MODELS,219.23785312500004,288.61865135415695,0.33397554491405057,0.037481227895214866,0.0493426718608072
