Model,MAE,RMSE,R2,MAE / Mean,RMSE / Mean
M12,87.05404166666658,109.34634307614029,0.950041008065005,0.010028015896633474,0.012595932889651669
M18,132.93910416666668,154.18008594730628,0.9654917999401481,0.012060885852965192,0.013987971628569837
M24,96.82633333333358,123.64386207134054,0.7378904919366676,0.008538289132367767,0.01090309843886515
M36,630.7271666666667,677.3755502283396,-0.17613967618491522,0.05636441220714616,0.060533106468030534
ALL_MODELS,236.88666145833338,357.02015430571504,0.9167805073840246,0.022435724419205775,0.03381366322946911
