Model,MAE,RMSE,R2,MAE / Mean,RMSE / Mean
M24,355.77233333333334,359.67258799902885,-17.409179217501478,0.13537760020294268,0.1368617153725376
M36,260.08224791666663,313.7644287308942,0.4860323438011286,0.08830566095124917,0.10653235845204795
M48,320.7119833333333,327.85819873950334,-4.490654873500832,0.11693969401862628,0.11954538475179777
ALL_MODELS,299.16220312499996,329.2991051127681,0.1035300960125245,0.1062644867074908,0.11696932303785447
