Model,MAE,RMSE,R2,MAE / Mean,RMSE / Mean
M24,84.20243750000009,102.3859122067644,0.49209710546411556,0.018361258756507775,0.02232636349808148
M36,333.0755416666666,486.7768600118294,0.3909955229764869,0.07362276888504116,0.10759679345985289
M48,399.1280708333332,414.57228029974897,-2.4462162526425137,0.09224484515234388,0.09581424759441061
ALL_MODELS,287.37039791666666,405.04829141020247,0.2599815958857703,0.06399919779335175,0.09020680594017885
