Model,MAE,RMSE,R2,MAE / Mean,RMSE / Mean
M18,371.4341375000001,376.1986617133243,-5.420522814313327,0.10063806658463069,0.10192898859910118
M24,389.14167083333336,416.1088844103883,-2.9415632111459655,0.0882524152854686,0.09436823867338195
M36,312.85241041666666,382.96134655375437,-0.7661816391965648,0.07941046349911425,0.09720602117649035
ALL_MODELS,346.57015729166665,389.8688313614862,-0.21005490146945816,0.08675324007196683,0.09759173896561411
