Model,MAE,RMSE,R2,MAE / Mean,RMSE / Mean
M18,128.4610291666667,153.36448205731855,-0.16270131316030834,0.023980404617083836,0.028629245441062528
M24,147.68192499999995,175.76172195733966,0.7188718960611286,0.0232379360760531,0.02765632733634586
M36,196.4973375000001,229.18864176483808,0.28820090985485725,0.03229706096871952,0.03767032994234331
ALL_MODELS,167.28440729166672,199.6670442825639,0.8074023199137743,0.028020545394904447,0.033444715910857535
