Model,MAE,RMSE,R2,MAE / Mean,RMSE / Mean
M24,41.4642041666667,53.13052430252551,0.9339403495084607,0.010528474698208834,0.013490754062787505
M36,123.2720375,161.43662604639425,0.575058230367731,0.02665365363651925,0.03490553090670603
M48,74.82522083333329,92.78560311058276,0.7085153675997271,0.016468479068274554,0.020421426701398376
ALL_MODELS,90.70837499999999,126.05116938741833,0.8790752666837117,0.020462362710956333,0.02843513344986667
