Model,MAE,RMSE,R2,MAE / Mean,RMSE / Mean
M36,165.73827708333343,193.73994360600435,0.7917743773259532,0.02909943852692878,0.034015821078789886
M48,134.63197500000004,164.46262213551242,0.45191061328319404,0.02307474014589679,0.028187451528433435
ALL_MODELS,150.18512604166673,179.6985250748404,0.7300882188186169,0.026050769086221146,0.031170095902575808
