Model,MAE,RMSE,R2,MAE / Mean,RMSE / Mean
M12,62.47464583333332,79.74677022435087,0.5512275511054316,0.027108378080309515,0.03460292682078467
M18,71.54567916666669,87.96212887931517,0.7842524476338937,0.026894765447568334,0.03306587975728035
M24,46.44062500000003,64.50070955569018,0.7102355396753766,0.022051578822412172,0.0306271175478111
M36,108.8020208333333,124.47273826524389,-0.9502844471171443,0.0478049264961646,0.05469025352627745
ALL_MODELS,72.31574270833333,91.85680103105061,0.8563398646705416,0.03094783548722155,0.03931051608163612
