Model,MAE,RMSE,R2,MAE / Mean,RMSE / Mean
M18,240.10966249999993,246.12253533653632,-2.5353013579883883,0.09174558437216408,0.09404309512787365
M24,141.2200875,178.06876312846697,0.34967680310235183,0.04312118602017837,0.0543728331795978
M36,145.1567770833333,171.36911171023678,0.20076050803950662,0.04727848777243981,0.05581601228246455
ALL_MODELS,167.91082604166664,194.30615771206138,0.5931378532293493,0.05581871203883897,0.06459333040271863
