Model,MAE,RMSE,R2,MAE / Mean,RMSE / Mean
M36,104.33376666666673,123.0096473607254,0.9148381471802779,0.019537396325049753,0.023034615820679668
M48,107.75448124999996,131.31831904243606,0.8131352399088665,0.019763229770470247,0.024085068966053638
ALL_MODELS,106.04412395833333,127.23182435998675,0.8827980887178655,0.01965148550591751,0.023577867956966037
