Model,MAE,RMSE,R2,MAE / Mean,RMSE / Mean
M12,105.36140833333337,115.7096952189365,-1.317303091547661,0.04319270634053021,0.04743496661065995
M18,216.239325,223.33891469491869,-1.8369072162029445,0.07415508751875402,0.07658975427131598
M24,84.36408750000004,99.5370365584653,0.4078151488698146,0.03419299332939291,0.040342630708488855
M36,320.42459583333334,326.47313112618536,-8.904267446635737,0.1277652483801296,0.13017702520399485
ALL_MODELS,181.5973541666667,211.99135087247075,0.1075952241197019,0.0703144627199174,0.08208301275241471
