Model,MAE,RMSE,R2,MAE / Mean,RMSE / Mean
M24,299.9221125,323.44582911163235,-4.164482275461781,0.05296793651027257,0.05712235752839802
M36,189.98064999999997,246.25061489426187,0.4359819254454641,0.02884212137697202,0.03738480799983733
M48,240.6865625,266.94395036386305,0.31743415993564605,0.03731815685767815,0.04138933270064419
ALL_MODELS,230.14249375,272.5596300248718,0.6809862445695762,0.0364066707532899,0.04311671673173575
