Model,MAE,RMSE,R2,MAE / Mean,RMSE / Mean
M12,54.586320833333275,76.64932316668721,0.8816298238075642,0.012572423753862676,0.017654015815440138
M18,120.61432916666672,135.6673775405265,0.7379235103403547,0.02413372601003786,0.02714569106908639
M24,128.71021249999998,155.95828097953122,0.5483738265962168,0.02553246352853659,0.030937709166497906
M36,112.37176666666676,139.8646375507912,0.6687167556798967,0.02189735795131617,0.027254764466466838
ALL_MODELS,104.07065729166668,130.54296066232334,0.8910470987020448,0.02133437918406133,0.026761174523714838
