Model,MAE,RMSE,R2,MAE / Mean,RMSE / Mean
M36,128.7993333333333,176.6026731101061,0.5350396448455572,0.025450641373972887,0.03489654164108207
M48,103.85591666666669,124.57498636464402,0.8850373134053141,0.020091747408470237,0.024100015095773402
ALL_MODELS,116.327625,152.81922552052512,0.7753768115614306,0.022742819205265642,0.029877168188571033
