Model,MAE,RMSE,R2,MAE / Mean,RMSE / Mean
M24,43.21287916666665,53.1765420894127,0.7817044373614986,0.0159275900727954,0.01960004008578654
M36,125.37817916666667,145.17872752167702,0.5828963791996655,0.03918374221944423,0.045371897029979534
M48,89.17363750000003,102.25539762440623,0.4080702704722765,0.027494794383278315,0.03152827686616927
ALL_MODELS,95.78571875,117.72599205521605,0.8274753146520709,0.03100896334739547,0.03811174588775495
