Model,MAE,RMSE,R2,MAE / Mean,RMSE / Mean
M12,72.87552083333333,97.75320158070487,0.62387817420102,0.010037259256708673,0.01346370106476205
M18,200.0291416666669,231.1573005745189,0.6389878603231962,0.023721683401193842,0.027413207167788934
M24,107.89035416666665,151.1105554492624,0.5924905647266577,0.013895711134842734,0.01946224613096439
M36,127.22377499999997,151.9893766885096,0.7294483466591521,0.016112518535326616,0.01924900946435798
ALL_MODELS,127.00469791666671,165.0186024532709,0.8921928419239459,0.016203152534173947,0.021052934500745548
