Model,MAE,RMSE,R2,MAE / Mean,RMSE / Mean
M18,29.876783333333304,35.578410250447725,0.9687715724246957,0.006807842318136067,0.00810703763563361
M24,73.50443333333335,82.83787252545386,0.9050801331436902,0.014709712494163169,0.016577521017701394
M36,112.0510083333333,132.33177220181759,0.6777915916282486,0.022847250529928753,0.02698250731997181
ALL_MODELS,81.87080833333331,103.86449377511063,0.904399232628764,0.017061490938061006,0.021644871418825953
