Model,MAE,RMSE,R2,MAE / Mean,RMSE / Mean
M12,63.55552499999995,75.83921781163639,0.7368497446177105,0.008035636731446989,0.009588724258534478
M18,200.77570833333326,246.7540020020783,0.33087359046757614,0.022382086404786117,0.02750765737241512
M24,667.1808333333333,673.9247865540461,-3.372126203438155,0.08597229530201342,0.08684131477743413
M36,161.74508333333333,184.05948093569958,0.43683165275982494,0.020319308640941353,0.02312256622797256
ALL_MODELS,273.3142875,372.38811571952664,0.5360928301093402,0.03353532395028655,0.045691559742888015
