Model,MAE,RMSE,R2,MAE / Mean,RMSE / Mean
M36,46.733593750000004,57.80535884176489,0.8954935475231971,0.02222961322353361,0.027496082928567894
M48,39.53632291666667,50.25365609120934,0.7492942947435701,0.018823085697282287,0.02392556528841548
ALL_MODELS,43.13495833333334,54.16128442604897,0.8604742602011066,0.02052711779548012,0.025774339615134517
