Model,MAE,RMSE,R2,MAE / Mean,RMSE / Mean
M24,247.91077916666669,256.2525538150198,-1.3500411246638953,0.051368051766412265,0.05309649904652135
M36,218.72514375000006,266.19865830147927,-0.20796730610351277,0.039968352507632934,0.04864334127133222
M48,146.49580416666672,174.6099354784341,0.48843041915956,0.02634323080957555,0.03139878208880544
ALL_MODELS,207.9642177083334,243.86341067671364,0.569565244665315,0.0389954995497792,0.04572697950658242
