Model,MAE,RMSE,R2,MAE / Mean,RMSE / Mean
M24,109.58354999999999,117.32921852039527,-0.7425316845105006,0.04794729818420476,0.05133634588509966
M36,210.3636958333333,230.08990388111792,0.27754760503867326,0.07804918646085349,0.0853680086748677
M48,104.09674999999999,115.03538753700967,0.12735489193211214,0.03902591499133042,0.043126814766206355
ALL_MODELS,158.60192291666667,182.26492643981237,0.5424597142719556,0.061334442197533055,0.07048538498006779
