Model,MAE,RMSE,R2,MAE / Mean,RMSE / Mean
M12,47.843529166666656,58.136891455472714,0.9201696293419602,0.024661612972508587,0.029967469822408617
M18,59.087741666666666,79.03589624152858,0.5735784555521968,0.029203167215815486,0.03906222219515416
M24,95.3332125,101.26468078023923,0.49206365191499235,0.05036202372829126,0.05349546210133481
M36,79.7038208333333,94.12851938376369,0.18692205149271668,0.03847637983747685,0.045439787296048126
ALL_MODELS,70.49207604166666,84.76627392086786,0.7326003181468688,0.035567067857274245,0.042769173300694886
