Model,MAE,RMSE,R2,MAE / Mean,RMSE / Mean
M36,421.982125,454.4568135557089,0.9011373010282934,0.04080752601952623,0.043947971123008044
M48,929.3300833333333,953.1316334279715,-0.9025321443498531,0.08088941677380514,0.08296111717390638
ALL_MODELS,675.6561041666668,746.6561812602508,0.6543350869780306,0.06190249898599481,0.06840740906256682
