Model,MAE,RMSE,R2,MAE / Mean,RMSE / Mean
M12,113.89885833333335,121.60385099549686,-3.9168307679026064,0.04844440781895193,0.05172155925163352
M18,187.32859999999997,198.99567048456728,-0.49788128422884914,0.06557115729599648,0.0696550148272386
M24,102.07925833333333,118.64305310671023,0.21661933881417295,0.0391489509260295,0.04550141859986649
M36,84.0364541666667,104.14880137791836,0.1703767291707341,0.03210663981661309,0.03979068472523864
ALL_MODELS,121.83579270833333,140.81008515681347,0.5792571968635091,0.04671226012324822,0.05398706882113069
