Model,MAE,RMSE,R2,MAE / Mean,RMSE / Mean
M18,78.79510416666669,85.29488260037694,0.6239116801503231,0.036090738196114365,0.03906784958221777
M24,77.54749166666663,107.3116381526991,-0.2763804082160397,0.03295452581627593,0.045603075920121444
M36,118.76490833333332,135.10810764160922,0.1372227289505279,0.05444445548053138,0.06193653878725627
ALL_MODELS,98.46810312499998,117.57912886841486,0.4031614951474186,0.04425926416675639,0.052849253310771206
