Model,MAE,RMSE,R2,MAE / Mean,RMSE / Mean
M36,150.84682291666667,187.49705472852935,0.8714640851953482,0.04080203484768227,0.0507154291548953
M48,492.58461874999995,502.624051034673,-7.581803084136517,0.12077160873451664,0.12323307087045998
ALL_MODELS,321.7157208333333,379.3323623225276,0.2341089802228281,0.08274913847382198,0.09756882907717873
