Model,MAE,RMSE,R2,MAE / Mean,RMSE / Mean
M18,180.01728333333335,187.073973317785,-1.5606904232136873,0.08659534193858735,0.08998988534488174
M24,73.05535833333336,105.4469436350141,0.4337145574713476,0.02877800282309688,0.04153771209730391
M36,101.78423333333335,118.40083419299849,0.2778841805333828,0.04524539687537623,0.05263185228201191
ALL_MODELS,114.16027708333336,136.15546673753593,0.5910077098992295,0.05008883312995033,0.059739417487298614
