Model,MAE,RMSE,R2,MAE / Mean,RMSE / Mean
M24,76.12409583333334,89.82647572148716,0.826076963293424,0.020054206274285967,0.023663974636294393
M36,329.0122354166667,366.22813072659403,0.16753105005155167,0.07383612515019614,0.0821880258027674
M48,194.05199583333345,211.58074866931725,-0.3317035040048799,0.04657294472944732,0.050779887479510934
ALL_MODELS,232.05014062500004,283.32017948736114,0.5388741897937267,0.055006107588373,0.06715936578562
