Model,MAE,RMSE,R2,MAE / Mean,RMSE / Mean
M12,266.19690416666674,297.2635661938739,-2.2898221356243234,0.048827043655039606,0.054525431725206915
M18,286.7693333333333,304.6469525673721,-0.11237809384893849,0.047654902612464765,0.05062577886913394
M24,217.06333333333328,225.085371635216,0.8744314083998429,0.04172589726954529,0.04326796677035173
M36,164.2592958333333,202.49906775607522,0.13246488937654477,0.028843987151908917,0.035558903859884146
ALL_MODELS,233.57221666666666,261.17268734552295,0.7048400001117652,0.04177210688683885,0.04670818116732404
