Model,MAE,RMSE,R2,MAE / Mean,RMSE / Mean
M12,142.59153333333336,184.75890390326026,0.11148882957506578,0.017939238648396468,0.02324425575667701
M18,130.4202291666667,179.57459723552807,0.6320126746981889,0.014396757828310708,0.019822783666577776
M24,157.72880416666658,206.9536821765912,0.1734654486744437,0.019072791168705524,0.025025133377527705
M36,212.43317499999978,296.78741933540977,0.37744201409141676,0.025071778000708107,0.03502743058366691
ALL_MODELS,160.7934354166666,222.08978330061595,0.7974436945783319,0.019056764484389074,0.026321427138997214
