Model,MAE,RMSE,R2,MAE / Mean,RMSE / Mean
M18,64.54666249999998,78.17268683119921,0.6532559165175054,0.01754998810454406,0.021254851464826623
M24,71.09603750000004,82.27830126348374,0.8854960663722538,0.01585416864111499,0.018347774497780345
M36,172.27908124999996,195.5770497304254,0.3101836247002424,0.046966790860401314,0.053318292186929094
ALL_MODELS,120.05021562499998,149.48365511631022,0.8692208781465862,0.030983782526756688,0.038580264411153205
