Model,MAE,RMSE,R2,MAE / Mean,RMSE / Mean
M12,317.25129166666665,324.03043185679076,-3.76329523222726,0.08595751814764221,0.08779428944290384
M18,325.5348291666666,346.8564955541718,-1.7387612997804425,0.07382718708067959,0.07866267168087353
M24,233.9793416666666,273.5079207227172,0.2862563103061292,0.061408542839958426,0.07178293069435411
M36,366.37107916666673,396.419929480603,-4.665746347959955,0.09003589903747698,0.09742042092498948
ALL_MODELS,310.78413541666663,338.10519534047756,0.08993642744999597,0.0777953039034184,0.08463429572289079
