Model,MAE,RMSE,R2,MAE / Mean,RMSE / Mean
M24,152.10571249999998,166.23475375354855,0.5683483001511541,0.03337206757535035,0.036471986123697675
M36,209.77549374999998,253.2167363822068,0.12749454680453232,0.04031269247091417,0.048660824197270885
M48,99.37042916666655,140.21174149991114,0.5875604432699983,0.018778663779527537,0.026496707055101317
ALL_MODELS,167.7567822916666,209.48195446031437,0.7101982224621042,0.033125759461255073,0.04136493762059165
