Model,MAE,RMSE,R2,MAE / Mean,RMSE / Mean
M12,50.40489999999999,71.92485911718329,0.7545036820228717,0.023639301207644504,0.03373190719530228
M18,200.09544583333332,224.3805677089141,-0.6174588612286083,0.07259808462712965,0.08140914639698163
M24,281.5568083333333,297.94549719488407,-1.0518752657944876,0.12145230597792875,0.12852172854303207
M36,133.26024583333324,159.0079917814182,-0.4065774062644012,0.054663394749435934,0.06522512823466939
ALL_MODELS,166.32934999999998,205.8973562685225,0.4694667980521413,0.06898382763998634,0.08539435605536015
