Model,MAE,RMSE,R2,MAE / Mean,RMSE / Mean
M36,86.76553958333334,114.37726734034882,0.738253967664448,0.04621692652558455,0.06092471488394286
M48,83.05953125,97.096921257732,0.49344638339813496,0.038360619064571694,0.04484371573804867
ALL_MODELS,84.91253541666667,106.08951739445288,0.7954160432980217,0.042009046401847,0.052486001473209566
