Model,MAE,RMSE,R2,MAE / Mean,RMSE / Mean
M18,57.45490000000001,66.34779999155337,-0.27009128813036587,0.02505665067597035,0.02893493239928189
M24,39.51147083333333,48.84523386356392,0.8717171571752438,0.014910457876033836,0.018432743368117458
M36,117.89524583333332,148.53792786082025,-0.004925988161490258,0.05045580570093708,0.06357000042190297
ALL_MODELS,83.18921562499999,112.8216728528676,0.6556439553849046,0.034604049188212506,0.04693020228121726
