Model,MAE,RMSE,R2,MAE / Mean,RMSE / Mean
M18,52.92817499999993,67.11228850845173,0.812818748264593,0.007466064417538488,0.009466879770793708
M24,206.45577916666673,230.90453428714238,0.10674112519586576,0.025562266944561964,0.028589383004836086
M36,424.14830208333336,491.3370442008968,-1.6032077158435412,0.05799872516928897,0.067186222488991
ALL_MODELS,276.9201395833333,367.6428787666612,0.3482418457216211,0.037180625869749157,0.04936149587988822
