Model,MAE,RMSE,R2,MAE / Mean,RMSE / Mean
M24,67.08990833333334,75.73802718152334,0.4730897431442519,0.03883454247262554,0.04384044793682312
M36,208.11434375,239.31948368930261,-1.0512443398278193,0.1227119438370636,0.14111165291362462
M48,183.51086250000003,187.65245802141678,-6.186458086799048,0.10757842452369323,0.11000632614836353
ALL_MODELS,166.70736458333334,197.16574519262818,-1.150823699403757,0.09769917830630984,0.11554937206053616
