Model,MAE,RMSE,R2,MAE / Mean,RMSE / Mean
M36,243.9811354166667,312.5571669715008,0.760045236432956,0.04144962624496529,0.053099915815331175
M48,216.7646,274.64335036053654,0.6611430132517486,0.037786359476459565,0.047875771064751646
ALL_MODELS,230.37286770833336,294.21161816158036,0.7298862634548384,0.03964157223415202,0.05062666983963211
