Model,MAE,RMSE,R2,MAE / Mean,RMSE / Mean
M24,88.05902916666662,106.26079280376449,0.5583221548362534,0.01658284057561633,0.02001050662469083
M36,323.10277291666665,371.0012456997856,0.6702054139618003,0.054407191294250534,0.06247280257913338
M48,175.48819166666667,228.0839740967129,0.32590339903484344,0.02896741015853365,0.037649268395206915
ALL_MODELS,227.43819166666663,290.94565813422093,0.7358498909468101,0.039136585803037846,0.050064677485123
