Model,MAE,RMSE,R2,MAE / Mean,RMSE / Mean
M24,37.401416666666655,47.57342233856352,0.3826918885652928,0.01798757589724064,0.02287962920316463
M36,79.39659166666674,93.72636932462193,0.6572318745982408,0.0292620924768501,0.03454341841537687
M48,94.0164458333333,114.52694536264704,0.6141913851560138,0.03613469188392798,0.04401778695636937
ALL_MODELS,72.55276145833335,90.75918182290559,0.9095735215156043,0.028711853989323334,0.03591681866149571
