Model,MAE,RMSE,R2,MAE / Mean,RMSE / Mean
M12,92.92376250000007,106.66038173617349,0.784852455220663,0.017576034581950884,0.0201742429221919
M18,84.8456041666667,114.77207829980725,0.6992795784455987,0.014054072054662164,0.01901118006208416
M24,362.53925,373.0846727750138,-1.8181893612020543,0.06481824547811317,0.06670365733931531
M36,203.88982499999995,225.83378947093846,0.10122584410786672,0.03518956830652178,0.03897690117939063
ALL_MODELS,186.04961041666664,231.70139216015008,0.5750484163430942,0.032767832755425906,0.040808214811628614
