Model,MAE,RMSE,R2,MAE / Mean,RMSE / Mean
M18,136.2192625,167.0667364186453,0.6975396362454056,0.03117859063859007,0.03823912483832577
M24,214.1879166666666,256.9018333147622,0.5290678409749519,0.04655247047743243,0.05583608635400178
M36,192.88167291666664,241.59003324406007,-0.3407623350432689,0.038706161500031346,0.04848061872411581
ALL_MODELS,184.04263124999997,229.47839479120634,0.6457625468012339,0.0388758294735684,0.04847335034920691
