Model,MAE,RMSE,R2,MAE / Mean,RMSE / Mean
M24,238.02105000000006,277.77203069327834,-0.5228853530362942,0.03930956434376313,0.04587450359300225
M36,163.29692083333333,192.87613447384112,0.40255266359134034,0.024883261322979928,0.029390555759328935
M48,154.39082916666666,182.60867142261364,0.5274588750572543,0.024746912129084822,0.029269878075633818
ALL_MODELS,179.75143020833335,215.0032757967551,0.5752958389059563,0.028286292010694155,0.03383364146473911
