Model,MAE,RMSE,R2,MAE / Mean,RMSE / Mean
M24,160.42826250000016,173.9109893183257,0.5702747183319828,0.03475482289861355,0.03767569092684699
M36,460.26127708333325,546.861544189239,-0.33981021097195985,0.10289383592905843,0.12225378237398687
M48,319.2430791666666,358.0355799252085,-2.3843048366455526,0.07296428748285844,0.08183046928048343
ALL_MODELS,350.0484739583333,434.89930033403624,-0.29514199554100395,0.07805886472599557,0.09698012755297855
