Model,MAE,RMSE,R2,MAE / Mean,RMSE / Mean
M12,96.05089166666671,118.41636270594115,0.640736705654015,0.012717831390441308,0.01567918119896164
M18,151.64964166666667,184.1799406995982,0.7484141398583014,0.019365606227486287,0.0235197140421215
M24,155.19051250000007,201.93699814671058,0.6545573757945962,0.019383771448199062,0.02522255101780938
M36,573.3267,589.8778746188506,-6.107898297153636,0.07114117136121106,0.07319492177923446
ALL_MODELS,244.05443645833338,330.40851369856136,0.12182089274628916,0.03104174928620167,0.04202528908343907
