Model,MAE,RMSE,R2,MAE / Mean,RMSE / Mean
M12,59.82095416666664,72.91547292884466,-0.4930174355257433,0.028435391166567625,0.034659761344667694
M18,75.84470416666663,85.81935209112946,0.7272095569135288,0.03074058330800147,0.034783403421270426
M24,36.275787500000014,45.21705882308599,0.674528527307911,0.017265277832864002,0.021520830757031366
M36,83.16110833333329,97.12246395497709,0.08651730161951487,0.03656169924343731,0.04269979547013959
ALL_MODELS,63.77563854166664,77.7158008372084,0.8247069869719621,0.028513831100182085,0.03474642151077458
