Model,MAE,RMSE,R2,MAE / Mean,RMSE / Mean
M24,71.66405833333334,77.77034936007641,-0.5187971313676718,0.030012693039244774,0.03256998943657553
M36,97.30908958333328,121.47442874155735,0.8072686103468675,0.03766256753051974,0.04701553467718196
M48,146.2542083333333,153.15756137077156,-0.9414493838145219,0.05818747098998739,0.060933981050635196
ALL_MODELS,103.1341114583333,121.46762893957116,0.6970304219276096,0.0409721318937798,0.048255496104675916
