Model,MAE,RMSE,R2,MAE / Mean,RMSE / Mean
M24,86.46843750000009,109.83776138054526,0.932487593218984,0.01322526527100661,0.01679958113075924
M36,214.20790208333338,273.1305027828796,0.6626957368773916,0.026117739116740084,0.033301998418957174
M48,162.64712500000007,221.3558487840507,0.8413247800309335,0.019901251625073297,0.027084760614939033
ALL_MODELS,169.38284166666674,229.27237552573484,0.9294850811803381,0.021775713570221428,0.029475060932308984
