Model,MAE,RMSE,R2,MAE / Mean,RMSE / Mean
M24,61.251891666666666,66.69678009749298,0.3506660728728572,0.02884930920794411,0.03141382216696428
M36,111.20873749999997,127.65278784497812,0.7266211821008373,0.045280430578175886,0.05197589081635917
M48,70.47115000000001,88.77218138840475,0.33633148502128885,0.028317303731980516,0.03567117640801838
ALL_MODELS,88.53512916666665,105.97102098335559,0.8023344820670186,0.03718482397154494,0.04450791226534485
