Model,MAE,RMSE,R2,MAE / Mean,RMSE / Mean
M18,220.37946666666676,244.10684674995815,0.1533639144783301,0.047742518775274426,0.05288276576038955
M24,165.5862083333333,194.27150458594238,0.01379474877832998,0.034297060549571934,0.04023850550661607
M36,575.4284354166666,625.4562655189693,-2.443059055832306,0.13549588369765708,0.1472759151176883
ALL_MODELS,384.20563645833334,468.9671231222303,-0.5059992760545315,0.08567572217679742,0.10457706274444396
