Model,MAE,RMSE,R2,MAE / Mean,RMSE / Mean
M12,77.55659583333329,86.95808557786377,0.7655271896669875,0.019279297129895272,0.021616353215208453
M18,98.2058500000001,112.48068959635184,0.5265785185477139,0.021875171933732444,0.0250548661219773
M24,49.16146666666674,61.086425094887886,0.8747955329764074,0.011506262799633338,0.014297304541332424
M36,87.48676666666665,121.31215482730214,0.4879926158708965,0.019360833563854308,0.026846396642279863
ALL_MODELS,78.1026697916667,98.3130261195771,0.8599988297478477,0.01805476806233807,0.02272673762408232
