Model,MAE,RMSE,R2,MAE / Mean,RMSE / Mean
M18,170.07737083333336,223.6411768564947,0.5074405491204947,0.03305575540150951,0.04346626481613709
M24,412.61381249999994,438.09208946609465,-2.997653632484092,0.07804616457681485,0.08286539683949994
M36,499.6818666666666,541.36635357138,-3.0528845594011305,0.09574054399284682,0.10372741667834744
ALL_MODELS,395.5137291666667,454.9986572499065,-1.7220586060686975,0.07580446210207932,0.08720538865406435
