Model,MAE,RMSE,R2,MAE / Mean,RMSE / Mean
M18,31.058520833333358,35.841018786225774,0.9798554211835832,0.006683503842050054,0.007712652770753961
M24,90.17467083333334,118.74260326555257,0.8153508759485857,0.018767166444093722,0.024712728961421994
M36,108.45481875000002,126.78851200222903,0.8054438715692193,0.022369313171939055,0.026150723077779468
ALL_MODELS,84.53570729166668,109.01265753273076,0.8571759007356528,0.017658780074374037,0.02277180384913289
