Model,MAE,RMSE,R2,MAE / Mean,RMSE / Mean
M18,103.39989583333325,123.821947127224,0.2154019240778332,0.02072419077365044,0.02481733306932603
M24,325.3873125,385.64674603263927,0.25290202401872985,0.05580659234644657,0.06614157933885978
M36,386.22834791666673,451.4117834627024,-0.9143966921962658,0.07799572850579743,0.09115900243260064
ALL_MODELS,300.31097604166666,378.02132341109257,0.42564300320552495,0.05796448466034409,0.07296373742631734
