Model,MAE,RMSE,R2,MAE / Mean,RMSE / Mean
M18,150.26922083333338,161.88442210140877,-6.675085501217838,0.05656573082171371,0.06093803237972004
M24,130.2590375,141.89738428106685,0.17300410311062875,0.04228445890197882,0.04606247849736389
M36,83.31078541666669,100.12324735585993,0.2318721408537403,0.03061630223406374,0.03679479897316732
ALL_MODELS,111.78745729166668,128.8320254314521,0.598805469141806,0.03999789753414038,0.046096496665794774
