Model,MAE,RMSE,R2,MAE / Mean,RMSE / Mean
M24,134.0520958333333,162.91499081680223,0.49014746583876323,0.05539724326744265,0.06732488083895677
M36,107.3142645833333,126.52912808086504,0.1916370096337412,0.04247721721490594,0.05008285970529098
M48,37.28455416666668,47.17726844927987,0.4126935496618861,0.014845778515138951,0.01878481033235532
ALL_MODELS,96.49129479166665,123.27431747629154,0.4118101940371499,0.038658048644091836,0.04938833675985939
