Model,MAE,RMSE,R2,MAE / Mean,RMSE / Mean
M18,71.67979999999996,86.93006072080777,0.8261261935396674,0.01554834196469726,0.01885633485443622
M24,130.95715416666675,154.70664325971518,0.1311714324090032,0.026441301129002424,0.03123651370646917
M36,187.63560416666664,223.23992296221715,0.5680920892417887,0.038034886569029876,0.04525210012916782
ALL_MODELS,144.47704062499997,181.08223776365077,0.6580053901923308,0.029744042847492515,0.03728009527092884
