Model,MAE,RMSE,R2,MAE / Mean,RMSE / Mean
M24,65.79649583333328,79.25631397738651,0.6675023907901402,0.027883809506992492,0.03358792794634264
M36,144.45512291666668,164.2716455651716,-0.9621369096447832,0.0591766454443041,0.06729456685153652
M48,87.58776666666665,103.48171691333528,-1.185141808760311,0.03546362547448334,0.041898965937073755
ALL_MODELS,110.5736270833333,133.1919443078226,-0.2222569520657709,0.04554279107083863,0.05485876742885876
