Model,MAE,RMSE,R2,MAE / Mean,RMSE / Mean
M36,225.4930479166668,274.1494802056996,0.9438000591617296,0.025899948791944558,0.03148858718380481
M48,151.69301041666677,191.47249744922314,0.7961151806507053,0.015749540357677443,0.01987964915244705
ALL_MODELS,188.59302916666675,236.45259014916505,0.9425153856369239,0.020568666206932602,0.025788410218729484
