Model,MAE,RMSE,R2,MAE / Mean,RMSE / Mean
M12,136.52722916666676,149.8392924770361,0.27699943353368783,0.02104168646690899,0.023093352380838074
M18,139.02840416666663,156.44892378304732,0.6731627722295992,0.019080054094854696,0.021470820633774035
M24,115.14412083333336,131.2706154627547,0.8112276107710352,0.016533302820904008,0.018848872362954995
M36,276.1801125,520.8938077408202,-0.04470571521021749,0.04198861459521095,0.07919328129849033
ALL_MODELS,166.7199666666667,289.60767114736166,0.6116576198008694,0.02441274364899597,0.042407145201984
