Model,MAE,RMSE,R2,MAE / Mean,RMSE / Mean
M36,100.91043333333334,127.23801315487938,0.8649946933009334,0.02211331628926224,0.027882690976233613
M48,62.76149375,80.90354866117202,0.8405257608925433,0.012972555495747658,0.016722447349494057
ALL_MODELS,81.83596354166667,106.61823525450956,0.8855747342940696,0.017409399133546808,0.022681463407161907
