Model,MAE,RMSE,R2,MAE / Mean,RMSE / Mean
M12,81.96071249999996,93.667366292631,0.6771467999243082,0.020447791557084784,0.023368400825612992
M18,220.22735416666663,272.88875206437217,-0.04750346936465455,0.04491571276821754,0.05565608710044557
M24,290.3648208333333,337.03867533970595,-0.16951612438281405,0.06310449597942625,0.07324804593010127
M36,311.6565208333333,349.54868857436065,-1.110007450399531,0.06503740207117827,0.07294485140717223
ALL_MODELS,226.0523520833333,282.40980899671644,0.5629166986100528,0.04939764086198223,0.06171304209910651
