Model,MAE,RMSE,R2,MAE / Mean,RMSE / Mean
M24,180.53680416666668,194.5389417273238,0.233804839758173,0.027475306434328255,0.029606246006403072
M36,133.59377708333332,167.4472866721214,0.7368513396052743,0.017964956225749062,0.022517389962772492
M48,131.87872916666672,161.84728135069315,0.5464909244772068,0.01860394698171987,0.022831568520640895
ALL_MODELS,144.900771875,173.28959140461146,0.8539155518649135,0.020313904254822015,0.024293784792169558
