Model,MAE,RMSE,R2,MAE / Mean,RMSE / Mean
M18,409.45221250000003,439.1466138035817,-1.9193082824623366,0.09709561595921272,0.1041372098182551
M24,399.0486666666665,415.8223542108585,-0.4609267822229297,0.07737187452032215,0.08062413860819193
M36,693.6582729166666,701.7365434527819,-11.293916658842182,0.14632211426060207,0.1480261660546409
ALL_MODELS,548.9543562499999,581.0822513876003,-0.9031444830657911,0.11645320778982583,0.12326870420717248
