Model,MAE,RMSE,R2,MAE / Mean,RMSE / Mean
M36,81.67143541666674,98.71146845941445,0.9420371185841651,0.01579062888952443,0.019085205955184197
M48,259.5071479166667,300.1212934038048,-0.59569749364601,0.0472353629772324,0.05462792969262453
ALL_MODELS,170.5892916666667,223.40181821080455,0.6387669726623326,0.03198730396838884,0.041890213602405676
