Model,MAE,RMSE,R2,MAE / Mean,RMSE / Mean
M18,391.8205625,409.3670304864394,-5.370583212990654,0.06372577169382983,0.06657953262409477
M24,316.4105875,351.5162483605007,0.013926205684958948,0.04138543089306833,0.04597713217897345
M36,230.75674791666665,286.76171930414887,0.05335899049802706,0.03137040092669691,0.03898403919372595
ALL_MODELS,292.43616145833334,337.4942984063841,0.7249224538629299,0.04103539271316606,0.04735806613141336
