Model,MAE,RMSE,R2,MAE / Mean,RMSE / Mean
M24,67.72461666666668,77.2181535980152,0.38969603541719355,0.041916362792376934,0.047792136739623105
M36,85.16494166666666,99.80859197682038,0.5404309836018402,0.048730074264802296,0.05710894652323163
M48,37.621241666666634,53.92547047616583,0.36151920079695443,0.019815428170126832,0.028403004245006802
ALL_MODELS,68.91893541666666,84.84413603183388,0.7055083454000783,0.03932793879880165,0.048415503941319445
