Model,MAE,RMSE,R2,MAE / Mean,RMSE / Mean
M18,46.34167916666661,58.763155250367085,0.872611856516085,0.009394932549436985,0.011913160893108048
M24,149.17986666666664,169.76411638334872,0.40573840169043385,0.025998582549087948,0.029585938721392247
M36,155.51295416666662,199.32017977078985,0.2605440516218738,0.028195622185960768,0.036138188699263864
ALL_MODELS,126.63686354166661,167.13021252463443,0.7930309406310263,0.023341452732994254,0.03080510561299155
