Model,MAE,RMSE,R2,MAE / Mean,RMSE / Mean
M36,588.0645916666667,618.4445305665433,-6.524180062169754,0.06844277397501086,0.0719785884432921
M48,231.27798124999995,276.09534849716357,0.6467753955986788,0.028549899958851967,0.03408233907999139
ALL_MODELS,409.6712864583333,478.90619063102656,-0.18437899235362742,0.04908330951664818,0.057378443550186085
