Model,MAE,RMSE,R2,MAE / Mean,RMSE / Mean
M18,150.92282916666667,210.98510334778675,-0.014278280158229295,0.039491794502774784,0.0552082172761029
M24,225.30872499999998,264.22898386480523,0.06305554760980159,0.05327182038500186,0.06247409623820587
M36,240.78167083333338,340.01801737403326,-0.3600202520776452,0.058414977862240466,0.08249026966598061
ALL_MODELS,214.44872395833332,293.9201311695239,0.09269099234635625,0.052642005282847106,0.07215032485232907
