Model,MAE,RMSE,R2,MAE / Mean,RMSE / Mean
M12,185.36688750000008,203.6507012017258,-2.775639289545703,0.03155785363154648,0.03467058818952153
M18,211.5976416666666,249.78603102863013,-1.246322190736016,0.03206692934765449,0.03785425464072138
M24,448.03760416666665,542.2620083364618,-4.154098055865625,0.07330907969102599,0.08872632210524399
M36,177.92549166666663,275.1724521575909,0.3202652934192911,0.029385696000440414,0.04544674262835601
ALL_MODELS,255.73190624999998,344.1055919004024,0.04290523719618311,0.041516674981186635,0.05586365904679857
