Model,MAE,RMSE,R2,MAE / Mean,RMSE / Mean
M12,93.8950625,127.2464004498441,0.33713388639955433,0.020315544877573834,0.027531585687464017
M18,160.95610416666668,198.67331444265588,-0.6780409416621984,0.03126550144472413,0.038592017568361274
M24,112.62765833333344,134.73224633434404,0.6050479880461348,0.025013777148515243,0.02992304407636524
M36,109.89076666666672,167.65075623976466,-0.48137066724965294,0.023658285939826704,0.036093382997132634
ALL_MODELS,119.34239791666671,159.62635008758411,0.715523435981248,0.025234396433621582,0.03375225125084925
