Model,MAE,RMSE,R2,MAE / Mean,RMSE / Mean
M18,207.63687083333343,215.41758933897344,0.7425453322723055,0.026112371096206257,0.027090872689872994
M24,113.51199999999994,129.95212374779607,0.9600529674590597,0.011588868375602987,0.01326730263974981
M36,171.03122916666666,204.78086900895428,0.6327966414689085,0.01717317516034156,0.020561962573225376
ALL_MODELS,165.80283229166668,191.80895500947165,0.9603270493749101,0.017608159542457633,0.020369993894540996
