Model,MAE,RMSE,R2,MAE / Mean,RMSE / Mean
M36,230.12876041666678,281.24108544581736,0.09601634799279946,0.06327723580495856,0.07733130987007489
M48,444.3942354166666,526.2235683960884,-1.4609250300490455,0.11938459596807592,0.14136769358167522
ALL_MODELS,337.26149791666677,421.90507941849563,-0.7478806942666376,0.09165700511264235,0.11466045267599997
