Model,MAE,RMSE,R2,MAE / Mean,RMSE / Mean
M18,107.8582875,118.97654782774943,-0.010007303028408465,0.043442343128534754,0.047920471711379774
M24,103.39334166666667,122.1521866688879,0.606771637669187,0.03361018827035081,0.03970814682450643
M36,212.52234999999996,252.14126520129793,-0.815442059241577,0.07010853859687705,0.08317833688188847
ALL_MODELS,159.07408229166666,197.6278136267907,0.5678423144381476,0.05475067097852079,0.06802022833767234
