Model,MAE,RMSE,R2,MAE / Mean,RMSE / Mean
M12,116.46931250000002,124.46161018077858,-0.2942735220437558,0.05286450374461004,0.05649214472234447
M18,91.3835666666667,102.29733302549567,-0.4464225833441282,0.03859442870466505,0.0432036882575518
M24,75.35834999999999,90.01636991565753,0.1351879216392553,0.03242265246853823,0.03872921153733787
M36,276.8818333333333,288.3004443259612,-8.495532177953502,0.11405069939071481,0.11875415195783179
ALL_MODELS,140.02326562500002,171.15455720215311,-0.8189533214355522,0.060077021229050294,0.07343391057611932
