Model,MAE,RMSE,R2,MAE / Mean,RMSE / Mean
M12,163.1295375,205.19689986756723,0.7839443202247642,0.020753623964335503,0.026105507094316967
M18,173.0086666666666,205.18436055675218,0.8758121831088762,0.017614029431602698,0.02088984000272364
M24,143.53041666666664,177.03793133911535,0.59739773411248,0.014833843623100406,0.01829683944233626
M36,401.81947916666655,445.47602277195415,0.13764375337225387,0.03976737305259337,0.04408798503322405
ALL_MODELS,220.37202499999998,280.1774908561962,0.9206712691282563,0.02352980070136569,0.02991541472133319
