Model,MAE,RMSE,R2,MAE / Mean,RMSE / Mean
M24,76.12844166666662,103.02175685337049,0.5822423045171388,0.010485289121502185,0.014189347407667583
M36,292.89827916666667,334.0548391763663,0.4775438311187483,0.036167816340338395,0.041249931905735455
M48,101.49586666666671,129.59898442200787,0.8032897814463396,0.012854154287794923,0.01641333185294264
ALL_MODELS,190.85521666666668,250.29714855680373,0.7519760656743684,0.0243491480104296,0.03193269968324907
