Model,MAE,RMSE,R2,MAE / Mean,RMSE / Mean
M12,117.82435416666665,134.94449629993719,0.5627252107535136,0.020991333363026304,0.024041421040430642
M18,158.47226666666666,192.9112588953921,0.26063033242417644,0.023952127666274112,0.02915737370655027
M24,93.1985375,114.32297364818201,0.5202355503748877,0.014512855965689742,0.017802348562877494
M36,227.72379999999987,254.24208844232976,0.33758236393910757,0.03482059659271905,0.038875432425336164
ALL_MODELS,149.30473958333332,182.43735413117096,0.8453965424589298,0.023707710451187757,0.028968751958530707
