Model,MAE,RMSE,R2,MAE / Mean,RMSE / Mean
M18,80.34181249999996,89.44141014240594,0.6349157577047703,0.024540281012561557,0.027319738885084478
M24,168.69068333333334,207.6092418181149,0.20293092725173034,0.04374616573200644,0.05383882571703845
M36,124.26307916666669,146.57160257278693,0.38838561083775536,0.038023713232950423,0.04484997975019299
ALL_MODELS,124.38966354166666,153.35239849613097,0.7671184306459774,0.03640828480483923,0.044885544674554925
