Model,MAE,RMSE,R2,MAE / Mean,RMSE / Mean
M36,127.00868125,164.7248980499324,0.30963733272806293,0.05150784224266849,0.06680349704202261
M48,73.58463750000001,100.55155710388286,0.040993469066982535,0.029128251098887514,0.039803022794072
ALL_MODELS,100.29665937499999,136.46411190048477,0.2792092802942434,0.04018262108856596,0.05467266541931965
