Model,MAE,RMSE,R2,MAE / Mean,RMSE / Mean
M12,176.97990833333327,186.47955725910677,0.29335895614243457,0.03589188791806796,0.037818436178352254
M18,164.84024999999997,212.2114022363804,0.5053748777640443,0.028501610172544208,0.03669229245108699
M24,126.74216666666662,152.57013468882647,0.5406985396986183,0.023164944292557353,0.02788557875982846
M36,225.50425833333324,310.00801555927137,0.3267829455058414,0.03976562968405583,0.05466710046599936
ALL_MODELS,173.51664583333329,223.15405005547592,0.7388723117489406,0.031755493196176585,0.04083969514396061
