Model,MAE,RMSE,R2,MAE / Mean,RMSE / Mean
M24,41.188795833333266,48.00941864550722,0.9431369783583874,0.009385442340922454,0.010939616500125073
M36,101.31696250000003,126.86332147564033,0.7676341409696351,0.020672448576201596,0.025884860981805542
M48,115.49213333333326,139.62609769568203,0.5265949674951655,0.023081884649334628,0.02790522079756482
ALL_MODELS,89.82871354166666,116.17761844269646,0.8803887304945576,0.018719880910774252,0.024210868618705778
