Model,MAE,RMSE,R2,MAE / Mean,RMSE / Mean
M36,209.6211104166667,249.9127801690059,0.9558702452343383,0.02656437082036376,0.031670358734201626
M48,286.29134374999995,358.97811297783903,0.3152602245216982,0.0293172342949306,0.03676061353120592
ALL_MODELS,247.9562270833333,309.290868996267,0.9430565386120026,0.02808691134565577,0.035034511210720445
