Model,MAE,RMSE,R2,MAE / Mean,RMSE / Mean
M24,593.6488583333334,603.0649577773981,-11.963488654266454,0.13511724105229217,0.1372603890774193
M36,354.7524416666667,425.10686237549487,0.43755199571201975,0.06914241420195229,0.08285472150767331
M48,350.4960583333334,386.4719120205008,-2.1967327423807914,0.07754409056130682,0.0855034235980422
ALL_MODELS,413.41245000000004,467.5680621463876,0.2586740452941153,0.0862396978711476,0.09753680232344825
