Model,MAE,RMSE,R2,MAE / Mean,RMSE / Mean
M24,83.10137916666679,93.56596259476306,0.7204439202498715,0.01812445452149656,0.02040678567328826
M36,134.29607708333336,165.0163793235633,0.7199254672726978,0.02663481708274455,0.03272754628724264
M48,108.55290833333333,126.56962470258547,0.5517206421606382,0.020910745645717956,0.024381338733943745
ALL_MODELS,115.06161041666671,140.7438010568798,0.831039508746221,0.023173911839430367,0.028346417417829027
