Model,MAE,RMSE,R2,MAE / Mean,RMSE / Mean
M18,88.35633750000001,106.44767140489148,0.7922226634567648,0.03153612474346391,0.037993279701933245
M24,98.21082916666667,116.67363281557198,0.4034425109846246,0.033318630818596894,0.03958225107181951
M36,143.48957916666674,165.25119028207865,0.48867834507339436,0.051594077636448105,0.05941882881282886
ALL_MODELS,118.38658125000005,141.03169424033223,0.6091593408023475,0.041863686693998446,0.04987141785210603
