Model,MAE,RMSE,R2,MAE / Mean,RMSE / Mean
M36,114.22916666666663,147.37651716968142,0.543662521948946,0.0400599108643238,0.05168461185171848
M48,218.80798333333337,246.23056024463722,-0.015140329209920145,0.07367892359065017,0.0829128917399233
ALL_MODELS,166.51857499999997,202.915409236772,0.2796449172682788,0.05721100000715773,0.06971590694490017
