Model,MAE,RMSE,R2,MAE / Mean,RMSE / Mean
M12,83.75324999999991,103.35457112411612,0.9498036928202832,0.00916437794069372,0.011309177275863455
M18,188.6354791666666,232.11509618957092,0.8783321784778138,0.019060185497044503,0.023453471264165734
M24,146.28975000000014,176.18806014336892,0.8758648337548354,0.014615151502537197,0.017602157307217148
M36,176.54916666666682,214.0753700109692,0.6317594391874952,0.01641274538665346,0.01990133744543492
ALL_MODELS,148.80691145833336,188.0359552278237,0.9396941570377949,0.014954670029133707,0.018897077000569563
