Model,MAE,RMSE,R2,MAE / Mean,RMSE / Mean
M18,145.56574999999995,149.91522212646825,0.041643678343153634,0.07276468382904272,0.07493887634414809
M24,149.78656249999997,174.02646632001242,-0.20323977803345605,0.0597552775930851,0.06942545198936666
M36,145.61024375000005,170.64483882308815,0.2376618313174973,0.061920086643750684,0.07256593309036669
ALL_MODELS,146.6432,166.58264228227247,0.5775050003887628,0.06368638123846404,0.07234597761164162
