Model,MAE,RMSE,R2,MAE / Mean,RMSE / Mean
M36,140.29766875,158.24170748407127,0.6786884471938575,0.058639592657738465,0.06613958272439893
M48,254.00317916666663,261.8694894929891,-2.1165253819135526,0.1135230879532207,0.11703882284272962
ALL_MODELS,197.15042395833333,216.35164375940516,0.16385296238838787,0.08516217017638589,0.09345643358937589
