Model,MAE,RMSE,R2,MAE / Mean,RMSE / Mean
M12,81.91973333333333,89.80467112730459,0.6937666957964473,0.031322366136150005,0.0343372063766399
M18,49.463525000000025,62.353522117713354,0.8570693902760724,0.015907654168788365,0.020053125329310435
M24,113.52302916666666,126.0209863041486,0.778769074362015,0.04229818049151569,0.04695486425565594
M36,197.40036250000003,249.5456285815908,-2.1433039626820176,0.07505955036598119,0.0948872759903384
ALL_MODELS,110.5766625,150.08926544728237,0.7101353663997962,0.04006914987581438,0.05438714766742074
