Model,MAE,RMSE,R2,MAE / Mean,RMSE / Mean
M36,132.35573541666665,174.02725910811773,0.6594377188766749,0.021276847929107036,0.02797575424975854
M48,239.64475625,277.96256629392974,-0.13808855746651072,0.037884505915055065,0.04394201922758018
ALL_MODELS,186.00024583333334,231.89294423654985,0.337473536788387,0.029650185396439526,0.036965912372507834
