Model,MAE,RMSE,R2,MAE / Mean,RMSE / Mean
M24,193.88985833333348,228.3868374093577,0.6387782708601837,0.02372285488516736,0.02794363690869254
M36,679.7567708333335,758.6001998402842,-0.30294429375078313,0.06985566774142443,0.07795806644729114
M48,183.3889999999999,217.3515689786939,0.8297237613056847,0.01905703250835656,0.02258628334179954
ALL_MODELS,434.19810000000007,559.0954253154792,0.5900401321899214,0.04661523586071464,0.06002413442096506
