Model,MAE,RMSE,R2,MAE / Mean,RMSE / Mean
M12,259.8379125,287.7586073529115,-2.2060871739864667,0.05634258416002602,0.062396835767964766
M18,204.81314999999995,227.8591493944084,0.47395604756892906,0.03636086014187754,0.040452259355306365
M24,350.1534666666668,366.10213586669033,-3.0168463267736483,0.0616336254758011,0.06444089256833983
M36,120.61732083333327,140.76664714802672,0.7175396954292868,0.021794864516906202,0.025435733291818623
ALL_MODELS,233.85546250000002,268.593945810344,0.7102011827069119,0.04358917363539461,0.050064206395618635
