Model,MAE,RMSE,R2,MAE / Mean,RMSE / Mean
M12,60.034249999999986,76.72495476059814,0.7239898911949035,0.01925151652815264,0.024603817565729876
M18,225.33489999999992,248.99110690143627,-0.4966567527239121,0.05805667786711896,0.06415160938298538
M24,590.9553666666667,602.0511496002728,-8.03843200349267,0.15765992063050946,0.1606201446259579
M36,217.71476666666672,251.10004978448003,-2.316901553334954,0.0615549607709163,0.07099405313982896
ALL_MODELS,273.5098208333333,351.2122263446265,-0.08304036758992184,0.07658702594228178,0.09834491430087723
