Model,MAE,RMSE,R2,MAE / Mean,RMSE / Mean
M18,117.1561833333334,126.19820270044137,0.7018447329575563,0.028881693612999998,0.031110759340248918
M24,94.2183583333334,110.28427239005649,0.8774075062538682,0.019686414250019605,0.02304329973412984
M36,353.54237916666676,416.08571452902544,-0.7339965035110148,0.07223596552091095,0.08501485281427358
ALL_MODELS,229.6148250000001,305.91798360495466,0.5555364577322977,0.04929759047461435,0.06567964187232612
