Model,MAE,RMSE,R2,MAE / Mean,RMSE / Mean
M36,480.88559583333335,494.6894061514023,-2.266033513102658,0.10107062177073299,0.10397185171760798
M48,438.1391375,518.1978483859233,-1.5881824067255392,0.08675485675391374,0.10260708587556182
ALL_MODELS,459.51236666666665,506.58001274735835,-1.3178970467101232,0.09369935364649158,0.10329693650898247
