Model,MAE,RMSE,R2,MAE / Mean,RMSE / Mean
M24,388.37385416666666,402.43208897686446,-5.164633368403336,0.0920871822483921,0.09542052515283443
M36,284.5027062500001,340.0240510339695,0.5423412920073891,0.058593905107609943,0.07002863784038091
M48,260.9591499999999,290.58706854250806,-0.9935288857919058,0.059747954666870155,0.06653142071491445
ALL_MODELS,304.5846041666667,345.5521455603749,0.47051725000648525,0.06658997009840427,0.0755465204922627
