Model,MAE,RMSE,R2,MAE / Mean,RMSE / Mean
M24,133.07472083333337,152.44573673480647,-0.41373277351843973,0.029857743977114447,0.034203985169588336
M36,698.06673125,733.288390665701,-1.6744830935338162,0.13420005166592572,0.14097125032322702
M48,296.3538458333333,377.2860283293935,-1.9595426378670706,0.06151876746096959,0.07831911672279067
ALL_MODELS,456.39050729166667,557.0027328459379,-0.4595090122346108,0.09277349421826397,0.11322560173718889
