Model,MAE,RMSE,R2,MAE / Mean,RMSE / Mean
M12,178.4261916666667,204.02176174092926,-0.1560344055270413,0.025625361889545152,0.029301367860392332
M18,180.0971000000001,216.38778143344888,0.7507640244371381,0.021707599590188646,0.02608181539606447
M24,151.4195083333332,171.73206060796173,0.31184597056959995,0.018869160353699236,0.021400411513352414
M36,211.72412500000007,257.6837918072313,0.37058432520207174,0.025871811451788653,0.03148789244408801
ALL_MODELS,180.41673125000003,214.67498015510085,0.8770432220868047,0.022933601421564996,0.02728832517887366
