Model,MAE,RMSE,R2,MAE / Mean,RMSE / Mean
M24,93.34039583333335,117.89726943089588,0.5164593278696648,0.031352089514639206,0.039600493566891076
M36,147.45791041666664,170.7442491999541,0.52889507646158,0.04077459098555199,0.0472136551005703
M48,102.15265833333336,124.58379571032035,0.4129847998415008,0.029596598097445564,0.03609555141541948
ALL_MODELS,122.60221874999998,148.09463660322422,0.8063912766492598,0.03589714709219338,0.04336116432404179
