Model,MAE,RMSE,R2,MAE / Mean,RMSE / Mean
M36,299.5465520833333,335.07196212579686,-0.17281341269793749,0.0436300352906548,0.048804439346009997
M48,103.51671458333334,120.55303702248389,0.6683248877979415,0.014931955475819127,0.017389390578517523
ALL_MODELS,201.53163333333336,251.79977614979708,0.1056668547320384,0.029211363828527948,0.036497569892106015
