Model,MAE,RMSE,R2,MAE / Mean,RMSE / Mean
M36,121.06358125000001,148.33700800916347,0.899813429492501,0.02666305060015417,0.032669751791468665
M48,179.9782416666666,209.17092850346995,0.4624597277120608,0.0354244294091114,0.0411703143812956
ALL_MODELS,150.5209114583333,181.32339241823485,0.8528579661455057,0.031289669650551945,0.0376927630434559
