Model,MAE,RMSE,R2,MAE / Mean,RMSE / Mean
M36,122.75877916666668,154.85244083133625,0.7259886171040203,0.019107168242603476,0.024102485050988172
M48,337.76134583333334,390.3925056295656,-1.0075259478579999,0.050590687282542554,0.05847390594985146
ALL_MODELS,230.2600625,296.9727149782897,0.09583774948133272,0.03515124520356904,0.045335524578742264
