Model,MAE,RMSE,R2,MAE / Mean,RMSE / Mean
M36,235.52673958333335,272.3752198749943,0.798185764529172,0.040572353711712035,0.046919953898328426
M48,144.48117500000004,176.10950243351436,0.8332249071734563,0.025872398433128153,0.031536116831966755
ALL_MODELS,190.0039572916667,229.34996975074085,0.8179673310697705,0.033364819323388736,0.04027400487670661
