Model,MAE,RMSE,R2,MAE / Mean,RMSE / Mean
M24,120.30130000000001,148.3876484881548,0.580109060983232,0.016934701921497784,0.02088839103134291
M36,263.7057874999999,330.7458345578009,0.274060787552173,0.030876035593890093,0.03872543055331142
M48,143.13302500000017,168.05772896433055,0.7458161970348938,0.01717974254335956,0.0201713651760584
ALL_MODELS,197.71147499999998,259.34914143060365,0.8581011327726056,0.024321060576161634,0.031903288259364934
