Model,MAE,RMSE,R2,MAE / Mean,RMSE / Mean
M24,150.51245416666666,178.2340066997188,0.41037703488221466,0.029065108663292646,0.03441835295891837
M36,349.04945625000005,374.3683321571832,-1.0994339389518113,0.056733139080113376,0.0608483705536887
M48,343.61831666666666,388.34801472777394,-0.6610528200376926,0.05508947688361312,0.06226061866456406
ALL_MODELS,298.05742083333337,340.1782025393239,0.5534261672262544,0.05026078014969235,0.05736351674030977
