Model,MAE,RMSE,R2,MAE / Mean,RMSE / Mean
M12,37.425333333333334,42.3107713689631,0.7885831697209309,0.019842007599187063,0.022432148821576268
M18,141.16807083333333,149.5083250377146,-2.2882228112973753,0.06938284491409145,0.07348200530206529
M24,103.4668333333333,122.11154662036125,0.35043752736405365,0.057556183942147204,0.06792780268145443
M36,54.92510416666669,69.070009288508,0.06208968092729428,0.02776273667361683,0.034912496007333295
ALL_MODELS,84.24633541666667,104.67191198042437,0.4225488016800464,0.04378233580909898,0.05439739043178331
