Model,MAE,RMSE,R2,MAE / Mean,RMSE / Mean
M18,58.827608333333295,76.36638509132031,0.950678512260272,0.01739603992114341,0.022582469716506747
M24,270.11841666666663,356.1669445091936,0.5397664389139709,0.06953451604599278,0.09168532980329337
M36,229.32666249999997,280.6388717081586,0.2774171917464061,0.05682585631023855,0.06954073296538422
ALL_MODELS,196.89983749999996,269.3524966285757,0.6776681056928502,0.05135108136082216,0.07024658905122036
