Model,MAE,RMSE,R2,MAE / Mean,RMSE / Mean
M12,316.61836250000005,326.13890614116093,-1.501255629586836,0.0595721183470919,0.06136341986239769
M18,133.5068708333332,158.41455100119555,0.10760163810148915,0.021971768005430922,0.026070926099585775
M24,103.9295916666667,118.25868032217556,0.7067986921763478,0.017751960372645172,0.020199477099205127
M36,174.97035416666654,197.06274409955796,0.22651312312164473,0.030091209728273307,0.03389063473392994
ALL_MODELS,182.25629479166665,214.63957967454056,0.6149186953826529,0.03161376079819459,0.03723089146200624
