Model,MAE,RMSE,R2,MAE / Mean,RMSE / Mean
M18,213.62261666666663,256.9103863504759,0.6944330032948542,0.026388909019785464,0.031736268928019916
M24,499.11216666666684,518.3232040696231,0.4008862197443882,0.05025567745589563,0.052190039636974064
M36,246.4600520833333,288.17023020796125,0.674654120301187,0.025646763283976845,0.029987146465155205
ALL_MODELS,301.413721875,353.8170620702066,0.8443285223055395,0.03236986908063349,0.0379976462466983
