Model,MAE,RMSE,R2,MAE / Mean,RMSE / Mean
M24,192.47664583333335,212.80919376795325,0.5334113415231221,0.04827504963946076,0.053374654095839455
M36,131.52510208333337,159.28105939840475,0.8395133084478067,0.02860407276516697,0.034640437003866736
M48,116.13345416666664,136.4820795723181,0.6020916975169552,0.02457265818544085,0.028878220439010414
ALL_MODELS,142.91507604166668,169.30447628659076,0.8551348354733976,0.031919463644675655,0.03781342196630903
