Model,MAE,RMSE,R2,MAE / Mean,RMSE / Mean
M12,44.763270833333344,55.94612515528145,0.6173472948529848,0.022775461098155612,0.02846527461790873
M18,67.45739166666665,77.91153398746019,0.7792368752172754,0.028904116974933936,0.03338350381523681
M24,141.33024583333335,165.51968264155803,-0.38778807709463026,0.07637924519804545,0.08945196656978074
M36,58.73987916666672,75.13483781772777,0.2166453598991257,0.02779653962182308,0.03555486538291828
ALL_MODELS,78.07269687500002,102.76451873558783,0.781352971865007,0.03779463713012083,0.04974783568296
