Model,MAE,RMSE,R2,MAE / Mean,RMSE / Mean
M12,191.6540041666667,202.7733167943527,-2.048236218034827,0.0482477169979546,0.05104693557522909
M18,439.1573333333334,461.10097917088075,-2.302636977609641,0.09434268425857964,0.09905676345889773
M24,285.9820541666666,299.3842784723109,-0.08221189673935192,0.07419593647979589,0.07767304481153073
M36,311.3192375,338.6463040821641,-4.779703546183729,0.07759863012275928,0.08441010425162472
ALL_MODELS,307.0281572916667,338.3945169698468,0.19733632297524828,0.07446021321476841,0.08206715666259594
