Model,MAE,RMSE,R2,MAE / Mean,RMSE / Mean
M12,491.28315,501.50661163567423,-7.1623544726045,0.1159746584437428,0.11838805786790386
M18,148.9494833333333,182.321304817098,0.7009562055134619,0.027426214113639494,0.03357100025786279
M24,258.2168000000001,276.4497305386069,0.6103687777748996,0.05670265433284842,0.06070648196066139
M36,471.1985083333334,540.7363488864629,-2.550661897005494,0.0979843363889996,0.112444524696095
ALL_MODELS,342.4119854166667,404.2184410150145,0.4507329215867508,0.07197372240079175,0.0849652088769419
