Model,MAE,RMSE,R2,MAE / Mean,RMSE / Mean
M36,281.45920416666667,331.5515018579636,0.612146278876295,0.049918681204991114,0.05880288681013687
M48,390.1882895833334,420.39447533909623,-1.7412899461811322,0.0627102320364294,0.06756490596757725
ALL_MODELS,335.82374687500004,378.58810948041224,0.44688651457940354,0.05662923427150138,0.06384049652138249
