Model,MAE,RMSE,R2,MAE / Mean,RMSE / Mean
M12,77.18928333333331,96.87246388521609,0.7072962833422929,0.012322846461878213,0.01546515846877743
M18,254.7108083333333,304.582272581535,0.6855670948133539,0.03276058371472362,0.03917498870275587
M24,339.5454708333333,366.8554325275222,-0.13981646020991123,0.044888929100634016,0.048499387903759156
M36,194.18565416666658,234.18023646560582,0.23211902980496635,0.026665154453961323,0.0321571240791096
ALL_MODELS,216.40780416666658,269.98978061964095,0.8433157048263012,0.02996784585025848,0.037387801969115717
