Model,MAE,RMSE,R2,MAE / Mean,RMSE / Mean
M18,40.76495833333335,56.35020395669978,0.9169499180072329,0.00956980065340298,0.013228523729491116
M24,217.5341125,248.96746978296432,0.2725881913403322,0.04290472617599684,0.049104395604936915
M36,159.69235208333336,197.15310580715723,0.6213979286482663,0.032876406908768065,0.0405885795110659
ALL_MODELS,144.42094375000002,189.00981505923784,0.7941477335161824,0.030333166182059248,0.03969830123916598
