Model,MAE,RMSE,R2,MAE / Mean,RMSE / Mean
M24,129.02388750000003,141.76293811023186,0.6112092682350952,0.028059345946827605,0.030829758736526255
M36,186.17821458333333,214.4090616875335,0.008712219811142896,0.03777823278504183,0.04350667698571402
M48,254.73882500000013,270.79391789993497,-1.6601267873550523,0.04904600611296963,0.05213716500684652
ALL_MODELS,189.02978541666673,215.27225091770376,0.4710157482070323,0.0384822832107625,0.043824668736586254
