Model,MAE,RMSE,R2,MAE / Mean,RMSE / Mean
M24,69.26212916666668,84.3066708447326,0.7816568580603628,0.015757359256064387,0.019180041332349844
M36,206.94567916666665,248.12672556691413,0.7595721376928604,0.043217976540610145,0.05181811501371312
M48,256.49749166666663,290.97642589130106,-0.27885139807533,0.05292063374712011,0.060034337036133784
ALL_MODELS,184.91274479166668,231.79119863279715,0.709857432306864,0.03930298055399958,0.04926693929462258
