Model,MAE,RMSE,R2,MAE / Mean,RMSE / Mean
M18,129.04310416666675,164.02736168467578,0.1777501195076956,0.03147392784552848,0.04000667358162824
M24,307.15296250000006,343.4963778256883,-0.08697798233501053,0.06005826123087453,0.06716456524919358
M36,672.2878208333333,725.5483737856913,-4.068831783952512,0.13567696085232694,0.14642567551583685
ALL_MODELS,445.19292708333336,547.2055423619917,-0.21672823522711537,0.09311528917067007,0.1144519582704254
