Model,MAE,RMSE,R2,MAE / Mean,RMSE / Mean
M18,295.5638833333332,329.32291318790226,-0.682738651164305,0.06954717047727359,0.07749078313374695
M24,351.44157083333334,386.9080875342796,-2.3014568931603483,0.07157912437625175,0.07880269273246471
M36,722.8546479166667,761.3582819930932,-7.065258007662424,0.16707125020464375,0.17597048091597797
ALL_MODELS,523.1786874999999,595.2907517484522,-1.6472662164986227,0.11748299221070849,0.13367619977977452
