Model,MAE,RMSE,R2,MAE / Mean,RMSE / Mean
M36,155.24830416666668,176.642214583637,0.6760736351339348,0.06054040620684053,0.06888314485347775
M48,144.94796875,157.27176908511544,-0.3447612984776234,0.05374580925748541,0.05831539810961238
ALL_MODELS,150.09813645833336,167.23767716064094,0.5470794105199484,0.057057523501041416,0.06357285919736728
