Model,MAE,RMSE,R2,MAE / Mean,RMSE / Mean
M36,144.56644166666666,168.5201506542924,0.8688167186116544,0.04836817922016366,0.05638246853892933
M48,246.1810791666667,256.2318045225163,-0.623588055583101,0.07474141087026648,0.07779284518808093
ALL_MODELS,195.37376041666667,216.85684082524398,0.6900032618355176,0.06219473947746272,0.06903360354157922
