Model,MAE,RMSE,R2,MAE / Mean,RMSE / Mean
M18,189.33258333333325,201.25457237168547,0.7352073007967386,0.028050310505327344,0.029816596521602352
M24,129.24930416666663,175.13945056684946,0.9257152574899324,0.014561114292688417,0.019731058308631505
M36,152.6167916666666,216.92963639305944,0.7725214454948931,0.016715243725742075,0.02375906152952216
ALL_MODELS,155.95386770833326,203.28192512900515,0.9667832222975735,0.018408763594557866,0.023995358100031963
