Model,MAE,RMSE,R2,MAE / Mean,RMSE / Mean
M24,38.602354166666714,45.912050976246135,0.9669439552821228,0.008306866375561522,0.009879844914147057
M36,156.86763958333336,187.6430775339231,0.5156524815842827,0.03315243217301715,0.039656518178020225
M48,131.7217791666667,159.7089009353489,0.2677580012936943,0.026144351544021574,0.031699280689792865
ALL_MODELS,121.01485312500002,156.55246609014682,0.7054442763863544,0.025278958981132325,0.03270245979309765
