Model,MAE,RMSE,R2,MAE / Mean,RMSE / Mean
M12,222.33028333333334,228.1409517260638,-0.1633900593641877,0.05017798382546549,0.05148940042717257
M18,112.03094999999996,125.64718411934595,0.7528935915299474,0.022021186260217193,0.02469763975547759
M24,116.12421666666667,146.19486805722127,-0.20067821852680745,0.022849352310366312,0.028766248264956797
M36,101.71176666666663,119.12738985343931,0.8114772856887923,0.019810925263149346,0.023203055993657986
ALL_MODELS,138.04930416666664,160.77918334718944,0.8086678260461989,0.027981253681679114,0.03258837951504276
