Model,MAE,RMSE,R2,MAE / Mean,RMSE / Mean
M12,158.81157500000006,179.8906538385843,-0.20464636090834643,0.03216844157488291,0.036438162570165196
M18,247.44612916666668,279.8413150458362,-11.237247653427177,0.048061012738131854,0.05435307091837617
M24,285.2696,310.27923888946793,-0.6174828135875898,0.05806029850746269,0.06315045567628248
M36,139.28117500000005,165.47040543139178,-0.6248731333249813,0.026694576032965465,0.03171399378985644
ALL_MODELS,207.70211979166672,242.0358806584847,-0.31021777692252117,0.04109581857116654,0.04788907618868065
