Model,MAE,RMSE,R2,MAE / Mean,RMSE / Mean
M12,149.62659999999997,154.19560891342147,0.025937975787452938,0.05528416774431922,0.0569723291754744
M18,94.37928749999999,114.23304864133196,0.7345558563176555,0.02877234550651,0.03482493702625553
M24,101.1060666666667,112.14269638880491,0.6013385095210423,0.030341681046340073,0.033653746384216345
M36,88.18728333333333,99.77912457704186,0.6084943542978843,0.02804901864638138,0.03173594219024086
ALL_MODELS,108.32480937499999,121.81680227372807,0.8407580075217154,0.03476684887266308,0.03909710415589443
