Model,MAE,RMSE,R2,MAE / Mean,RMSE / Mean
M18,217.88280833333337,240.68974661011566,-0.17513094095478055,0.04817174467771504,0.05321413428134437
M24,112.80577083333337,158.24816536512222,0.5998793813005678,0.021399009619260657,0.030019333123318868
M36,224.8459687500001,270.4248027669881,0.4219274404831981,0.04613841816363001,0.05549120004794598
ALL_MODELS,195.09512916666674,239.3915118941133,0.6449295504560009,0.03993520601806444,0.0490025014325204
