Model,MAE,RMSE,R2,MAE / Mean,RMSE / Mean
M24,656.4228958333332,672.4890649095855,-20.843137988567552,0.08251356270426546,0.08453310964253569
M36,272.446375,359.6261113630723,0.7087480591332258,0.030442140401272858,0.04018327854088143
M48,341.3740000000002,412.28692788356386,-0.533132163088536,0.03922655520604418,0.047375007872172345
ALL_MODELS,385.67241145833333,469.2770858658255,0.4769496985213517,0.044641562793142776,0.054318799773225644
