Model,MAE,RMSE,R2,MAE / Mean,RMSE / Mean
M12,252.86274166666672,277.6782403763497,-1.1258884163339942,0.05601330761278891,0.061510353771619966
M18,306.59353333333326,336.21634933248214,-0.5002405299753432,0.055221763765581716,0.06055724533752276
M24,491.21419583333324,524.0374554261217,-0.8443562322030063,0.0988441410245661,0.10544897233358701
M36,343.56531250000006,383.55888017033914,-1.65039943154515,0.06594554768226753,0.07362210182737883
ALL_MODELS,348.5589458333334,391.113573014277,0.3097769130413861,0.06886546134073131,0.07727306088172767
