Model,MAE,RMSE,R2,MAE / Mean,RMSE / Mean
M36,317.5477937499999,384.7958442858441,0.4369945885986143,0.0522995796762306,0.06337521882817342
M48,309.0449270833334,329.1830744034589,-0.6810399266868918,0.04753516552535194,0.05063267686543604
ALL_MODELS,313.2963604166667,358.07075994373565,0.38912245061335893,0.04983596035850336,0.056958210987074966
