Model,MAE,RMSE,R2,MAE / Mean,RMSE / Mean
M18,96.9938958333333,110.10153720794305,0.9376871419194205,0.010621853283262681,0.012057278083705441
M24,95.4035833333334,133.75656722724563,0.969172470097154,0.00837994539478982,0.01174874874083714
M36,356.0075625000002,414.9823076446303,0.3336972604127141,0.03260217152407337,0.03800291285465604
ALL_MODELS,226.1031510416668,305.95497997585113,0.9122694776257354,0.021352749378036665,0.028893803462220053
