Model,MAE,RMSE,R2,MAE / Mean,RMSE / Mean
M18,216.36685416666663,250.45696303532452,0.15438473330028402,0.03925882846580126,0.04544433105403141
M24,337.2697416666667,347.98543244825163,-1.7523314020603706,0.05620654940873393,0.05799233665542721
M36,503.6252833333333,530.4673791546171,-4.215187277094247,0.08744285182036858,0.09210335931497575
ALL_MODELS,390.221790625,432.03409362671,-1.1591705036501967,0.06777392566835341,0.07503590842723991
