Model,MAE,RMSE,R2,MAE / Mean,RMSE / Mean
M36,92.79649583333337,118.92566436431693,0.9011984243698299,0.03488207590019893,0.04470399462376629
M48,223.00051041666666,226.09129863877678,-1.7162649278286994,0.07561528761859013,0.07666331589415921
ALL_MODELS,157.89850312500002,180.63857418151682,0.679601971034241,0.056297446268008165,0.06440523641863086
