Model,MAE,RMSE,R2,MAE / Mean,RMSE / Mean
M18,128.42312083333331,139.98667280561477,0.33636210121021737,0.059117594368574486,0.06444069639663101
M24,126.15250416666669,143.20067732618418,-3.0682716428781704,0.0559455282900329,0.06350597316656972
M36,98.68996250000004,111.83266251501804,0.6656048874962119,0.04986860156644772,0.05650968292825571
ALL_MODELS,112.98888750000002,127.58898008866205,0.612011146724442,0.053898876002504405,0.060863530646629284
