Model,MAE,RMSE,R2,MAE / Mean,RMSE / Mean
M18,675.6053458333334,681.4923780231976,-15.55448636203936,0.15377091876410678,0.1551108346694682
M24,209.52351250000004,234.31108281197015,0.5042443618519794,0.037900513272735505,0.04238431380852352
M36,488.9948145833334,540.5481118974496,-1.0481850249686278,0.10569194963908915,0.11683474367484062
ALL_MODELS,465.77962187500003,525.289935983935,0.06434080657381303,0.09716372563292996,0.10957784501654225
