Model,MAE,RMSE,R2,MAE / Mean,RMSE / Mean
M18,180.1704083333333,196.96083888668704,-0.21949781597324813,0.041179454507361477,0.04501704791421908
M24,304.1850416666667,332.12802835477845,0.001969849366567411,0.0602252204687384,0.06575761786943204
M36,335.00258333333335,359.12786026084956,-0.6826080704870374,0.07255064067857787,0.07777538933640489
ALL_MODELS,288.5901541666667,319.0016611652879,0.2362233240001106,0.06185938798521876,0.06837810383009978
