Model,MAE,RMSE,R2,MAE / Mean,RMSE / Mean
M36,131.44889791666665,145.71198430490296,0.7606073615216643,0.04777390267356194,0.05295769129207276
M48,141.30868958333335,156.33922855443157,-0.07282068152976962,0.05175510545110487,0.05726012521832434
ALL_MODELS,136.37879375,151.11905365483713,0.5910925900401687,0.04975682541130329,0.055134703587485755
