Model,MAE,RMSE,R2,MAE / Mean,RMSE / Mean
M12,110.96098333333335,144.9373931643303,0.5054404695398986,0.02147060540340071,0.02804493510552778
M18,394.36691250000007,421.1999448928309,-1.9886663594417833,0.06487542771365121,0.06928960242801485
M24,445.1364333333333,466.20934380988734,-1.9176969175998329,0.07305452382092083,0.07651294987887673
M36,146.83489999999995,168.48295896500426,0.692504586152964,0.024315781629498774,0.027900688722400792
ALL_MODELS,274.3248072916667,333.22436181657116,0.49568670502121925,0.04693575273129088,0.05701320418184397
