Model,MAE,RMSE,R2,MAE / Mean,RMSE / Mean
M12,75.66371666666666,93.85465702196134,0.7540735335488029,0.0446261967954389,0.055355150116167116
M18,116.99772083333333,149.85313166145795,-2.4692043604582214,0.07116108619072961,0.09114460984502878
M24,128.30679999999998,147.0711788594075,-2.5063728856816634,0.0737060054094162,0.08448522685142727
M36,94.56739999999996,116.74162821927175,-0.2282274318738149,0.050237230510425404,0.06201689046134229
ALL_MODELS,103.88390937499997,128.9604562684224,0.26905344633877937,0.05967910153912439,0.07408504560983646
