Model,MAE,RMSE,R2,MAE / Mean,RMSE / Mean
M12,85.72999583333326,100.3240560869313,0.768818136436149,0.013829556315828375,0.016183800897224376
M18,115.63875833333334,136.78271713402492,0.6324088314498235,0.016182022891193946,0.01914082347202504
M24,212.52545833333332,255.96131211743045,0.4888369492150776,0.033704997654148854,0.04059360931215898
M36,150.7089291666667,173.45123917956863,0.45850381725672895,0.023336178352989758,0.02685765916739559
ALL_MODELS,141.15078541666665,176.33487574080814,0.8488484364273227,0.021625019988477698,0.027015402013557982
