Model,MAE,RMSE,R2,MAE / Mean,RMSE / Mean
M18,110.40614166666671,122.36680481698599,0.546853010623142,0.022543750957137274,0.02498599019557644
M24,152.94284166666662,182.5650466412176,0.0854879151827379,0.029620472555317044,0.035357411269905444
M36,328.40993124999994,379.92523795127573,0.22115824063422285,0.06493924365074459,0.0751257962951296
ALL_MODELS,230.0422114583333,290.25420067627584,0.2924022120390166,0.04560888941667269,0.05754670700410463
