Model,MAE,RMSE,R2,MAE / Mean,RMSE / Mean
M24,85.21362083333328,107.41748005053881,0.3452901107021057,0.023169254211557837,0.029206397729813767
M36,243.92125624999994,283.4028587833937,0.6927604748030348,0.060346985026930894,0.07011487370359455
M48,142.68459999999996,182.25976474665674,-0.1364862116921821,0.03818542133609874,0.04877657371201465
ALL_MODELS,178.93518333333327,226.6006937319009,0.6994799377890418,0.0461814148181405,0.05848341528125777
