Model,MAE,RMSE,R2,MAE / Mean,RMSE / Mean
M12,283.754225,293.4418239905868,-4.100796486595478,0.05947271282355818,0.061503159393003826
M18,83.2020375,115.72474705569859,0.7012091306917834,0.015689493451085463,0.02182233411121578
M24,70.76907500000004,82.55450550570615,0.6395843931985655,0.015194920288428858,0.017725385425906237
M36,149.56427916666667,181.41379449705695,-0.45378759982568084,0.030532669014324113,0.03703456047709645
ALL_MODELS,146.8224041666667,186.5653587627805,0.5916066503125876,0.02991777264111496,0.03801613260491831
