Model,MAE,RMSE,R2,MAE / Mean,RMSE / Mean
M36,202.31278958333334,237.00946815093656,0.7794751525816469,0.03663247954491443,0.042914956152161524
M48,114.34464791666666,137.07351033877544,0.7849455316378151,0.01934997532135126,0.023196267517473262
ALL_MODELS,158.32871875,193.60092358997696,0.820144971034103,0.02769906458261578,0.033869815458055265
