Model,MAE,RMSE,R2,MAE / Mean,RMSE / Mean
M12,101.3039583333333,125.94915032315615,0.7639233509414083,0.016743302802837264,0.020816607725058518
M18,133.44094583333336,157.78202873614788,0.5276487168370986,0.020879917982018638,0.024688642593721184
M24,136.4619416666666,152.87035058286313,0.7715448415641257,0.02164502177662927,0.024247654891570988
M36,253.76639583333338,277.29178771613726,-1.3592147163590957,0.039983413535710305,0.043690072445968724
ALL_MODELS,156.24331041666667,187.76210791940846,0.5656457601569489,0.02490665052646611,0.029931042753702886
