Model,MAE,RMSE,R2,MAE / Mean,RMSE / Mean
M18,111.08973333333329,134.88965761208297,0.7272286541146165,0.021420566093824058,0.026009719706347797
M24,164.50285833333325,180.37305747526653,0.17611382173937673,0.028228516884621142,0.030951826309023937
M36,180.84261041666664,210.0543534235569,0.3303932955178863,0.031100333917330376,0.036124011466157666
ALL_MODELS,159.31945312499997,186.39697045422832,0.7419406553270471,0.02814422133854949,0.032927539546491726
