Model,MAE,RMSE,R2,MAE / Mean,RMSE / Mean
M12,61.59190833333338,71.47367554274793,0.8273032060718711,0.02233614082804474,0.025919737277515113
M18,56.78526250000001,64.88761302306027,0.8252567324319752,0.019623699405319012,0.022423688066832443
M24,79.28806666666668,95.82678934149884,0.8559012671722472,0.029242751986230855,0.03534250678769954
M36,96.7220083333333,107.08849652073977,0.08869385939216656,0.03323114209637242,0.03679279520854574
ALL_MODELS,73.59681145833333,86.55866256763807,0.811887326122722,0.026113979730628782,0.030713166983889675
