Model,MAE,RMSE,R2,MAE / Mean,RMSE / Mean
M12,41.6279625,46.85201116719804,0.7534183013306337,0.019377991349380296,0.021809807940973154
M18,61.474491666666644,79.51051582992024,0.6638367882756186,0.023295719451154998,0.030130459316913546
M24,76.74553749999995,90.56427154521026,0.45128676427341285,0.03149934842836131,0.03717109342759255
M36,324.42653333333334,329.93300194412456,-10.198388849891195,0.12380526307420775,0.12590660105037269
ALL_MODELS,126.06863125,177.18260787273078,0.3959440178775755,0.05122680408880235,0.07199648835276355
