Model,MAE,RMSE,R2,MAE / Mean,RMSE / Mean
M18,91.04612916666662,110.22353562372878,0.765747773144924,0.021315830496239415,0.025805668220673785
M24,143.96599999999992,166.00153402504796,0.46898792554615176,0.02996404506074874,0.03455036220829887
M36,206.25966041666675,241.58754839449475,-0.44736287396809904,0.04106133903464753,0.04809427209923832
ALL_MODELS,161.88286250000002,197.75921229021748,0.7216944890996706,0.03386257517388046,0.04136717184936653
