Model,MAE,RMSE,R2,MAE / Mean,RMSE / Mean
M24,84.76960833333328,92.6269994323514,0.4864924908540341,0.03239964008727085,0.03540279945816307
M36,212.74898958333333,274.79874831391646,0.3549295532232408,0.0873443455130179,0.11281894624403838
M48,194.9955125,209.42543054191847,-0.3657915921736523,0.07656641307548837,0.08223242585331049
ALL_MODELS,176.31577499999995,225.5368462864212,0.3364467629152519,0.07028295526738665,0.08990344782646933
