Model,MAE,RMSE,R2,MAE / Mean,RMSE / Mean
M12,78.14492916666661,95.40061123219854,0.4406182751910759,0.01818980757666866,0.02220641543239739
M18,98.05428750000003,127.2176025965239,0.753836214811662,0.019201231233681466,0.02491206317164306
M24,324.5107166666666,339.9312862963006,-2.092947310918895,0.06270183156081184,0.06568138788924664
M36,204.53980833333333,231.17242022531403,-0.15528906981393997,0.040287533648480076,0.045533271661476075
ALL_MODELS,176.31243541666663,220.38577671311438,0.7140865497370847,0.03588106163548677,0.044850356806315085
