Model,MAE,RMSE,R2,MAE / Mean,RMSE / Mean
M36,90.60459791666665,105.7447489092297,0.7685513039355237,0.0396432281411799,0.046267665241404375
M48,66.58895208333333,84.9676064752731,0.5438202524983331,0.030436315764414603,0.03883678627637108
ALL_MODELS,78.59677499999998,95.92039947793405,0.7329651705236815,0.03514030151034607,0.04288562423391348
