Model,MAE,RMSE,R2,MAE / Mean,RMSE / Mean
M24,216.2894583333333,218.65610475084304,-18.20485725840998,0.08738968013468013,0.08834590090943154
M36,126.15472083333331,144.4996328867568,0.4049171187217778,0.04346946296921099,0.04979061742076141
M48,180.8827166666667,189.22751617572035,-0.44226902687181724,0.06738459580280642,0.07049330045041116
ALL_MODELS,162.37040416666665,177.04366186880225,0.4387617038082142,0.05923967817821812,0.06459311108097997
