Model,MAE,RMSE,R2,MAE / Mean,RMSE / Mean
M12,70.73277083333333,94.75638517302981,0.5133800963826032,0.043612848114273975,0.058425476419502506
M18,122.20819166666666,136.83733411413775,-0.4332073571082218,0.07169037446226045,0.08027219443535652
M24,59.63630833333332,68.98819295877131,0.8148605903729988,0.033236685785941515,0.038448706105253035
M36,88.70503333333336,104.6698423324065,-0.22280065690131434,0.04727363325487411,0.05578176968463285
ALL_MODELS,85.32057604166667,104.18538189224442,0.5768409929059468,0.048774066443164836,0.05955825633827458
