Model,MAE,RMSE,R2,MAE / Mean,RMSE / Mean
M24,74.58752083333327,95.66973092499217,0.9569907870781993,0.008161453204216355,0.010468293131085694
M36,225.5614375,273.19383320139355,0.7865239341991686,0.022662326190839997,0.027447988583314088
M48,193.48429166666673,234.8828621888828,0.5566967886091039,0.017987105095985504,0.021835688525639465
ALL_MODELS,179.798671875,231.08028765119914,0.9089241170878677,0.01806925352603661,0.023222909596027765
