Model,MAE,RMSE,R2,MAE / Mean,RMSE / Mean
M36,207.56826041666667,236.43047569104,0.8412345175853183,0.02882133610652288,0.032828921878700686
M48,162.92158541666666,206.8397118939511,0.6894269502438712,0.020680686355919204,0.026255497064355857
ALL_MODELS,185.2449229166667,222.12838208102107,0.8626309878142877,0.02456852975755458,0.029460282523424634
