Model,MAE,RMSE,R2,MAE / Mean,RMSE / Mean
M36,124.52627083333336,151.1297557882533,0.8550322431671558,0.03802449823467668,0.046147958127396915
M48,105.23339166666665,133.0559374602229,0.5892136967821153,0.03255668864525526,0.04116431733015385
ALL_MODELS,114.87983125000001,142.37992410806348,0.7988464526035046,0.0353084841810044,0.043760677948089924
