Model,MAE,RMSE,R2,MAE / Mean,RMSE / Mean
M24,75.19159166666668,91.40989897076702,0.7913687215943446,0.015123007173504965,0.018384935432575827
M36,286.64802083333336,329.69707715994076,0.44216532310401524,0.05006023263513686,0.057578323177565865
M48,86.93983750000007,124.52913021802874,0.47027761200335083,0.014668748286407267,0.021010925693224294
ALL_MODELS,183.8568677083334,245.5929555577279,0.7566586304376717,0.03290356005696987,0.04395202998661857
