Model,MAE,RMSE,R2,MAE / Mean,RMSE / Mean
M24,130.81614166666677,154.05015430153486,0.9044187327130264,0.021236673926865908,0.02500848025025255
M36,152.69477500000005,205.23327145185718,0.8603170216269468,0.021285580860443645,0.0286094229140577
M48,230.51673750000012,254.57490724547816,0.44853833821086686,0.0297297098178301,0.03283248844049372
ALL_MODELS,166.68060729166675,207.83480511035316,0.9244192337022517,0.023591677404896642,0.029416569541849465
