Model,MAE,RMSE,R2,MAE / Mean,RMSE / Mean
M12,98.10496666666666,103.74457491363502,0.7274603577728834,0.02297674727247887,0.0242975759502629
M18,141.2385708333334,162.28947144149177,0.3158594014324766,0.02923714798299107,0.03359479825249314
M24,171.9489833333333,201.79823151955316,0.20918365319073295,0.03648946107254962,0.042823799075726386
M36,105.90768749999995,134.0884968493988,0.4838387076600378,0.0218049781674373,0.027607030380166007
ALL_MODELS,129.30005208333333,154.7603474703065,0.7525225940213506,0.027702392669117136,0.03315723270140941
