Model,MAE,RMSE,R2,MAE / Mean,RMSE / Mean
M12,122.72467916666663,142.27029057883533,-0.48282095718813056,0.04436366279069766,0.051429192883058916
M18,180.3958125,197.10482953656387,-0.5351937430427276,0.055883978934596575,0.0610601875347222
M24,280.54211250000003,287.74404297194775,-5.195485851920436,0.091348321054988,0.09369336740508698
M36,225.82058333333336,254.06521283451355,-1.0095986611275674,0.07784008847269698,0.08757597891632903
ALL_MODELS,202.370796875,227.176647152889,-0.004029916700622138,0.06764530567761613,0.07593701253726468
