Model,MAE,RMSE,R2,MAE / Mean,RMSE / Mean
M24,194.6066833333335,214.59800290382105,-1.3356501977472193,0.03581965319692314,0.03949929112969228
M36,161.0793979166667,202.2536179627857,0.6073414445209528,0.02792346177043118,0.03506110180544006
M48,203.32233333333332,234.7292775460133,0.4200261944252254,0.03702042302673504,0.042738921047433605
ALL_MODELS,180.02195312500007,213.87098245534307,0.5628001930993516,0.032057569523795404,0.038085265547718655
