Model,MAE,RMSE,R2,MAE / Mean,RMSE / Mean
M36,183.1819270833333,228.23687528439473,0.5617226779890653,0.03135357012958301,0.039065212323761214
M48,334.07389166666667,349.20662376563916,-1.6532079694636432,0.05951125906462699,0.062206973883299856
ALL_MODELS,258.627909375,294.9892687212375,0.08881072955950453,0.04515119205225753,0.05149914855505954
