Model,MAE,RMSE,R2,MAE / Mean,RMSE / Mean
M12,79.42172499999997,91.95372848705395,0.6692512598610549,0.01495630620027305,0.017316271077078095
M18,287.2989875,316.22871159145706,0.20148134765795989,0.04445861617620509,0.048935400137950176
M24,183.89222500000005,218.30289037858049,0.7044488812296682,0.033959521702664655,0.040314166319787716
M36,207.30345416666663,257.16088801752187,0.14307576006100975,0.03421907837270882,0.04244892405117456
ALL_MODELS,189.47909791666666,235.71378857157822,0.8266207939647531,0.032604748213818396,0.04056061492482713
