Model,MAE,RMSE,R2,MAE / Mean,RMSE / Mean
M12,128.7959375,131.9554274861765,-9.579050079323327,0.07061180783991229,0.07234398436742132
M18,81.84837499999998,102.95424201654666,-2.2142671170099617,0.0435026242940981,0.054720447533985604
M24,68.17799583333333,87.84783806355878,-0.29390803302588786,0.036635960414660905,0.04720569853179166
M36,201.098025,210.60630538797778,-4.290884156052895,0.09526009276620942,0.09976416321546368
ALL_MODELS,119.98008333333333,141.4956442031668,-0.1444857895292524,0.06251031428586934,0.07372004538993489
