Model,MAE,RMSE,R2,MAE / Mean,RMSE / Mean
M18,357.2017458333333,369.42873321901396,-2.4175502014425034,0.09432314386937768,0.09755181759150092
M24,186.33853333333346,217.89027331978554,0.11178407626518305,0.03946665725329618,0.04614934217903218
M36,677.3821729166666,702.6993582209359,-8.966314639907225,0.16052027241849165,0.16651972390156264
ALL_MODELS,474.57615625,541.1853971199257,-0.8589175684655925,0.11200593719115542,0.1277265551593647
