Model,MAE,RMSE,R2,MAE / Mean,RMSE / Mean
M24,164.9668833333333,211.64680227185104,0.7701484060138484,0.02098737430226825,0.026926074915182455
M36,458.7200083333332,554.2780741622151,-0.43709098984911643,0.047052830833799894,0.05685462152217168
M48,156.51245833333346,187.53297775691354,0.8471753725707505,0.01548976503286572,0.018559811738319373
ALL_MODELS,309.72983958333333,416.65673931073746,0.82456314037328,0.03307081012965144,0.044487724959021153
