Model,MAE,RMSE,R2,MAE / Mean,RMSE / Mean
M12,175.95537083333332,184.64829376939488,0.8201498427658594,0.024698090442268776,0.025918278242537094
M18,313.96390833333334,350.36134654204625,0.5257466611074981,0.040509729689045634,0.045205971339991345
M24,107.99838749999999,130.75585741005864,0.8715112001269293,0.013864536852296614,0.016786078437656296
M36,165.82454166666685,201.74967615008305,0.5454017761436014,0.02007723080958917,0.024426871759231944
ALL_MODELS,190.93555208333336,231.65064839991683,0.8376449087111263,0.024697826488251237,0.02996439090387424
