Model,MAE,RMSE,R2,MAE / Mean,RMSE / Mean
M12,239.41620000000003,246.1082951003769,0.149471251753717,0.051541390167110686,0.05298206078423657
M18,181.70875833333335,200.67596956514876,0.6686776834930972,0.036682285550863857,0.040511273569331714
M24,301.34943749999996,316.27269418675905,-2.061225621702552,0.05654100802101411,0.05934099989432132
M36,325.72144999999995,348.68436429958507,-1.963367407600293,0.061366660648260796,0.06569292583379813
ALL_MODELS,262.0489614583333,283.92311488908564,0.4479282154575469,0.051797929252373,0.056121685567056274
