Model,MAE,RMSE,R2,MAE / Mean,RMSE / Mean
M24,306.1965916666666,324.670997522963,-2.6207937387796085,0.053249651824209265,0.05646247556647304
M36,474.9641,543.4961768487981,-0.4911265731309684,0.07821128523204435,0.0894963103738724
M48,339.2347791666667,363.43655208304307,-1.292108510141884,0.05731446723734972,0.061403410370801076
ALL_MODELS,398.83989270833337,455.04768226008093,-0.49523035663601744,0.0669905147904044,0.07643136768937923
