Model,MAE,RMSE,R2,MAE / Mean,RMSE / Mean
M18,86.41124166666668,105.23901933861085,0.5470588399610797,0.01629555262206717,0.01984612122740292
M24,317.1087958333333,354.8211568271008,-7.5889612923558225,0.05703694813127187,0.06382010270210832
M36,422.61214166666673,457.09775071583294,-2.0067278718130748,0.07804201455012716,0.08441032756775882
ALL_MODELS,312.18608020833335,372.4412745462102,-1.6251213804415734,0.057564832663629315,0.0686754503338971
