Model,MAE,RMSE,R2,MAE / Mean,RMSE / Mean
M24,76.68093333333331,83.3302805462696,-0.9619110893916691,0.03045260701934373,0.03309328898301376
M36,63.62057916666668,78.76716530773362,0.8804609429587247,0.025514569547490148,0.031588997516636706
M48,67.30365833333336,75.38259045112251,0.1587693506923008,0.025396408974419457,0.02844491880614028
ALL_MODELS,67.8064375,79.11226715919811,0.8089308953217872,0.026708153485089692,0.031161386023875446
