Model,MAE,RMSE,R2,MAE / Mean,RMSE / Mean
M24,129.81927916666677,149.24258539049083,-0.1398232419284844,0.026019363809460204,0.02991233004886909
M36,604.0736104166666,668.3801498208618,-0.04262893020668046,0.11369192310105239,0.12579497479336785
M48,227.13273333333328,272.5179145195657,-0.7820511603033948,0.04446644207160394,0.05335163224437012
ALL_MODELS,391.27480833333334,497.4945759446144,0.0052223487368315835,0.07552185712476199,0.09602385199515649
