Model,MAE,RMSE,R2,MAE / Mean,RMSE / Mean
M12,92.10685833333334,100.40296983621799,-2.5377475449159115,0.033208115132122525,0.03619918692549209
M18,132.82169583333334,146.16031180168375,-0.24913854223948895,0.04077203391998363,0.044866564555924617
M24,312.46800416666673,319.26113793293695,-4.174871050812572,0.11068977269372697,0.11309619646332822
M36,87.0489374999999,103.57375859379341,0.0720402984995765,0.0306133066643221,0.036424743658798456
ALL_MODELS,156.1113739583333,189.80173257993266,0.2861165312020957,0.05338186575005787,0.06490219354814346
