Model,MAE,RMSE,R2,MAE / Mean,RMSE / Mean
M36,153.06685833333339,206.3993759508331,0.767257618256809,0.029066431936955302,0.03919394098910876
M48,139.97900624999997,169.5433741423114,0.8215596819397086,0.027499774075120016,0.03330788387310121
ALL_MODELS,146.52293229166668,188.8725206434927,0.8015979269248423,0.028296408986485673,0.03647493267332519
