Model,MAE,RMSE,R2,MAE / Mean,RMSE / Mean
M24,77.58690416666668,85.63376360163332,-1.5674080692527341,0.04173769892858745,0.04606648869052763
M36,93.49810624999996,110.2793530736044,0.4435878125969104,0.04097162693884256,0.0483253051255102
M48,72.74648749999996,86.858835909708,0.6245618961786523,0.03255483311579338,0.03887026033624822
ALL_MODELS,84.33240104166664,98.99579570976158,0.7964453098828816,0.03896367088424831,0.0457385246395826
