Model,MAE,RMSE,R2,MAE / Mean,RMSE / Mean
M36,132.95326874999998,158.36524293989734,0.766131869510493,0.04779984195940378,0.056936047195828565
M48,135.49737291666665,174.4244485882862,0.07466481639182487,0.04656867222293823,0.05994739823457875
ALL_MODELS,134.2253208333333,166.58847264552912,0.6258114139929004,0.04717039374460047,0.058543677148356336
