Model,MAE,RMSE,R2,MAE / Mean,RMSE / Mean
M24,265.6049166666666,275.40983927670106,-5.681988386653094,0.04568990158905366,0.04737656445193651
M36,264.17234791666664,293.1939949712821,0.4150451737347518,0.0419045426455474,0.046508123816078516
M48,212.90825000000004,246.48058069971762,-0.3127868690089226,0.03333549489835861,0.038591985704921734
ALL_MODELS,251.71446562499997,277.72679633361304,0.446814818293903,0.04058546976822304,0.044779597662121015
