Model,MAE,RMSE,R2,MAE / Mean,RMSE / Mean
M12,68.75105,85.01371734936367,0.890246564431216,0.010512325991806883,0.012998956533054249
M18,332.9185541666665,379.98982385517075,-4.609712123204022,0.05082629021074659,0.05801260645486472
M24,169.9791041666667,214.19835461777112,0.050041511105869296,0.026801248907780552,0.03377346554385307
M36,186.71871666666652,230.42973122956403,-0.310640519246727,0.027566400511804704,0.034019718934988105
ALL_MODELS,189.59185624999995,250.2990184392114,0.08401742985724614,0.02893892444259299,0.03820514512562315
