Model,MAE,RMSE,R2,MAE / Mean,RMSE / Mean
M18,122.8784625,128.35356659825266,0.6262771381275545,0.030804327525695663,0.03217687806423982
M24,161.4181625,186.10610129841368,0.5520837100842977,0.03838757716584588,0.04425872661403629
M36,251.07392291666667,282.8792392820532,-0.9514531385079459,0.055920544099632506,0.06300439643982031
ALL_MODELS,196.61111770833335,229.7560918847277,0.44590296258775985,0.04579373724728084,0.05351370881447049
