Model,MAE,RMSE,R2,MAE / Mean,RMSE / Mean
M24,190.7146083333333,204.80772871361359,-2.101034350049669,0.036586179719597774,0.0392897661912836
M36,229.35353124999997,271.2439807583913,0.6536772933461062,0.041710279647948954,0.049328485280321514
M48,267.0793750000002,306.6098356073387,-0.6909967663644563,0.049401965317919114,0.056713958031415254
ALL_MODELS,229.1252614583333,266.03683543228817,0.48389121914105504,0.042398298171724864,0.04922857044015395
