Model,MAE,RMSE,R2,MAE / Mean,RMSE / Mean
M36,152.56491041666672,188.8577393833137,0.8970403244197187,0.032309526372680954,0.03999546222408091
M48,313.86241250000006,359.6151611753129,-0.6651328721539644,0.05924144550834629,0.06787726445180008
ALL_MODELS,233.21366145833338,287.2196980293325,0.7203539258201632,0.04654963302561545,0.05732928104377894
