Model,MAE,RMSE,R2,MAE / Mean,RMSE / Mean
M36,144.53613958333335,166.89877877194948,-1.1194433176571268,0.07372803855513875,0.08513524459402944
M48,80.8226,104.25617191342519,0.5100590765117392,0.04280810813793103,0.05521982071000728
ALL_MODELS,112.67936979166666,139.14839513557067,-0.020496162657561268,0.05855882018579069,0.07231462036884641
