Model,MAE,RMSE,R2,MAE / Mean,RMSE / Mean
M36,276.8877958333333,289.11726312241655,-1.6849223645279627,0.11685391912921915,0.12201507539214146
M48,427.4785416666667,432.6289574822243,-18.50193761958756,0.16519313753904616,0.16718344410481084
ALL_MODELS,352.18316875,367.93790691334925,-3.1950421579023605,0.1420875237971162,0.14844373821147192
