Model,MAE,RMSE,R2,MAE / Mean,RMSE / Mean
M36,182.71490000000003,208.57103981345304,0.6645151078734132,0.040739108138238576,0.04650413373767069
M48,66.91159375000001,85.91777710924292,0.8304257758855249,0.013427356341060641,0.017241385903734023
ALL_MODELS,124.813246875,159.50508310436155,0.8288566906349698,0.026364644259860282,0.033692695919508686
