Model,MAE,RMSE,R2,MAE / Mean,RMSE / Mean
M24,744.1645333333332,749.8703739011229,-26.91179415010011,0.1527483561971879,0.15391954580434256
M36,643.0222895833333,734.3687285457037,-0.44597375302953624,0.12497244619900799,0.14272577779205903
M48,867.3287333333333,881.1361747670632,-12.14392055029978,0.1906618573509072,0.19369709915467098
ALL_MODELS,724.3844614583335,777.3836560973946,-1.266875459389785,0.1469973287590155,0.15775230826621914
