Model,MAE,RMSE,R2,MAE / Mean,RMSE / Mean
M24,123.55820833333341,132.2485611501376,0.5449996475037091,0.02911505041678532,0.031162830680143562
M36,151.56038958333338,190.24744176898338,0.3259187552307299,0.030629346901656335,0.03844774289057151
M48,104.12348333333334,121.03450775175995,0.7855660163614937,0.020456647484016734,0.0237790763352863
ALL_MODELS,132.70061770833337,161.65334221125616,0.8395075623973649,0.027602593364592098,0.033624948761669146
