Model,MAE,RMSE,R2,MAE / Mean,RMSE / Mean
M36,267.30545,341.68796097175544,0.9278928324009074,0.028315567904204305,0.036194879905908584
M48,279.26460416666663,334.47680658178064,0.6033590242206256,0.028477318547316312,0.0341074465779197
ALL_MODELS,273.2850270833333,338.1016095896186,0.8838452308878926,0.028397982564193597,0.03513329550661407
