Model,MAE,RMSE,R2,MAE / Mean,RMSE / Mean
M18,175.69235416666663,177.29887797479262,-1.6168862810951352,0.07114250885776952,0.07179303309254298
M24,65.13095833333334,77.96497242445373,0.6976441443758887,0.022416437216772788,0.0268335819736547
M36,87.34660000000001,110.25065241004437,0.5754707138978514,0.03287079318536406,0.04149018271944217
ALL_MODELS,103.87912812500001,124.32200305049292,0.6663736531534863,0.03887100927301005,0.046520622772264854
