Model,MAE,RMSE,R2,MAE / Mean,RMSE / Mean
M36,109.51553750000004,137.18089035540658,0.9249414483204658,0.0223645629828801,0.028014204490399902
M48,159.56768333333335,206.22978284135107,0.7401160975161389,0.031744628787659,0.04102765525261359
ALL_MODELS,134.54161041666669,175.1418282556924,0.8548947617350431,0.027115928410224116,0.035298620715995314
