Model,MAE,RMSE,R2,MAE / Mean,RMSE / Mean
M24,169.2533791666667,178.58839467294038,0.27939087203498103,0.038403398755837925,0.04052150313073694
M36,161.43701458333328,190.00571232442533,0.7718465155604556,0.03305101917212257,0.03889989205422113
M48,141.18967083333337,165.26292244892807,0.5546519632284036,0.02824428913172131,0.03306002299495948
ALL_MODELS,158.32926979166666,181.25257907133548,0.7914064922827774,0.03302812656181416,0.037810021666242664
