Model,MAE,RMSE,R2,MAE / Mean,RMSE / Mean
M24,146.83141666666674,188.36046727175352,-0.13432997866417273,0.017224721023329937,0.02209647345394421
M36,438.5044479166668,519.3042385481141,0.011404000203320885,0.04370040672856527,0.051752739449368576
M48,184.97600000000003,205.24428125366455,0.5640920731740224,0.019258386510439488,0.021368575909525674
ALL_MODELS,302.2040781250001,392.73358175939063,0.7192329697852898,0.03164599390894395,0.04112599874001258
