Model,MAE,RMSE,R2,MAE / Mean,RMSE / Mean
M12,101.76739583333335,141.86313112411233,0.7959087032666381,0.015093048620723751,0.021039618023152906
M18,129.48604166666658,164.58548071847287,0.8052566617535769,0.01837007152568421,0.023349598257630482
M24,105.60567499999995,141.56046430219013,0.7291586721687713,0.01469270795290516,0.019695026424192987
M36,184.64361666666673,221.20565073665617,0.03447729124044363,0.025717575096336886,0.03081001681647098
ALL_MODELS,130.37568229166666,170.42948204972274,0.7639278361819,0.01852012254941855,0.024209843723261133
