Model,MAE,RMSE,R2,MAE / Mean,RMSE / Mean
M24,468.78495,481.4776548183805,-6.038360861026286,0.06203320762207225,0.06371280333708886
M36,149.10605208333314,211.98263564115274,0.7456605457617727,0.01658784353807714,0.023582777115173228
M48,183.0657708333334,216.60934622906112,0.7553597604868599,0.021303128378935332,0.025206551119794158
ALL_MODELS,237.5157062499999,303.56779168331093,0.8109623306852665,0.027838119586118478,0.03557977963141086
