Model,MAE,RMSE,R2,MAE / Mean,RMSE / Mean
M24,91.4106708333333,101.53529720565362,0.1710678193530808,0.034049698126678137,0.03782103541673553
M36,212.10503333333335,238.81973872307435,0.6474576306388251,0.0757969148302561,0.08534356356988958
M48,124.08445,145.92838479712688,-0.6269304719781039,0.04873143623897498,0.05731016077516397
ALL_MODELS,159.92629687499996,190.83647795668793,0.6284773942386389,0.05908106802841506,0.07050011884708822
