Model,MAE,RMSE,R2,MAE / Mean,RMSE / Mean
M36,243.13677916666663,281.2233776214604,0.6065022179544913,0.05957592065096429,0.0689082979868199
M48,139.93892291666666,173.62146298258136,0.45636859010426833,0.038150204181315275,0.04733275149608339
ALL_MODELS,191.53785104166664,233.6995940615156,0.6803557356748924,0.04943403967598927,0.06031557179048856
