Model,MAE,RMSE,R2,MAE / Mean,RMSE / Mean
M36,253.07919166666656,306.37257223963024,0.9201296290275837,0.02807837758500735,0.03399111838623483
M48,255.47120833333335,299.66473431352904,0.6481817555419375,0.026584468966115295,0.031183270637694615
ALL_MODELS,254.27519999999996,303.03721389618585,0.8858059613149516,0.027307499085477374,0.03254422154160417
