Model,MAE,RMSE,R2,MAE / Mean,RMSE / Mean
M18,78.72334166666667,97.01731464599932,0.570350867894897,0.014969260632566395,0.018447863594979904
M24,203.82773749999998,224.97059352637524,0.5668534323496364,0.03209274941120128,0.035421699575756624
M36,173.70224374999995,215.84519664259525,0.749475393989222,0.031105046446558468,0.03865163006470648
ALL_MODELS,157.48889166666663,195.70540687477927,0.8674567513477348,0.027655152507339555,0.034365997603743974
