Model,MAE,RMSE,R2,MAE / Mean,RMSE / Mean
M36,195.20209375000002,233.41767802011458,0.8026746574803945,0.03658524400053103,0.04374770034659672
M48,248.8392958333334,318.11853229275647,-0.09521878790583149,0.042609772472691744,0.05447274006682522
ALL_MODELS,222.02069479166673,279.00108691580346,0.6859520757984059,0.03973346960613247,0.04993084639001449
