Model,MAE,RMSE,R2,MAE / Mean,RMSE / Mean
M24,77.73838333333337,93.62863526533076,0.6693913733919994,0.010728516471826254,0.012921497883118395
M36,323.2029416666667,381.7328478451204,0.19060834778489055,0.04090960708823374,0.04831806523011913
M48,81.93801666666661,105.59332705232052,0.7324781287467395,0.010611499090757011,0.013675013621138104
ALL_MODELS,201.5205708333333,278.9965081804422,0.564520303272226,0.026198367373470085,0.036270505720588014
