Model,MAE,RMSE,R2,MAE / Mean,RMSE / Mean
M36,134.91831041666663,172.58103666740453,0.8365396123509291,0.0312810229484758,0.04001318539931805
M48,125.38438958333337,174.5525417381964,0.6790427020521139,0.028106921126247516,0.039128750710715726
ALL_MODELS,130.15135,173.56958841407214,0.7908429469266534,0.029667224496386136,0.03956415315880796
