Model,MAE,RMSE,R2,MAE / Mean,RMSE / Mean
M12,48.92722083333334,57.34103884585704,0.9374848313808,0.02296378801212477,0.026912778572417504
M18,86.57564583333338,110.72715108293413,0.26079954257405746,0.03913908039481618,0.05005748240638975
M24,342.37517916666667,361.327002148101,-2.5116895117827016,0.16994135299470547,0.17934828035147302
M36,232.954425,244.7717283244397,-2.524136310076751,0.10444630387266715,0.10974465205377558
ALL_MODELS,177.70811770833333,226.94652354196353,-0.35256988136022094,0.08277364485890619,0.10570811949320974
