Model,MAE,RMSE,R2,MAE / Mean,RMSE / Mean
M36,211.3545291666666,253.44720437875873,-0.3129673294676245,0.04494215518196113,0.05389268748833995
M48,87.47612499999998,113.57415368763671,0.9342041994539579,0.018824045763882035,0.02444009798799667
ALL_MODELS,149.41532708333327,196.38555674141517,0.6871143276172946,0.031960996272223485,0.042008260929149645
