Model,MAE,RMSE,R2,MAE / Mean,RMSE / Mean
M18,66.1622125,79.2267744311043,0.5852995807587693,0.037047504724574784,0.04436300101132739
M24,108.15909583333332,122.60408353482596,-0.1728903976032019,0.05088542724403583,0.057681336224801975
M36,161.6245625,184.63724438857582,-2.113207945789753,0.07783743189958764,0.08892020317903901
ALL_MODELS,124.39260833333333,149.57478657596758,0.26716249299751227,0.06170045106255457,0.07419115912894234
