Model,MAE,RMSE,R2,MAE / Mean,RMSE / Mean
M18,245.23165416666666,257.471043962699,-3.9008417830459923,0.04704458379294358,0.04939255555372865
M24,154.20377916666666,172.80203185160929,0.12977047592253266,0.026158771681816254,0.0293137361599586
M36,255.1061479166667,295.76033375336795,0.01909477033981266,0.0485509953967115,0.05628817149197165
ALL_MODELS,227.41193229166666,260.3364317258986,0.5057717140123795,0.04208125656569551,0.0481737438596869
