Model,MAE,RMSE,R2,MAE / Mean,RMSE / Mean
M36,144.40883125000005,185.4219065495572,0.7072082081212129,0.02836818392027667,0.03642493815866397
M48,244.75113333333329,313.0024540757228,0.06537896712840507,0.04507439235411702,0.057643841034215
ALL_MODELS,194.57998229166665,257.2467878185243,0.5270638568444809,0.03699078046346206,0.048904102781046316
