Model,MAE,RMSE,R2,MAE / Mean,RMSE / Mean
M24,62.22877083333335,72.35970904762026,0.21731115250541788,0.027209781737356078,0.031639575447144845
M36,128.93139374999998,149.88859729402714,0.5415620624585475,0.042991461737245745,0.04997952560654456
M48,163.36554583333336,172.90852743106328,0.020826130256903608,0.055764882163023236,0.05902238203281968
ALL_MODELS,120.86427604166666,141.48009537508898,0.8380322120491768,0.04310984064588759,0.050463086082461917
