Model,MAE,RMSE,R2,MAE / Mean,RMSE / Mean
M12,207.7654375000001,225.6211333296033,-0.058792610066602524,0.04315410478762075,0.0468628379540146
M18,179.9464416666668,208.13092854847415,0.489844362295758,0.035645016878647094,0.04122799202010069
M24,175.6129041666666,204.8573252343902,0.42942021324725743,0.035384425582644895,0.04127691421204719
M36,205.60399166666664,224.2777582566741,-2.2073304191275236,0.03902422200605787,0.04256855598124257
ALL_MODELS,192.23219375000005,215.92268047510234,0.4353331797398229,0.03826579232207952,0.04298162699756944
