Model,MAE,RMSE,R2,MAE / Mean,RMSE / Mean
M36,456.79050000000007,481.6986778606605,0.8599408478788653,0.044529538517154056,0.04695767497235267
M48,268.41893750000014,321.7201359907979,0.5995309815283273,0.02458105153506263,0.029462225416405863
ALL_MODELS,362.6047187500001,409.5958142819857,0.8427659206906349,0.034243696503528154,0.03868144573997715
