Model,MAE,RMSE,R2,MAE / Mean,RMSE / Mean
M12,206.31387500000002,235.41760900381718,0.7446779173816851,0.02431298058509855,0.027742699113669052
M18,213.0282708333335,262.877098772114,0.8393627855558591,0.022676956137977548,0.02798338650177522
M24,151.48787499999995,171.20931511085823,0.6362796745648104,0.015742339284090558,0.017791754799332316
M36,895.8636666666666,908.5002982056473,-3.905536250332677,0.09039160521647005,0.09166662668663147
ALL_MODELS,366.6734218750001,494.77551503393863,0.5185911211526677,0.039202083574629606,0.052897837513985656
