Model,MAE,RMSE,R2,MAE / Mean,RMSE / Mean
M24,83.84490416666672,93.01749978545934,0.7822204207773633,0.017353654371879242,0.01925213652346149
M36,188.94222916666664,221.86614285135417,0.22847944364607597,0.03519651575246241,0.04132964465512625
M48,127.92189166666662,146.19839727717599,0.6700686222476417,0.023710278410626708,0.027097822409176537
ALL_MODELS,147.41281354166668,179.21732430224756,0.7182042055701485,0.02812796671145422,0.0341966129739777
