Model,MAE,RMSE,R2,MAE / Mean,RMSE / Mean
M18,425.1939791666668,438.01540396402123,-7.31524396634385,0.07764150175374528,0.07998272652329712
M24,170.87350833333346,209.434247736384,0.5695018329169681,0.02676397893321675,0.0328037613845681
M36,120.1868041666667,164.0830839082343,0.6639152305282635,0.01857290317180277,0.02535635464050084
ALL_MODELS,209.11027395833344,269.057017695294,0.7074511639765826,0.03372338410004168,0.043391044260015964
