Model,MAE,RMSE,R2,MAE / Mean,RMSE / Mean
M12,126.31054999999996,177.18250676722204,0.04140899576304291,0.01937909978328826,0.027184090944858876
M18,698.6058791666668,715.8953574248623,-4.921261720706861,0.09194652675334933,0.09422206940568845
M24,200.78788749999993,241.90331840743295,0.3481246555441557,0.027978850285077267,0.03370809272140454
M36,173.5009375,239.16183772943467,0.4652106074388169,0.023969735781717707,0.033041009126792725
ALL_MODELS,299.8013135416666,406.0835516151314,0.2857984698231876,0.042032272532107354,0.05693308781958047
