Model,MAE,RMSE,R2,MAE / Mean,RMSE / Mean
M24,399.213475,402.9464840545061,-2.4313220237620037,0.08702201089918256,0.0878357458429441
M36,345.80652291666667,385.3024522247039,-0.35249435842148724,0.06505039092045602,0.07248005308988148
M48,376.16707083333336,384.14529299801995,-2.7105297254169405,0.06875602376147139,0.07021428758960038
ALL_MODELS,366.74839791666665,389.50270683435673,0.22113458499824257,0.07090179510725533,0.07530078187271583
