Model,MAE,RMSE,R2,MAE / Mean,RMSE / Mean
M18,582.9461666666666,595.5952606389537,-16.133537607823744,0.0732774030000838,0.07486741732660945
M24,224.42347916666668,276.5694079224093,0.48206808427249104,0.023775247743273966,0.02929954662489935
M36,316.41418749999997,396.38696902761035,0.21649167388939017,0.03687264901032043,0.04619210565967379
ALL_MODELS,360.04950520833336,431.7029100909348,0.5573558675619255,0.04167571264592331,0.049969590762104596
