Model,MAE,RMSE,R2,MAE / Mean,RMSE / Mean
M12,49.880650000000024,59.08800833623094,0.9346365677037811,0.012296727407194369,0.014566552992887222
M18,80.98542500000002,98.56891016888895,0.9020698038138087,0.016921464701426924,0.020595438427111732
M24,371.3502416666666,395.04300757642295,-0.594585708937881,0.07331753140450316,0.07799531241482861
M36,170.9002666666668,195.08870011226747,0.12605931620530497,0.03618021629059862,0.04130099679528624
ALL_MODELS,168.27914583333336,227.66521557296858,0.7538388632345732,0.03612901047094659,0.04887901537991283
