Model,MAE,RMSE,R2,MAE / Mean,RMSE / Mean
M18,177.9603958333333,188.54626503605044,-0.26729002146638714,0.05440411560899803,0.05764031234383627
M24,244.96296250000015,263.6209060539515,0.13809830492093222,0.05834361546935012,0.06278743780498414
M36,215.58398333333332,269.18884774168146,-0.05153634087427239,0.057283795289102935,0.07152738626367024
ALL_MODELS,213.52283125,249.985473410326,0.6310331547042922,0.05695239415644674,0.06667798067168437
