Model,MAE,RMSE,R2,MAE / Mean,RMSE / Mean
M24,610.2440458333333,635.7249190923071,-5.769023155619073,0.14943837214048117,0.15567820396930157
M36,1139.9455708333335,1211.7682377976544,-4.957561487622718,0.2625720399251404,0.27911548257731855
M48,971.6107999999999,978.2084481992032,-22.76031260334104,0.24140148451815271,0.2430407026800095
ALL_MODELS,965.4364968750001,1036.5570974569707,-5.346905488864504,0.22998390468320792,0.24692607900352906
