Model,MAE,RMSE,R2,MAE / Mean,RMSE / Mean
M24,50.43450833333336,58.04421843671578,0.9577951320984608,0.011827633648951043,0.013612222539610303
M36,186.19558541666666,233.7102060791513,0.6245670533577414,0.040761784464947846,0.051163646152720135
M48,65.62320833333331,81.25778444222027,0.8655183530176036,0.013434302335499936,0.016634993488350534
ALL_MODELS,122.112221875,172.63609101047373,0.8053762773005776,0.026713579000619825,0.037766308603304856
