Model,MAE,RMSE,R2,MAE / Mean,RMSE / Mean
M18,48.20235833333329,58.88550835910305,0.6104876598266307,0.02243840021723527,0.02741145141529711
M24,61.244387499999995,77.91460427288595,0.67719609420806,0.02320852162379802,0.02952568964914441
M36,283.77491041666667,294.40439417193903,-3.166633535386982,0.11223331026243151,0.11643728356818749
ALL_MODELS,169.24914166666667,213.82591240843766,0.12025728707620875,0.06877279888256332,0.08688615094372612
