Model,MAE,RMSE,R2,MAE / Mean,RMSE / Mean
M18,252.22918333333348,276.16855065002585,-1.1886002822073505,0.03763795442534277,0.04121021677869009
M24,386.7065333333335,408.12978264342496,-1.5302616686917325,0.050660797606960795,0.05346736745729865
M36,184.80839791666676,220.9813999158636,0.44118036993533727,0.02578774306453912,0.03083524140305603
ALL_MODELS,252.13812812500012,291.76383688963875,0.5201249299432127,0.0351807348850189,0.0407096946066069
