Model,MAE,RMSE,R2,MAE / Mean,RMSE / Mean
M18,64.68759166666666,80.87660391182875,-0.11838017100874243,0.03289617748018816,0.04112892515751769
M24,94.97030416666666,103.95092993439863,0.4110359603080447,0.04410470984345673,0.04827535978686831
M36,119.91019583333336,147.06496125915612,0.595860394269266,0.05626834881220062,0.06901083332133634
ALL_MODELS,99.869571875,123.08840984720216,0.6058529588657001,0.04766025014540448,0.05874085863370206
