Model,MAE,RMSE,R2,MAE / Mean,RMSE / Mean
M36,103.60327708333334,116.71165516136786,0.8582739611018487,0.03693740938261335,0.04161090563718623
M48,163.501125,182.20823214102802,-1.0808424169916742,0.0573860148143815,0.06395187989652852
ALL_MODELS,133.55220104166668,153.00563765833076,0.5858307060233667,0.04724184405525607,0.05412316994741812
