Model,MAE,RMSE,R2,MAE / Mean,RMSE / Mean
M36,110.28515625,130.43142536606084,0.8636785332606363,0.023613136976769082,0.02792665140050548
M48,141.04009583333325,164.46796161378833,0.4515801877948513,0.0270476739540384,0.03154050467231534
ALL_MODELS,125.66262604166661,148.42854698543815,0.8631981911078592,0.02542491169280053,0.030031066663720414
