Model,MAE,RMSE,R2,MAE / Mean,RMSE / Mean
M12,307.0043458333333,314.27616004855696,-1.8030988598017306,0.06901429628519509,0.0706489934730088
M18,113.88418750000001,141.6944219198175,0.7223330603201815,0.02135945937497558,0.026575386057498027
M24,100.90045416666665,139.20374406510376,0.7995866410960031,0.0207319050391247,0.028602039771608394
M36,132.88610000000003,152.72625485379615,0.6180981224890156,0.025679920768481322,0.029513983207516588
ALL_MODELS,163.66877187499998,200.96629397828576,0.7756054779556776,0.033027978617854045,0.040554532085653516
