Model,MAE,RMSE,R2,MAE / Mean,RMSE / Mean
M18,25.125241666666682,30.957121156703725,0.6350961334615066,0.008818065893570044,0.010864848102026665
M24,67.040375,82.58932612995964,0.8039514673055649,0.01907355730475603,0.02349736624684707
M36,189.05592083333337,207.0450309048745,-0.04716296431310796,0.06063857616336569,0.06640847755749323
ALL_MODELS,117.56936458333337,152.90080917519086,0.728865696378487,0.03732471865895481,0.048541384104746246
