Model,MAE,RMSE,R2,MAE / Mean,RMSE / Mean
M12,195.86497500000007,222.59719978269982,-1.6708810752648935,0.029728122687747046,0.03378550384053625
M18,211.82597083333337,253.91416891703375,0.19925831162591434,0.0272940835709032,0.032717208938042905
M24,155.3358708333333,183.91131000729325,0.7639759070339596,0.02176067674132184,0.025763750154242843
M36,152.18635416666675,178.22246724298802,0.05470700414026164,0.02155423268714409,0.02524174095678329
ALL_MODELS,178.80329270833337,211.9012366095959,0.8151862535076365,0.025052638791993723,0.02969008601545504
