Model,MAE,RMSE,R2,MAE / Mean,RMSE / Mean
M12,68.33877083333338,79.6918217110844,0.8012843108883316,0.013707276814816064,0.015984452847928408
M18,65.87725000000007,75.27833563398241,0.9211612610710749,0.011567897802101334,0.013218707419119508
M24,108.34332083333334,123.44764144757043,0.7657132214362301,0.020556554564715557,0.023422377658205186
M36,143.673,180.42683225353434,0.3908314041026659,0.0255008763690956,0.03202440502366436
ALL_MODELS,96.5580854166667,122.28120894015841,0.8917413436583698,0.017893587548427826,0.022660448457076026
