Model,MAE,RMSE,R2,MAE / Mean,RMSE / Mean
M24,82.25738333333335,96.34280857823103,-1.4778858683319398,0.04631392108103037,0.0542445316444786
M36,173.04803333333334,191.60151039434356,-0.49924443085021886,0.08034653949952118,0.08896095509744044
M48,81.73532083333333,92.13857957344966,0.5147435465168798,0.03717917630112581,0.04191133599489769
ALL_MODELS,127.52219270833332,150.99149991087418,0.5126602639340101,0.061589737333286376,0.07292477192843916
