Model,MAE,RMSE,R2,MAE / Mean,RMSE / Mean
M18,88.01175833333333,104.34700612609835,0.7819895035737662,0.021547523691968704,0.025546809077174718
M24,153.31987083333323,184.53923438493246,0.6300985020573879,0.0314655592895684,0.03787265270463712
M36,155.26082083333336,185.31460903276084,0.4717321359669159,0.03148641429718197,0.03758122959809253
ALL_MODELS,137.96331770833334,168.54230578462125,0.8556726404512472,0.029323871611957614,0.03582338420173413
