Model,MAE,RMSE,R2,MAE / Mean,RMSE / Mean
M18,75.05817499999993,91.98404483201142,0.6475954450573347,0.01719250415163487,0.021069471415452425
M24,107.59590000000007,136.98915274081017,0.5289309210294628,0.021626229837696614,0.02753412446426012
M36,129.75914999999998,155.7100134209248,0.5084320037397443,0.02488429379614536,0.029860967191662636
ALL_MODELS,110.54309374999998,137.58480024278816,0.8824566989397011,0.022365825746079915,0.027837086543811465
