Model,MAE,RMSE,R2,MAE / Mean,RMSE / Mean
M12,173.97702500000003,188.97999369889885,0.5161350688114323,0.03802880406568486,0.04130823108804041
M18,102.03631249999997,126.89744348493099,0.8382040796330927,0.018491399424614703,0.02299682589413774
M24,136.26955,172.81409898500996,0.6733086669834341,0.02632083635134483,0.03337951595634941
M36,174.41491249999999,204.01992194371095,0.65247889021975,0.03248756596920402,0.03800197229797174
ALL_MODELS,146.67445,175.57422970026514,0.8628309830924642,0.028426887824731698,0.034027936921550504
