Model,MAE,RMSE,R2,MAE / Mean,RMSE / Mean
M12,67.22889166666666,88.70812838579577,0.6058255350433832,0.027570715286558897,0.036379397171304784
M18,128.2397583333333,143.3239323428575,0.2189930873801612,0.04493793455883425,0.05022374945215406
M24,136.3831583333333,159.7872725234919,-1.2153745501318753,0.049349372050597785,0.05781800082264848
M36,256.36579166666667,266.1427001666791,-2.333816988204531,0.0937966522859277,0.09737373361587112
ALL_MODELS,147.0544,176.61737664824938,0.2918937853441852,0.054520332902079666,0.06548078922599085
