Model,MAE,RMSE,R2,MAE / Mean,RMSE / Mean
M12,149.70196666666666,169.02007318005164,0.2529604008167863,0.032866016575495344,0.037107171337942876
M18,144.7642791666666,161.89123684693763,0.662702097477621,0.027821227408492872,0.031112736800045667
M24,116.29112916666675,155.19943854420978,-0.05082448747260071,0.021059762161672733,0.02810586918183491
M36,153.67595416666666,177.77419603281967,0.5345985859163862,0.028445340891562546,0.03290591319441364
ALL_MODELS,141.10833229166667,166.18294753461817,0.8554364444821791,0.027290052298010018,0.03213942972469679
