Model,MAE,RMSE,R2,MAE / Mean,RMSE / Mean
M24,173.86231666666671,200.88623249472369,0.7436618757973628,0.02134665964097344,0.024664631841089912
M36,393.2733437500001,447.6895046628941,0.6864761368116536,0.04123523725892384,0.046940844673265564
M48,365.0633541666666,418.46991228403795,-0.05944121683497183,0.03988256032556,0.045717137397144565
ALL_MODELS,331.3680895833334,392.5315691328372,0.7874009725028687,0.0364413149939229,0.04316760426091432
