Model,MAE,RMSE,R2,MAE / Mean,RMSE / Mean
M24,69.60501666666664,86.97253351684752,0.4458535939418772,0.025161471261597772,0.031439643396860166
M36,296.4676291666667,320.45249864827406,-3.028480629196249,0.09412915861886494,0.10174441020715144
M48,204.99747499999998,230.7287348436344,-0.6573807601748456,0.07066238761382242,0.0795319225037662
ALL_MODELS,216.8844375,257.96297139741176,-0.29459529378489235,0.07249669565944052,0.08622777754076118
