Model,MAE,RMSE,R2,MAE / Mean,RMSE / Mean
M36,152.83253333333334,166.9020895967391,0.6237798992032582,0.06385204630516146,0.0697301793075418
M48,271.80871666666667,282.87349936832635,-2.846637449472687,0.10750066658427058,0.11187680113442644
ALL_MODELS,212.32062500000004,232.24310986188635,-0.037816776939376684,0.08627449154515249,0.09436980612787492
