Model,MAE,RMSE,R2,MAE / Mean,RMSE / Mean
M18,104.41599166666667,128.2699162651393,0.5242666381763813,0.015980714609120417,0.01963152283524544
M24,625.6382333333335,653.3807343942409,-3.296392552325641,0.08127062898834687,0.08487438974145381
M36,299.33732291666666,377.6439469356181,0.049021076120636664,0.041391981274756934,0.05222012085822015
ALL_MODELS,332.1822177083334,426.78725871634424,0.35242882471641557,0.046304231771684135,0.059491613612366934
