Model,MAE,RMSE,R2,MAE / Mean,RMSE / Mean
M18,106.73964583333337,111.8286550496842,-3.388740713912937,0.038483805789655545,0.04031859211309539
M24,153.06997916666668,175.4275207349641,-0.7994804736334253,0.046987612554998476,0.05385066634655605
M36,100.8049166666666,114.87096427337133,0.16137088723462,0.03557977557833431,0.04054448200010165
ALL_MODELS,115.35486458333331,131.97645622195822,0.6548404408761925,0.039445286648025775,0.04512899534206482
