Model,MAE,RMSE,R2,MAE / Mean,RMSE / Mean
M18,55.59438750000002,71.9222654418035,0.910495813354531,0.0127672337738142,0.01651692585762948
M24,91.44985416666664,109.07017618238001,0.8653548428891563,0.017523185443629186,0.020899507615724587
M36,112.69376041666665,133.55823363944796,0.8422379321532281,0.023029471743739514,0.027293219752107415
ALL_MODELS,93.10794062499998,114.83109241894745,0.9303453636029273,0.019237012207195182,0.023725228071854912
