Model,MAE,RMSE,R2,MAE / Mean,RMSE / Mean
M36,216.79217916666673,238.72262191854418,0.2545714327058852,0.043535480119151225,0.04793947826197419
M48,278.79759375000003,296.60811396909907,-0.28430162667970404,0.053917125636077215,0.05736153146247096
ALL_MODELS,247.7948864583334,269.2256149477332,0.11188891981065008,0.04882407327210222,0.05304666023907309
