Model,MAE,RMSE,R2,MAE / Mean,RMSE / Mean
M36,266.1988979166667,377.18541375604343,0.9049709880838385,0.028829034696244284,0.04084874680245406
M48,356.97695833333336,413.93696710570157,0.12517185512740803,0.03670423295497144,0.04256083905318917
ALL_MODELS,311.587928125,395.98778332606696,0.8271184789977964,0.032868827818098904,0.04177201070188332
