Model,MAE,RMSE,R2,MAE / Mean,RMSE / Mean
M18,64.24389166666663,84.36659080685708,-1.1818861252983344,0.030264464334785832,0.03974400697531837
M24,66.37158750000002,77.87994721897553,0.7338618680556435,0.02518925487839591,0.029556891951918355
M36,68.65623958333332,80.48819746930678,0.48074079732891795,0.025880344128918757,0.030340465214289167
ALL_MODELS,66.98198958333332,80.83889485717614,0.8983831026296291,0.02662417605167273,0.032132054928324404
