Model,MAE,RMSE,R2,MAE / Mean,RMSE / Mean
M24,133.20500833333332,146.54088589537335,-0.23350187956456536,0.025719804019372797,0.028294753427158606
M36,256.2306958333334,296.44258193261766,0.5702563609325675,0.048198016286670496,0.05576203251364008
M48,119.03893333333338,139.98579792788206,0.27283392457926203,0.023057830722419966,0.027115236517833867
ALL_MODELS,191.17633333333336,232.82325035649905,0.5431386453678511,0.03645946294938804,0.04440199538364514
