Model,MAE,RMSE,R2,MAE / Mean,RMSE / Mean
M36,258.36324999999994,318.8484940138602,0.686872552364621,0.0477224261734894,0.058894690773957696
M48,311.44954791666675,347.48205072824425,-1.3637960337777773,0.053508496458317685,0.059699049830363345
ALL_MODELS,284.90639895833334,333.47274079991365,0.5148713622181035,0.050720189410165546,0.05936616600518071
