Model,MAE,RMSE,R2,MAE / Mean,RMSE / Mean
M36,135.54653750000003,171.54321671382357,0.595626326164785,0.04522457720779899,0.057234729797125995
M48,277.4906729166666,300.14282310759535,-2.005786784024865,0.09292732517982598,0.10051317916435558
ALL_MODELS,206.51860520833335,244.45121135261647,-0.16252866345555939,0.069031769371653,0.08171128033569586
