Model,MAE,RMSE,R2,MAE / Mean,RMSE / Mean
M24,99.75539583333335,132.27138889632215,0.8278561267804742,0.02780799698008015,0.0368722148035511
M36,146.87096041666666,185.82761786286358,0.7313114007224304,0.0353437517547026,0.04471847379686285
M48,105.63431250000004,129.10668085804247,-0.22892343708968377,0.02473943909365029,0.030236641788821093
ALL_MODELS,124.78290729166667,160.64562123188685,0.8428053291933907,0.030871257048315108,0.039743682643520545
