Model,MAE,RMSE,R2,MAE / Mean,RMSE / Mean
M18,193.13544999999996,197.30518562035434,-1.5003231089839062,0.045953630487369626,0.046945755392081776
M24,199.43203333333335,203.4187280183538,-0.020357617008475604,0.044036882877909654,0.044917190840376216
M36,369.13256249999995,425.414636546028,-0.9413174042441468,0.08362846556850899,0.09637939563982323
ALL_MODELS,282.7081520833333,332.5145640255724,-0.4840943747531119,0.06440004603396071,0.07574579322317204
