Model,MAE,RMSE,R2,MAE / Mean,RMSE / Mean
M12,138.08057083333338,150.89727010426526,-0.4624529455265829,0.032854162866320355,0.0359037007029223
M18,203.52514166666674,205.7471196804932,-0.043849939523111336,0.0449406881957862,0.04543132645442853
M24,142.90989583333337,182.51591313778533,0.7497553636641213,0.03324001298650955,0.042452142922418674
M36,388.42498333333333,414.4646200111295,-5.349910926442053,0.08577185286053401,0.09152191524453111
ALL_MODELS,218.2351479166667,259.90134819351573,0.0933133116697129,0.04971329432311095,0.05920472637455867
