Model,MAE,RMSE,R2,MAE / Mean,RMSE / Mean
M18,270.1880208333335,292.85874671184996,0.6539633488556904,0.03105743303111726,0.03366337591699067
M24,227.81168749999998,264.84170163288496,0.907806750969538,0.020512410662364703,0.023846633173344987
M36,539.4706145833334,568.9018388240088,-0.2446074491189798,0.047764627053708625,0.05037046212903649
ALL_MODELS,394.23523437500006,448.1087973037671,0.8737195185770164,0.03719693797821056,0.0422800239233405
