Model,MAE,RMSE,R2,MAE / Mean,RMSE / Mean
M36,260.0658812500001,300.2085665109061,0.6338964791073802,0.03248793019987509,0.03750263166907009
M48,600.4757125,643.9212200156509,-2.651222881720841,0.07909886165921129,0.08482180784530652
ALL_MODELS,430.2707968750001,502.3742235589806,-0.13367281979582923,0.055175449153787595,0.06442157736353357
