Model,MAE,RMSE,R2,MAE / Mean,RMSE / Mean
M12,85.26874166666664,95.10170967428765,0.6204477042009129,0.040008011573576266,0.04462163070483282
M18,49.79022500000002,63.24593171437329,0.8932903212344605,0.018198181652046792,0.023116203111978543
M24,84.37037499999998,91.49447210824177,0.7927182199293267,0.03217735861049754,0.03489436238614633
M36,89.34035833333336,123.59712752172551,-0.5061954406351723,0.03516125678490022,0.04864352930456064
ALL_MODELS,77.192425,95.77561200454316,0.8852737229130078,0.03078397673694049,0.0381948644820278
