Model,MAE,RMSE,R2,MAE / Mean,RMSE / Mean
M12,180.5731041666668,219.96628493037787,0.7759962127049241,0.022306286158407296,0.02717254554327206
M18,499.4216666666667,517.7979412728644,0.40209987456284657,0.05028684105640746,0.05213715084872876
M24,80.93062499999996,103.04362036192093,0.9164956017485407,0.008285952570889836,0.010549956225491344
M36,200.43472916666647,246.14031873745714,0.8184826550680405,0.021204695028145464,0.026040050118351962
ALL_MODELS,240.34003124999995,311.3289733938835,0.8794712692781477,0.02581095279273393,0.033434702465030344
