Model,MAE,RMSE,R2,MAE / Mean,RMSE / Mean
M18,147.52239583333326,173.62528648835846,0.6942887973733618,0.021878939465097873,0.02575024023457956
M24,185.07040833333338,218.84190546385878,0.6556972077393177,0.026255777029024065,0.031046909801575994
M36,138.1666041666667,175.38647000075767,0.5066501574523559,0.019233493322506276,0.024414687760208716
ALL_MODELS,152.23150312500002,186.78754469575213,0.7164359573725516,0.021624784961431415,0.02653353875250582
