Model,MAE,RMSE,R2,MAE / Mean,RMSE / Mean
M12,34.799458333333405,45.95620990189105,0.9301763515768118,0.007317792711883728,0.009663886565835621
M18,94.3843708333333,114.8948671734748,0.40308995112974555,0.018137324749985983,0.022078713876385346
M24,257.78284583333334,265.8884750553361,-1.4692139242000288,0.05151020997768675,0.053129878120758534
M36,189.82278749999992,224.55937251285843,0.04897945393697112,0.03556593178393822,0.04207431272831929
ALL_MODELS,144.197365625,184.68648886828313,0.5820688106106855,0.028411816101390527,0.036389559097655455
