Model,MAE,RMSE,R2,MAE / Mean,RMSE / Mean
M36,176.12866875,208.54827368243133,0.6558300210789688,0.03313686840774667,0.039236296684252686
M48,321.7660104166667,373.5526506160948,-1.3019958771809503,0.057846874836138644,0.06715704184203597
ALL_MODELS,248.94733958333336,302.51773934616836,0.1586091442121801,0.04577263326840611,0.055622339903111266
