Model,MAE,RMSE,R2,MAE / Mean,RMSE / Mean
M18,52.89333333333358,64.38541641357946,0.9805200692953031,0.005787649998176341,0.007045127083223489
M24,208.30241666666666,257.6663243829119,0.8500714699751469,0.021047380475236185,0.026035229219741524
M36,188.82719791666682,217.4567828847097,0.8553468493076385,0.01818593333346711,0.02094324652424716
ALL_MODELS,159.71253645833346,203.170077406151,0.9295960406927112,0.01605065422595738,0.020418013099165033
