Model,MAE,RMSE,R2,MAE / Mean,RMSE / Mean
M36,227.68203958333325,273.87911627255784,0.9591107053234262,0.023110919637457115,0.02780016490600779
M48,463.4347291666667,502.02615358432985,-0.09647440224044823,0.041138584876000965,0.04456430265020959
ALL_MODELS,345.558384375,404.37608065569015,0.8932395208841197,0.03272810986847038,0.03829878073951991
