Model,MAE,RMSE,R2,MAE / Mean,RMSE / Mean
M12,81.52262083333333,90.6158100924838,0.8061702374176312,0.027630884055924305,0.03071288578194621
M18,109.08600416666667,137.4476007700465,0.3351278280533868,0.034798486076958866,0.04384584858750736
M24,76.29384166666661,108.05279724766496,0.7464566440632603,0.02485984929740002,0.035208297249934954
M36,103.2704666666667,128.3968436633666,-0.41020354104944334,0.034257908995411084,0.04259308132803669
ALL_MODELS,92.54323333333332,117.54172073344763,0.6240460038158124,0.030420172026516187,0.03863750202162307
