Model,MAE,RMSE,R2,MAE / Mean,RMSE / Mean
M12,85.72505416666671,97.49794648857359,0.2132763340280185,0.02940615021796614,0.033444589662342115
M18,168.16067916666665,183.09830941289547,0.24278936249894334,0.046266838243723483,0.050376698680608636
M24,135.6951416666667,163.50996298203313,0.5518324296024546,0.04156583790682834,0.05008601291089719
M36,160.2595333333333,180.21726392200193,-0.32796739277537523,0.0500804520774469,0.05631716167924958
ALL_MODELS,137.46010208333334,159.8785560114829,0.7463641632423252,0.042248563452069184,0.049138908060619824
