Model,MAE,RMSE,R2,MAE / Mean,RMSE / Mean
M24,149.6932166666667,177.76357947198443,0.009242133269148689,0.03773976784494985,0.044816701584407016
M36,532.2708375,567.5588031750888,-3.265701961382322,0.11583381028807703,0.12351324570606649
M48,302.63711666666666,354.8254056153827,-1.537624607608155,0.07161666748834045,0.08396661113567659
ALL_MODELS,379.2180020833334,447.7016162523572,-0.5562897489571332,0.08726431804017451,0.1030235273987878
