Model,MAE,RMSE,R2,MAE / Mean,RMSE / Mean
M18,128.23521250000007,147.31226998247777,-0.3863169478627708,0.02974374806710996,0.034168610634562654
M24,127.48504166666665,153.51675706877515,0.027311287980519294,0.028227814117408264,0.03399177209962639
M36,226.23355416666664,288.7562742089829,0.4261497526523902,0.04982935006057045,0.06360036875496118
ALL_MODELS,177.046840625,230.23285570179294,0.42297462405807706,0.03954595768641037,0.05142581893844246
