Model,MAE,RMSE,R2,MAE / Mean,RMSE / Mean
M36,270.9054145833333,336.77058960427746,0.8138475326189055,0.036800196687165526,0.04574742057094554
M48,295.59501875,322.9521788233144,0.16862165123452244,0.03777712933921925,0.04127338235056443
ALL_MODELS,283.25021666666663,329.93373564182457,0.741427574790066,0.03730356147770938,0.04345169982895024
