Model,MAE,RMSE,R2,MAE / Mean,RMSE / Mean
M18,305.90945416666665,309.6872526021959,-4.826356912017936,0.13605297889294515,0.13773315164932826
M24,172.00230416666662,189.85266538088928,-0.21751713206074852,0.0628443268835538,0.06936629727558485
M36,338.4332,352.067588937941,-4.017718938612543,0.1459471510969759,0.15182689404902852
ALL_MODELS,288.6945395833333,308.16124161616847,-0.5503904577632073,0.11999980862155563,0.12809140786622636
