Model,MAE,RMSE,R2,MAE / Mean,RMSE / Mean
M24,98.36693750000002,125.42622536384525,0.83823641291578,0.016539207650273228,0.02108889875810765
M36,315.88365833333336,336.4626304286976,-0.5411960690091011,0.050734854244184495,0.054040093759461026
M48,333.72479583333336,359.82030048048694,-5.502337448125182,0.051284088566178124,0.0552942316188151
ALL_MODELS,265.9647625,304.80181675840066,0.11688608222463948,0.0427128980398914,0.048949976678114376
