Model,MAE,RMSE,R2,MAE / Mean,RMSE / Mean
M36,61.62748333333332,77.53870389165333,0.9164176889057322,0.025517525986629284,0.03210573894155152
M48,151.69792291666667,156.59706670106738,-0.8050691289537657,0.0644198129733173,0.06650027604263602
ALL_MODELS,106.66270312500001,123.56150674982892,0.6503657436980042,0.044722893381726705,0.051808438475275165
