Model,MAE,RMSE,R2,MAE / Mean,RMSE / Mean
M12,105.1439875000001,130.09393553604042,0.5511444493132248,0.013854636045196511,0.017142246279551604
M18,201.30730000000008,249.0033149687236,0.83895171056582,0.024441126298855705,0.030231995908664603
M24,320.88508749999994,372.1778946187086,0.01883435529653088,0.037038913924866405,0.04295950650408567
M36,458.13251666666673,472.2171768637994,-3.620514170520937,0.05557443870485125,0.05728299912422381
ALL_MODELS,271.3672229166667,331.82545498224675,0.6336557321975376,0.03316176613232755,0.040549916149061255
