Model,MAE,RMSE,R2,MAE / Mean,RMSE / Mean
M12,78.75763333333337,87.45129002550509,-2.797400925860413,0.03002292321865372,0.03333700182045367
M18,59.327274999999986,70.28844986225808,0.3727432043879496,0.02106917135247114,0.02496186440802299
M24,63.15187916666664,75.40060401772595,0.6819087752846531,0.024087681574012258,0.028759646807562107
M36,75.78663333333337,93.1005064521626,0.13340228757360117,0.027192094483480353,0.03340427799150699
ALL_MODELS,69.25585520833334,82.06879690090999,0.6162543614265737,0.025537015940080666,0.03026158825614503
