Model,MAE,RMSE,R2,MAE / Mean,RMSE / Mean
M36,111.32976666666667,127.5626750444218,0.7288496660343908,0.04150707833313915,0.04755919377165906
M48,384.7283395833333,400.7532205641576,-3.4524640530897948,0.12570510799349247,0.13094103471638222
ALL_MODELS,248.02905312500002,297.3847506657269,-0.05492503657128833,0.08637988877280049,0.10356876084305496
