Model,MAE,RMSE,R2,MAE / Mean,RMSE / Mean
M36,135.19284375000004,179.30698594790874,0.4716770763521513,0.04973753736491149,0.06596715969571257
M48,103.21656875000001,167.62397050732392,0.1782915076577538,0.03827265585168019,0.0621548905705025
ALL_MODELS,119.20470625000002,173.56380771687935,0.36763246342680567,0.04402759233610342,0.06410482279478462
