Model,MAE,RMSE,R2,MAE / Mean,RMSE / Mean
M12,104.03346250000004,119.07765279030639,0.8155608428715843,0.02075635833104722,0.023757917607862212
M18,127.06183750000002,148.14039228087407,0.8028460747168055,0.02303235725075529,0.026853243313753605
M24,162.34885416666665,189.0018396444033,0.8144105350557882,0.02991893251222827,0.034830755745296274
M36,184.17690416666673,233.58130405438868,-0.28163777312798643,0.033812281131195075,0.04288223192486233
ALL_MODELS,144.40526458333338,177.76879943616197,0.7822116896883913,0.026988958261543353,0.03322451381555093
