Model,MAE,RMSE,R2,MAE / Mean,RMSE / Mean
M24,95.6547083333334,106.88539812864605,0.6688733899826673,0.022999218569983083,0.02569952568287471
M36,155.9080125,197.6291153489599,-0.021548661226916233,0.03490087210386897,0.04424037205140318
M48,53.425916666666616,68.0631005572953,0.8775131365409514,0.011720815013208761,0.01493198546006826
ALL_MODELS,115.22416250000002,153.43696462865188,0.6080070896139579,0.026110782318866585,0.03477013064066628
