Model,MAE,RMSE,R2,MAE / Mean,RMSE / Mean
M36,124.75492708333331,155.96906166367776,0.6499478540586164,0.05403667725459762,0.06755684960797463
M48,96.49993958333334,109.4497017024839,0.38294127235899067,0.042896408627443726,0.048652871169180024
ALL_MODELS,110.62743333333333,134.73230013439766,0.5995130188058069,0.04853876663056047,0.05911499052967416
