Model,MAE,RMSE,R2,MAE / Mean,RMSE / Mean
M36,156.7169666666667,179.81273818915406,0.835042451689825,0.0320007419066661,0.03671677131526522
M48,193.12683124999998,216.23343206237644,0.6303974200159044,0.03962964756880616,0.044371124663318204
ALL_MODELS,174.92189895833334,198.85864069302548,0.7549887828522424,0.035805825095738056,0.04070558203308069
