Model,MAE,RMSE,R2,MAE / Mean,RMSE / Mean
M36,66.59334166666666,79.7560877145751,0.19750586163297856,0.02553854094261083,0.03058645294775297
M48,121.56591250000002,135.53413694553427,0.41613008072506497,0.05029143044291416,0.05607004036461897
ALL_MODELS,94.07962708333334,111.19922617785126,0.5699157173639506,0.037446180189891785,0.04426023348013483
