Model,MAE,RMSE,R2,MAE / Mean,RMSE / Mean
M36,191.16616458333343,256.98106520128874,0.9360356232129694,0.025786730309323557,0.03466461461625237
M48,197.8955833333334,233.1563748454163,0.7165431129212089,0.024300488363942427,0.02863031947694657
ALL_MODELS,194.53087395833344,245.35806793648064,0.9192433611519739,0.025008723139842905,0.03154302382080749
