Model,MAE,RMSE,R2,MAE / Mean,RMSE / Mean
M24,79.33339166666663,93.07308345231536,0.7953966516687729,0.04089350085910651,0.04797581621253369
M36,80.17503750000002,92.61589358153743,0.6041349017238071,0.040944364885999736,0.04729775076245382
M48,44.847983333333325,56.5752746630319,0.7062735407917258,0.02165000402284978,0.027311259793884577
ALL_MODELS,71.13286249999999,85.17447982572669,0.7300187028689793,0.03589037930907619,0.04297513527448145
