Model,MAE,RMSE,R2,MAE / Mean,RMSE / Mean
M24,164.33593750000003,170.28039819278357,-0.7269927662474955,0.04550613815463074,0.047152214196522546
M36,452.45961875000006,482.8533135924484,-3.4753049910799527,0.10832383187359097,0.1156004182333336
M48,382.8630208333334,417.00273188646446,-2.500003926228023,0.09630562717477886,0.10489315353703042
ALL_MODELS,363.02954895833335,409.0175232504966,-0.7423075927914535,0.09109543671175586,0.10263525382486485
