Model,MAE,RMSE,R2,MAE / Mean,RMSE / Mean
M24,141.54988750000004,159.19421822587367,0.3372928841738475,0.031076284783841644,0.034949973814202305
M36,181.5450020833333,205.93992375518815,0.4396409136866968,0.03385349367541023,0.03840252183401072
M48,276.3723291666667,288.63106398615014,-0.22680741607402988,0.05115637744871202,0.053425463023813076
ALL_MODELS,195.2530552083333,219.92793967963095,0.7468099018069712,0.03776152691655284,0.04253359725948067
