Model,MAE,RMSE,R2,MAE / Mean,RMSE / Mean
M12,101.24146249999994,113.01344080140603,0.7361183195485426,0.021711464262418115,0.024235992058418098
M18,194.38374583333325,210.25972265753742,-0.2767033946018036,0.04101607951398351,0.04436600121135649
M24,150.3774583333333,160.1605566821489,0.36279786327297936,0.033418450683358636,0.03559255306096128
M36,162.05187916666668,192.60919136931025,-0.21636271929114614,0.03214491243150317,0.03820631776630862
ALL_MODELS,152.01363645833328,173.01076071336783,0.611382813082705,0.032098532908382646,0.036532193595569494
