Model,MAE,RMSE,R2,MAE / Mean,RMSE / Mean
M36,205.5621354166666,261.76690770268095,0.8270060887141593,0.021517883623960843,0.027401300561181566
M48,227.0229791666667,273.5330567908833,0.7490461064499928,0.022083052324403198,0.026607195569980136
ALL_MODELS,216.29255729166664,267.71463083439096,0.8504897056823363,0.02181083089637902,0.026996206502573016
