Model,MAE,RMSE,R2,MAE / Mean,RMSE / Mean
M24,87.83454166666665,95.15021234002404,0.5006537422288597,0.050300150325705686,0.05448961073183748
M36,337.58005625000004,352.77247763552657,-9.236034292163009,0.19879332482732395,0.20773980108826143
M48,130.60259166666663,138.0290357617133,-2.966152942428988,0.06502898695047818,0.0687267247210871
ALL_MODELS,223.3993114583333,263.15509665208657,-1.436061119461315,0.12496334306407722,0.14720162030637457
