Model,MAE,RMSE,R2,MAE / Mean,RMSE / Mean
M12,35.25588333333334,39.99842734769914,0.9337804557790215,0.017731003122315125,0.020116138730218967
M18,86.15957916666669,96.75259853906815,0.6283281746846985,0.034357894824291774,0.038582078008434585
M24,107.04161666666666,126.75207282809684,0.5846103569285321,0.04624577055318536,0.05476138589538126
M36,114.81832083333337,129.98201131316375,-1.4759914697963907,0.05055663046270137,0.057233483864454
ALL_MODELS,85.81885000000004,104.78829937734682,0.8112141358564601,0.03779820244720436,0.04615313947883492
