Model,MAE,RMSE,R2,MAE / Mean,RMSE / Mean
M18,81.44099583333328,95.3832194693223,0.8025716529308313,0.017812179563121384,0.020861520848457032
M24,133.26180416666656,154.7062216533282,0.2588816304682029,0.02858034314820605,0.03317947651740206
M36,294.6122166666667,312.811668150214,-1.4321275014238855,0.06304731384140742,0.06694201495871685
ALL_MODELS,200.98180833333333,239.13084965998263,-0.37784755678530835,0.0432668669943669,0.051479498330160224
