Model,MAE,RMSE,R2,MAE / Mean,RMSE / Mean
M24,53.224962500000025,66.69644690355517,-0.11332218674419448,0.02238263040773774,0.028047777780051585
M36,134.0139875,147.610443836402,0.49094134716098925,0.0507256464242625,0.055872042331206545
M48,69.47208333333334,84.56742063788516,0.4376141775267195,0.02635219926980766,0.03207817318059212
ALL_MODELS,97.68125520833335,117.44972426751683,0.6413749436035636,0.03794137484574458,0.04561984798883945
