Model,MAE,RMSE,R2,MAE / Mean,RMSE / Mean
M36,203.82405208333338,230.4776697107639,0.1809122057353305,0.04262819540845894,0.04820258964187316
M48,128.41760000000002,158.69864443826125,0.7817300922332875,0.026031034308011965,0.03216918754132899
ALL_MODELS,166.1208260416667,197.8701796403966,0.5916540507472143,0.03419993201874311,0.04073629329618613
