Model,MAE,RMSE,R2,MAE / Mean,RMSE / Mean
M12,106.7561625,131.00135045887092,-0.05894517935433208,0.019130214586506586,0.023474841046298885
M18,182.98703750000007,211.06279536357877,0.2729638609873405,0.028434004739336504,0.03279664289698994
M24,177.70465416666664,201.30023560932457,0.2962523490186514,0.030157342563391833,0.034161627290123106
M36,221.3494791666667,253.79944410832962,0.07411337088101033,0.037743428063943166,0.04327663700603845
ALL_MODELS,172.19933333333336,204.1107543068239,0.7162441022773469,0.02897373088706455,0.03434304855869554
