Model,MAE,RMSE,R2,MAE / Mean,RMSE / Mean
M24,162.7557541666666,199.65497788233426,-0.5434016709243952,0.035291538822934156,0.04329267151999442
M36,124.33601250000002,147.4173883112533,0.6737880550467648,0.02197914309704791,0.026059287309749567
M48,110.69622083333327,134.24370132828852,0.7431108712139753,0.020002178119423876,0.02425707404611413
ALL_MODELS,130.53099999999998,159.17541761570456,0.898221471872666,0.02433014975564957,0.02966928735708876
