Model,MAE,RMSE,R2,MAE / Mean,RMSE / Mean
M36,323.5869958333333,400.8601496758242,0.4248127218812978,0.05056639384823741,0.06264173921566187
M48,308.74911875000004,346.0829759677797,-0.45104537629227015,0.045785689305211,0.051322082069857125
ALL_MODELS,316.1680572916666,374.47448901950514,0.3340000711715543,0.04811345655430414,0.05698634521296435
