Model,MAE,RMSE,R2,MAE / Mean,RMSE / Mean
M36,116.66094375000004,130.90863165277483,-0.9148009785555771,0.05607351297764963,0.06292171672808211
M48,100.73646041666666,134.93503681254285,-0.05485864839742782,0.05235045850701023,0.07012268464247341
ALL_MODELS,108.69870208333334,132.93707910286764,0.07990824145953779,0.05428460534050534,0.06638935641279564
