Model,MAE,RMSE,R2,MAE / Mean,RMSE / Mean
M12,143.19700416666652,165.3352423029783,0.26802503408546186,0.018693515768632422,0.021583530864263997
M18,337.07389583333344,379.10363554962953,-0.27923374943320245,0.04220281655607029,0.04746508520716534
M24,247.51579166666667,270.1252612780982,0.1843695639109575,0.032327361678738765,0.03528032276688429
M36,150.67847916666668,192.07585540242624,0.19511495711876425,0.019106783010244786,0.024356176880587898
ALL_MODELS,219.61629270833336,265.00759415697195,0.23552547829120696,0.02816503744532822,0.03398631640977627
