Model,MAE,RMSE,R2,MAE / Mean,RMSE / Mean
M24,222.83085833333337,229.4195508070313,-1.9875842759684175,0.04381905674909461,0.04511470445052481
M36,192.3877083333334,210.3467311454303,0.8676986744194185,0.03369016869509384,0.03683508119173983
M48,156.0348041666667,180.8576227551858,0.40435214541307984,0.026862220516609407,0.031135600614913377
ALL_MODELS,190.91026979166668,208.46720641883522,0.8379218609307275,0.03422103988542813,0.037368155172834705
