Model,MAE,RMSE,R2,MAE / Mean,RMSE / Mean
M12,188.1371875000001,211.76662827829196,0.7151423429199774,0.0230993155064894,0.026000517097906142
M18,318.04037500000027,371.63504610510273,0.58439383191438,0.03140015303163068,0.036691559427375654
M24,154.60741666666686,197.86211240427858,0.8414488289207998,0.017282295625605508,0.022117383456771583
M36,531.7266250000001,582.0369181685163,-1.0495072263723912,0.05809024366928712,0.06358655897836606
ALL_MODELS,298.1279010416668,374.4576417907924,0.8065282817598729,0.03278581460271931,0.04117997268094864
