Model,MAE,RMSE,R2,MAE / Mean,RMSE / Mean
M18,40.10152916666664,46.855734406157964,0.9363669378196263,0.009642011881743583,0.011265993024713136
M24,56.513483333333284,72.34588787094249,0.7803961703865722,0.012327861044709636,0.015781544513343997
M36,119.48541458333341,144.48456260391995,0.5071012464256626,0.02682553741814782,0.03243806831145069
ALL_MODELS,83.89646041666668,110.88390888702871,0.7952823582206879,0.019011656650253287,0.02512724366830822
