Model,MAE,RMSE,R2,MAE / Mean,RMSE / Mean
M24,128.22176249999987,148.06087031605574,-0.8396426101915224,0.024572774747869945,0.028374796480043898
M36,332.2143729166667,379.54265093679993,0.355116986004522,0.05984204741193293,0.06836732894126758
M48,289.6041916666667,325.34233606330093,-2.2232568282908987,0.052735209408194234,0.059242914002422015
ALL_MODELS,270.563675,322.441818284377,0.26734101345333505,0.049615692656817686,0.059129054022876895
