Model,MAE,RMSE,R2,MAE / Mean,RMSE / Mean
M12,99.67142083333333,132.57413664449697,0.47129235401689806,0.014911570253085649,0.019834056099413584
M18,307.84445416666665,360.0332075021315,0.5156974592794057,0.038294469582704875,0.0447865164593468
M24,194.03017916666658,271.6187520037222,0.3697230707321576,0.024716957887920502,0.03460074759338719
M36,294.8053416666667,336.06076054139004,0.14804393088681478,0.037798787289511936,0.043088395658781524
ALL_MODELS,224.08784895833332,288.92619880647015,0.8017091803341581,0.029511980426345688,0.03805107846530524
