Model,MAE,RMSE,R2,MAE / Mean,RMSE / Mean
M36,308.1573791666668,383.95265615023754,0.31879661843612217,0.04870721838232632,0.06068738617311934
M48,166.0636916666667,195.83043792466128,0.5019731616440646,0.025288164995288843,0.029821042611041376
ALL_MODELS,237.11053541666672,304.7697512734713,0.42351317397116084,0.03677961809168644,0.04727463939144995
