Model,MAE,RMSE,R2,MAE / Mean,RMSE / Mean
M18,240.30363333333332,252.978925290993,-4.637875737071271,0.041337523025867816,0.04351795270098864
M24,107.18099583333326,156.0273271930633,0.339271869233039,0.016249906190184387,0.023655587544037036
M36,220.13748541666655,247.27315185765752,0.3984644998993446,0.03550795506478841,0.039884910778696304
ALL_MODELS,196.93989999999994,229.47270356822258,0.6223434391551175,0.031753830030231765,0.03699929382356293
