Model,MAE,RMSE,R2,MAE / Mean,RMSE / Mean
M36,141.6439291666667,186.29512191011386,0.6583196431835951,0.028120111174988943,0.036984568066495985
M48,103.7506,127.99987404036938,0.5359180482863055,0.02171442125733621,0.026789658910874287
ALL_MODELS,122.69726458333336,159.8277826315791,0.7002762243491218,0.02500183051984302,0.032567858356801926
