Model,MAE,RMSE,R2,MAE / Mean,RMSE / Mean
M18,82.58072083333327,89.09953783505973,-2.2331580227011756,0.03482092308232894,0.0375696424337017
M24,90.79744583333331,116.52198970349434,0.6260268763564962,0.029852441881173194,0.038310173745275344
M36,140.93203125000002,156.3349981414744,0.35648252658027946,0.04901060307478302,0.05436714757212968
ALL_MODELS,113.81055729166667,132.6625088473304,0.8085450168667997,0.040776937833328974,0.04753136268560511
