Model,MAE,RMSE,R2,MAE / Mean,RMSE / Mean
M18,112.45123749999998,130.11623368296037,0.30689700755525595,0.024330439760556773,0.028152515311303677
M24,105.45570833333329,131.6116909807882,0.2636023113859527,0.020484626030934084,0.0255653896185355
M36,183.5109395833334,230.83661618533944,-0.4198320883011242,0.040122460497128115,0.050469650666145706
ALL_MODELS,146.23220625000002,187.6319257312416,0.6069472866404848,0.030920121669184925,0.03967390030835604
