Model,MAE,RMSE,R2,MAE / Mean,RMSE / Mean
M18,51.11381250000003,58.9546542772671,0.8680252765515643,0.019543588395545583,0.022541568332368055
M24,50.91369583333329,59.018739834927956,0.8719489539847147,0.016374034518800405,0.018980646906416945
M36,188.59022291666665,229.61202932960407,-0.1331526224047137,0.07098141393073056,0.08642116354314633
ALL_MODELS,119.80198854166667,167.63220971696705,0.6384145837645516,0.043412088281255895,0.06074410262801249
