Model,MAE,RMSE,R2,MAE / Mean,RMSE / Mean
M18,79.85446250000001,90.21177604262883,0.5923493677568279,0.03274848945695637,0.03699604635902894
M24,119.13282499999997,139.38024200015158,0.26138201946291517,0.04174667172830672,0.048841796609727664
M36,271.90960625,280.21422094795133,-3.7252838921549474,0.0989331819835663,0.10195478158259047
ALL_MODELS,185.701625,214.82844064492534,-0.04764730128728245,0.0688487689960801,0.07964751888278074
