Model,MAE,RMSE,R2,MAE / Mean,RMSE / Mean
M36,172.33503541666678,225.14803029084422,0.5737704644101708,0.029940502164439508,0.03911592945650317
M48,469.59859166666666,493.6237933462166,-3.515904136260513,0.08153490586171347,0.08570632500992348
ALL_MODELS,320.9668135416667,383.63790538824185,-0.7025266574455249,0.055745684853068085,0.06663043302041509
