Model,MAE,RMSE,R2,MAE / Mean,RMSE / Mean
M36,194.62930416666663,232.81435196665367,0.4075568752944534,0.04026136382246087,0.04816039068604578
M48,103.96188125000002,135.4207728496237,0.8960087727512028,0.021342935045272002,0.02780131259610168
ALL_MODELS,149.29559270833332,190.44856024769823,0.7298467168423926,0.030766208935103293,0.039246839706898025
