Model,MAE,RMSE,R2,MAE / Mean,RMSE / Mean
M18,69.35393333333333,76.30018854049989,0.6003624873773156,0.03630224858781706,0.039938158927220725
M24,116.20067499999999,123.04333894377419,-0.41317756929638527,0.052068038311457954,0.0551341486277437
M36,126.37001458333332,150.5076963194082,-0.12485067851203047,0.06245313462033461,0.07438218196480406
ALL_MODELS,109.57365937499998,128.7114168717161,0.4451350475922986,0.05352209151457485,0.06287007545492576
