Model,MAE,RMSE,R2,MAE / Mean,RMSE / Mean
M36,214.8899541666667,271.2589527789306,0.6933931324353617,0.031475811329160865,0.03973240932609305
M48,144.6074791666666,179.2323411857462,0.6947126917515434,0.020664176860581765,0.025612014113943066
ALL_MODELS,179.74871666666664,229.89742450671977,0.7062136073174412,0.026003195872249495,0.03325791622234443
