Model,MAE,RMSE,R2,MAE / Mean,RMSE / Mean
M24,167.0683124999999,181.41171347719774,0.2973787218932249,0.022637215880220846,0.024580700311940346
M36,195.5855041666667,242.87600432419904,0.5874373988874964,0.024261112101736357,0.030127191648671454
M48,155.8984875,180.76283632270648,0.6014582502780088,0.01976807944080772,0.02292090299062706
ALL_MODELS,178.53445208333335,214.22121728200685,0.7472891032639389,0.02275048768185197,0.027298020679452927
