Model,MAE,RMSE,R2,MAE / Mean,RMSE / Mean
M36,294.2776000000001,332.6773621257321,0.5641242728668341,0.03354650162563204,0.03792392512838846
M48,195.8256458333335,241.7254751239428,0.784077364249814,0.021185608997475677,0.02615133160374426
ALL_MODELS,245.0516229166668,290.7794977253652,0.7338991099161092,0.027204437598511485,0.03228092353212565
