Model,MAE,RMSE,R2,MAE / Mean,RMSE / Mean
M18,80.69431666666667,99.99640554382854,0.8254136803159223,0.012690446110295659,0.015726002129979325
M24,124.53924166666677,143.6763294034112,0.6213716684147954,0.01864569250539608,0.021510847685505288
M36,235.41534375,300.1842982099431,0.25196258544635874,0.03557466471477144,0.045362190889300054
ALL_MODELS,169.01606145833338,229.59932193721488,0.4904429392963101,0.02573236365078107,0.03495604615965844
