Model,MAE,RMSE,R2,MAE / Mean,RMSE / Mean
M36,597.61014375,623.9482305808291,-0.24236839683196498,0.12749639715719435,0.13311546372435895
M48,596.7727875,607.7997364277381,-8.222806412612075,0.12588483322346739,0.12821088705133565
ALL_MODELS,597.191465625,615.9269088319552,-1.138232348437251,0.12668605512453068,0.13066052483403132
