Model,MAE,RMSE,R2,MAE / Mean,RMSE / Mean
M18,217.76335000000003,231.2308707120206,-0.9633969124930615,0.07266044377711045,0.07715411101502188
M24,462.22082083333333,489.2980464035217,-1.9430294358002107,0.11740805101338837,0.12428589843556671
M36,215.49316875,276.5255943840329,0.1534257168554336,0.059060461809897394,0.07578768924004396
ALL_MODELS,277.7426270833333,333.84618557182415,0.41643364249901627,0.07806556053286487,0.09383467666489567
