Model,MAE,RMSE,R2,MAE / Mean,RMSE / Mean
M24,139.3248708333333,166.73564060562683,0.39671512085893357,0.030472117776785466,0.036467201065632435
M36,279.78191041666656,302.85722123696166,-1.0228825637438668,0.05998325814693059,0.06493044119994891
M48,180.8099166666667,199.93706400711875,-0.8183120468773251,0.03863631749988871,0.04272349673837733
ALL_MODELS,219.9246520833333,250.6095550466419,-0.5133006109158005,0.047344835581787516,0.05395060565748812
