Model,MAE,RMSE,R2,MAE / Mean,RMSE / Mean
M36,61.97203749999999,76.12963155912912,0.4582265636726408,0.032982490104114685,0.04051738365918458
M48,58.90972708333334,77.1713350364777,0.8462218358669664,0.0324099040654693,0.04245675016620548
ALL_MODELS,60.44088229166667,76.65225291092572,0.7709478939387788,0.03270094400234451,0.04147194638883242
