Model,MAE,RMSE,R2,MAE / Mean,RMSE / Mean
M36,123.06390208333335,159.5326599284134,0.6163899944934617,0.049032291882828524,0.06356252169833776
M48,85.36792291666664,103.7158002662012,0.6232052289152754,0.03950047042039002,0.04799019070127011
ALL_MODELS,104.21591249999999,134.5504307103722,0.7674196931449146,0.044622129253824534,0.05761046049772861
