Model,MAE,RMSE,R2,MAE / Mean,RMSE / Mean
M12,396.41291666666666,429.8971514095939,0.2612929668047098,0.042186733712015395,0.0457501657679852
M18,157.4903125,197.0076463811378,0.9249390273568716,0.015057394910446808,0.01883558350256273
M24,302.8086041666666,332.33582623619395,0.25786787234353625,0.02800488044546347,0.030735669176581007
M36,505.72404166666655,527.9899831981111,-1.2683824337857281,0.046196621665340845,0.04823055952908339
ALL_MODELS,340.60896875,391.4217984733202,0.7567073824376288,0.03273836907189864,0.03762235430333451
