Model,MAE,RMSE,R2,MAE / Mean,RMSE / Mean
M24,209.89133750000008,224.30255477971886,0.6710855640483645,0.03109616467276567,0.03323123890213991
M36,133.78420624999993,173.01401544954447,0.8773098443770482,0.015001628031387895,0.019400585291366308
M48,448.02124583333324,482.2347741427305,0.1807194302673516,0.04816828489257619,0.05184669745473477
ALL_MODELS,231.3702489583333,292.7156096611306,0.9311265662661669,0.027310898270593943,0.03455209247369438
