Model,MAE,RMSE,R2,MAE / Mean,RMSE / Mean
M24,183.33647916666678,213.47284599042402,0.06740847166442998,0.0377057757401774,0.043903751692619016
M36,165.85129374999994,204.02381823379147,0.6313740274112956,0.029383247826022755,0.03614612993379147
M48,102.68862499999993,139.82517952027027,0.6847540519703668,0.0177923633370874,0.024226835228323706
ALL_MODELS,154.43192291666665,192.59619260029353,0.8269348217014264,0.02817763345706395,0.035141082347628264
