Model,MAE,RMSE,R2,MAE / Mean,RMSE / Mean
M18,121.52064583333329,156.7932040969184,0.8044478602331958,0.025182146680942173,0.03249151152108553
M24,485.9973208333333,501.87989566469275,-3.835150980811746,0.0989240399294365,0.10215691467883967
M36,424.3016374999999,469.6290472861599,-3.3341045057113385,0.0839231852645459,0.0928885539382548
ALL_MODELS,364.0303104166666,423.54764272546515,-1.2551078703982306,0.07335561792092424,0.08534893431130858
