Model,MAE,RMSE,R2,MAE / Mean,RMSE / Mean
M36,197.10108333333332,224.2970081906494,0.7745191811825998,0.04230034114433132,0.04813692448392942
M48,124.41960416666662,147.19469710182037,0.7674175212256539,0.0261139989942937,0.030894184223036695
ALL_MODELS,160.76034374999998,189.70427873162598,0.7763199046165372,0.03411706981700172,0.04025964346117442
