Model,MAE,RMSE,R2,MAE / Mean,RMSE / Mean
M12,253.14180833333333,304.8768708560651,0.578000507585051,0.039921695590177615,0.04808056682116638
M18,194.33322083333334,226.45322780987155,0.8945599280318625,0.028161343944160325,0.03281593959217301
M24,386.0617416666667,407.90467311426875,-1.1029408240810255,0.050461464477303056,0.05331651637797811
M36,503.40695,530.2941860268191,-1.297605082972089,0.061703055591021676,0.06499864898569321
ALL_MODELS,334.23593020833334,384.65215352666377,0.7917408312144029,0.0460208389030722,0.052962632653337144
