Model,MAE,RMSE,R2,MAE / Mean,RMSE / Mean
M24,156.22210833333327,181.54247672204008,0.22408491404950992,0.030228492417340533,0.035127905003740634
M36,147.5812041666667,196.81134943169457,0.4216893149836566,0.02424921113617615,0.032338264166588526
M48,172.9024666666667,204.60622066201955,0.5465135161260808,0.028632556855818066,0.03388268171704894
ALL_MODELS,156.07174583333335,195.12226354148868,0.8270818507958323,0.026703180594913476,0.033384550250375004
