Model,MAE,RMSE,R2,MAE / Mean,RMSE / Mean
M36,228.47008958333322,285.5788966503036,0.9036674140890854,0.027181427310897278,0.03397574726294824
M48,235.6186541666668,285.1272706049515,0.5712137484948518,0.02703902809887324,0.03272051743487548
ALL_MODELS,232.04437187500002,285.3531729757302,0.8497434187702347,0.027108944046165963,0.03333682750884426
