Model,MAE,RMSE,R2,MAE / Mean,RMSE / Mean
M12,78.49120833333338,84.70495702090486,0.8320103244871339,0.018697471985389735,0.020177655492270217
M18,163.12272499999997,183.20760643108088,0.6674521240176272,0.031094686427754474,0.034923295164140465
M24,334.474575,371.60697066268597,-2.327101085018188,0.06477410291376515,0.07196513564948046
M36,506.25455416666665,559.343573902712,-3.0242072408998526,0.0931928368718169,0.10296562077119324
ALL_MODELS,270.585765625,350.6055230274747,0.5833054784320033,0.05400913485528942,0.06998114232085323
