Model,MAE,RMSE,R2,MAE / Mean,RMSE / Mean
M12,55.55125833333333,62.870611067817954,0.7888773708019461,0.023853258905408545,0.026996129490770418
M18,83.41567083333335,96.7198204966434,0.8047069549035812,0.027882287154775007,0.032329294744076566
M24,186.15270416666667,194.86510315826493,-0.62028331521109,0.06280632187139765,0.06574581038319732
M36,105.0360916666667,130.11997815119196,-0.2299382846658018,0.035795047213347544,0.04434333653714742
ALL_MODELS,107.53893125000002,130.586230663776,0.8325583037166779,0.03834214437722143,0.04655947433723114
