Model,MAE,RMSE,R2,MAE / Mean,RMSE / Mean
M12,59.533741666666664,75.34602879096104,0.8557357906462099,0.010744384954354723,0.013598116218609022
M18,221.18365416666677,262.3391891980091,-0.029854198601884763,0.03632337984029343,0.04308205347332556
M24,695.2322,710.3682930534783,-2.2125843844300306,0.1261354278327525,0.12888155721659986
M36,313.9967125,353.4010043289981,-3.967895762630625,0.05543686487122711,0.06239378612074677
ALL_MODELS,322.4865770833333,419.52778688666564,-0.40253897542784545,0.056561604472499055,0.07358186800120564
