Model,MAE,RMSE,R2,MAE / Mean,RMSE / Mean
M12,155.64950416666667,163.16361888795987,0.08070594089111771,0.07688610093442555,0.08059784409729216
M18,115.32513333333331,138.79806469231656,0.2887766197296213,0.04502396460292155,0.05418800716751143
M24,72.65058749999997,82.45169016988824,0.8014979230262311,0.030577919048788177,0.034703106942536525
M36,269.8957375,280.7324458573879,-7.19096201182102,0.11686327668326478,0.1215555080568902
ALL_MODELS,153.38024062499997,181.31206293286888,0.47144714245177255,0.06617456788458945,0.07822550915264669
