Model,MAE,RMSE,R2,MAE / Mean,RMSE / Mean
M24,87.83917916666651,100.30838881804067,0.6337965523618906,0.012091704426829386,0.013808182187334242
M36,219.68069791666673,290.42875717775894,0.6774856678198364,0.025867929642940383,0.03419868349021166
M48,143.81757500000018,196.2378694434938,0.4704208867604801,0.01698532468555009,0.02317633243432401
ALL_MODELS,167.75453750000005,233.06050730584337,0.8750754193419604,0.020510161960180497,0.02849466144165952
