Model,MAE,RMSE,R2,MAE / Mean,RMSE / Mean
M12,128.0775416666667,143.763309222987,0.17612406258120306,0.044486815445177734,0.04993515429766829
M18,174.32751249999993,198.69310665714576,0.08640823269417675,0.05050958313715546,0.057569260557646086
M24,308.6725208333334,312.9251534793671,-1.9348338114778367,0.09090300631940612,0.09215539215295185
M36,69.0386125,78.61417006642048,0.7890554421664822,0.021939655994279814,0.024982655141469925
ALL_MODELS,170.029046875,202.6383349264951,0.5125763851319771,0.052833791342176306,0.06296660307284616
