Model,MAE,RMSE,R2,MAE / Mean,RMSE / Mean
M12,180.80656666666667,193.64113361349652,0.39543412301727565,0.03423718361421448,0.03666751251912451
M18,153.25749999999996,188.29983469421396,-0.5758945171928365,0.02862263240626896,0.035167198672911265
M24,418.4472458333333,443.51138280477875,-1.3046556846158213,0.08200158324487627,0.0869133109113635
M36,146.14509583333327,187.26726172664405,-0.06723134090003824,0.026315261803476698,0.033719824749896515
ALL_MODELS,224.66410208333332,276.0095516304602,0.007758247263191742,0.0422063764292857,0.05185235614487508
