Model,MAE,RMSE,R2,MAE / Mean,RMSE / Mean
M36,189.50411666666673,217.54547076537247,0.63103779944541,0.032588258307210044,0.03741041682664712
M48,372.56173958333346,402.56986200415554,-0.6724119881309736,0.06667274438893447,0.07204292512191285
ALL_MODELS,281.03292812500007,323.5649282945946,0.1657113026588949,0.04929096109400836,0.0567507387777016
