Model,MAE,RMSE,R2,MAE / Mean,RMSE / Mean
M18,161.01412916666663,198.6015399635736,0.7976098739453191,0.020484498030713442,0.025266433916922963
M24,200.94922916666656,257.5532285231094,0.8043298946167922,0.02045866085783491,0.026221519619886165
M36,313.3809270833332,367.4352565440879,0.32449427845506884,0.03168644556931093,0.03715196507040152
ALL_MODELS,247.18130312499989,306.5100213295722,0.9050590922571078,0.026392310002302282,0.03272702020529231
