Model,MAE,RMSE,R2,MAE / Mean,RMSE / Mean
M18,85.13622083333337,92.95364364021951,0.6940862118148939,0.0305979409386325,0.03340752115015826
M24,80.36529166666664,104.73703017102319,0.6767622422290316,0.026876525834680334,0.035027154619371226
M36,178.44238958333332,215.949358174777,0.22770191735948753,0.061386770492155754,0.0742897117616359
ALL_MODELS,130.59657291666664,167.98696076424724,0.4492440495497002,0.04508658220382564,0.05799507403996726
