Model,MAE,RMSE,R2,MAE / Mean,RMSE / Mean
M24,74.71175000000001,97.83593913067344,0.7898949109154825,0.010213092437644889,0.013374167919575788
M36,257.9240729166667,299.39776220849274,0.3124178781037811,0.031172996348986532,0.036185553533948506
M48,148.16065000000012,185.57309818809503,0.732524548396277,0.018278932623256736,0.02289459555198491
ALL_MODELS,184.6801364583334,236.26642048099828,0.7903151505914355,0.023107583056370163,0.029562171868590205
