Model,MAE,RMSE,R2,MAE / Mean,RMSE / Mean
M36,113.74748541666669,135.63618861594043,0.8901764284835901,0.024358367239502476,0.029045706647238167
M48,99.30284166666662,125.77305070239446,0.729638297443184,0.01952322330399308,0.02472734227213496
ALL_MODELS,106.52516354166666,130.79762219789404,0.8906215962254719,0.021837550475661705,0.02681337988019908
