Model,MAE,RMSE,R2,MAE / Mean,RMSE / Mean
M24,33.82558333333335,44.58636350222456,0.9373227498352248,0.007713270434873494,0.010167058347854986
M36,113.64469583333339,140.53502773322808,0.6202593396548644,0.02250046568799318,0.027824471228380766
M48,65.44914583333343,79.70049664991383,0.8146426554560158,0.012011772577808383,0.014627299224576982
ALL_MODELS,81.64103020833339,109.36212897588658,0.9364895810108075,0.016380897930008204,0.02194300914124833
