Model,MAE,RMSE,R2,MAE / Mean,RMSE / Mean
M18,227.93041666666682,291.1698381036975,0.7158060884403986,0.02560955970131787,0.03271494634717698
M24,133.47816666666677,166.43076532024776,0.9543553397019361,0.01326754800125906,0.016542991433849984
M36,223.2701979166666,271.15248380061865,0.6337444277905468,0.021452774536042638,0.02605351342965062
ALL_MODELS,201.9872447916667,254.71867482033304,0.9085989863313757,0.02031260200415245,0.025615474234460246
