Model,MAE,RMSE,R2,MAE / Mean,RMSE / Mean
M36,298.52831875000004,334.37194255478784,0.4907922476788258,0.03933082269048031,0.04405318611098709
M48,167.95230416666664,211.61387025456784,0.43129108391613813,0.022495306845102724,0.02834327857349537
ALL_MODELS,233.24031145833337,279.80799314170724,0.48829196128597596,0.030982437989655495,0.03716824824284961
