Model,MAE,RMSE,R2,MAE / Mean,RMSE / Mean
M24,47.47174166666665,59.67519554729862,0.8516784658749093,0.010873673862833798,0.013668944751142099
M36,120.58541666666666,141.258361648982,0.5091757503252539,0.0238479984178519,0.027936455984768262
M48,196.00403333333315,208.9025268968938,0.2542546707446396,0.037041882293651636,0.0394795080517619
ALL_MODELS,121.1616520833333,147.57137610240082,0.8647736822883191,0.024514244225257116,0.029857638058148877
