Model,MAE,RMSE,R2,MAE / Mean,RMSE / Mean
M36,84.83532708333335,111.92509198299682,0.7580251413399712,0.03946517512744472,0.052067263817175934
M48,107.76755416666664,142.5233009226649,0.3392945850703626,0.05437885120787165,0.07191638925517645
ALL_MODELS,96.301440625,128.140777118946,0.6600368064204651,0.04661908899287976,0.06203236684056526
