Model,MAE,RMSE,R2,MAE / Mean,RMSE / Mean
M18,287.6436708333334,298.0931640447643,0.03244298240893617,0.07596808843110717,0.07872785026437273
M24,134.37229583333337,160.0190122964104,0.23348320791423882,0.03530306622879038,0.042041119815148874
M36,385.3266604166667,475.32872623383963,-0.936015092389298,0.10093691170050208,0.12451309135136598
ALL_MODELS,298.167321875,376.2779606596387,-0.5762509662204707,0.07832273827993533,0.09884087916786465
