Model,MAE,RMSE,R2,MAE / Mean,RMSE / Mean
M24,269.6175583333334,285.94687708621547,-3.8435600105852314,0.05650977573619312,0.05993227591145746
M36,187.20341458333337,220.03778634383326,0.6441871635930758,0.037589317342324444,0.04418226129363188
M48,118.65275416666672,144.18739805335082,0.08163577935136879,0.024222262767513877,0.029435010320169607
ALL_MODELS,190.66928541666672,223.264908298944,0.4151323743197818,0.038852383347873075,0.045494342659345065
