Model,MAE,RMSE,R2,MAE / Mean,RMSE / Mean
M12,578.9282583333332,589.6259437463353,-16.257128417130165,0.11883170435496561,0.12102752770955534
M18,558.6497916666667,576.1113296980187,-2.845595459211989,0.09879446917000707,0.10188245632480877
M24,584.9799958333334,602.7470059893466,-1.581405974915556,0.12618318668380327,0.13001562193850894
M36,666.0119166666665,702.6789232348908,-7.358969039915376,0.14640708207772693,0.1544674625391555
ALL_MODELS,597.1424906249999,619.8033236706711,-0.4410022242637155,0.12117646868579254,0.12577496865701163
