Model,MAE,RMSE,R2,MAE / Mean,RMSE / Mean
M12,34.543291666666654,41.11982974882679,0.39918577182099757,0.01434050613205099,0.01707072899572474
M18,97.13280416666663,107.88028260446657,0.46236618892282055,0.034082682242170814,0.03785383757576534
M24,45.300666666666665,56.43718349667619,0.6907861325940448,0.018494786084885598,0.023041463024925213
M36,76.24098750000002,94.22406063757239,0.604787900187198,0.028725920751043993,0.03550154565766174
ALL_MODELS,63.304437499999985,79.6748471248337,0.8600976984221456,0.024436757113216342,0.030756056986087354
