Model,MAE,RMSE,R2,MAE / Mean,RMSE / Mean
M36,152.44913124999997,171.114131162259,0.5737351188149896,0.06199639335095566,0.06958687725183368
M48,227.90317916666672,250.25125727400123,-1.4266837039829596,0.09778629301868243,0.10737517072630785
ALL_MODELS,190.1761552083333,214.3662026190616,0.10542683476812709,0.0794117097719898,0.08951272912558357
