Model,MAE,RMSE,R2,MAE / Mean,RMSE / Mean
M18,411.8199083333332,422.05041907781384,-5.249451968441686,0.07502924748161023,0.07689313872867838
M24,270.5417458333333,317.32655873763605,0.3862420559393063,0.03979603633310247,0.04667796913220558
M36,354.2494520833333,435.4416194429128,-0.053258836940167864,0.06287614703663713,0.07728703920062349
ALL_MODELS,347.71513958333327,405.59878852449793,0.6058220965621979,0.05904694193064507,0.06887640308628645
