Model,MAE,RMSE,R2,MAE / Mean,RMSE / Mean
M36,394.0822916666668,458.83404780269376,0.7745589893191702,0.046986926789524555,0.05470736003251362
M48,102.19547708333346,129.75666587718231,0.9167212837312717,0.012022054397694314,0.015264292903754488
ALL_MODELS,248.1388843750001,337.16870833647016,0.8009894671729528,0.02938688581822848,0.03993061530166891
