Model,MAE,RMSE,R2,MAE / Mean,RMSE / Mean
M18,160.45708333333354,179.9835899410927,-0.6962751092702635,0.018250091227471576,0.020470999893779117
M24,223.6695416666665,267.16886521515573,0.7033842721668268,0.021980734346912768,0.026255554548470162
M36,332.6677291666667,424.25194249464454,0.2739778995480219,0.03538061738625638,0.045120985105407976
ALL_MODELS,262.3655208333334,340.49695909412895,0.7302728600017926,0.027783453753240313,0.036057258919018675
