Model,MAE,RMSE,R2,MAE / Mean,RMSE / Mean
M24,38.454887500000005,51.76669989344421,0.6723835331954517,0.019565768496926015,0.02633879155061821
M36,112.82609791666668,138.84687014519585,0.7650455763058223,0.053929483872895125,0.06636709221148367
M48,65.5044583333333,82.05425649627607,0.06571808351156905,0.030997633929451648,0.03882923193230328
ALL_MODELS,82.40288541666666,109.50981568476904,0.7517076783482552,0.03989086168989652,0.053013203227998
