Model,MAE,RMSE,R2,MAE / Mean,RMSE / Mean
M36,58.50219583333331,75.73161371742594,0.8966507096443634,0.027012701649752287,0.03496818294874172
M48,78.91895208333334,90.2855905631368,0.6063255857337182,0.03618717532312454,0.04139918750327726
ALL_MODELS,68.71057395833331,83.3269619618398,0.8180328052526775,0.031615900899173675,0.038341361741677474
