Model,MAE,RMSE,R2,MAE / Mean,RMSE / Mean
M24,44.67420416666662,57.00300699147004,0.011780013064841333,0.016754397287245662,0.021378131821659548
M36,197.45607291666667,217.68939187023207,-0.9133635901493373,0.05864814115812532,0.06465781474556105
M48,138.42170416666667,157.79791606779722,0.2673436060159895,0.04377663003373392,0.04990446428456585
ALL_MODELS,144.50201354166666,175.30464040283707,0.7033916882479334,0.0460124227166587,0.05582061468009459
