Model,MAE,RMSE,R2,MAE / Mean,RMSE / Mean
M18,122.64625416666668,132.47454737164767,-0.024261985722872748,0.046755036851134135,0.05050176531100363
M24,63.20215833333333,83.35779895000823,0.8162841732255636,0.019327630891553368,0.025491356822672975
M36,143.26175833333332,167.8148803854811,0.11576240527487425,0.05103315398487536,0.059779544320119136
ALL_MODELS,118.09298229166666,142.1457847640052,0.7672872427878504,0.041048454291342004,0.04940907271002122
