Model,MAE,RMSE,R2,MAE / Mean,RMSE / Mean
M18,69.46322083333332,76.31959287884672,0.9134962037480663,0.01513304981663701,0.016626758551725802
M24,93.63074583333348,114.24624400504206,0.9124570959137563,0.01954763868228993,0.02385161283019746
M36,165.93670208333336,210.8742208274051,0.46335121446277194,0.03180844435392406,0.04042252759426944
ALL_MODELS,123.74184270833338,164.17426606017074,0.841344312520931,0.024981266810367497,0.03314385056890046
