Model,MAE,RMSE,R2,MAE / Mean,RMSE / Mean
M36,105.89945,119.51608575522027,0.6668785444670675,0.04284897243530304,0.04835852749094304
M48,70.30721874999999,91.44617296091567,0.6191180208932127,0.03008948616671273,0.039136356198221714
ALL_MODELS,88.10333437499999,106.410754398808,0.6936670697581162,0.036648165191280266,0.04426346554305731
