Model,MAE,RMSE,R2,MAE / Mean,RMSE / Mean
M18,273.8244916666668,307.10718299781763,-1.6193752615412724,0.03932635465474632,0.04410637602970291
M24,170.0150708333333,198.20610926603965,0.7908878175621754,0.020492384840997205,0.0238903283632905
M36,144.64949166666668,195.49874391423106,0.5251417326495845,0.017848826346597294,0.024123300337232464
ALL_MODELS,183.28463645833335,229.15060623055336,0.8599020978433509,0.023298154057604104,0.02912838866102391
