Model,MAE,RMSE,R2,MAE / Mean,RMSE / Mean
M18,77.06827916666668,94.50945138791461,0.7516684319540818,0.01638443351935513,0.02009236277181283
M24,207.6868875,247.3670013722635,-0.6074527805977981,0.03980741364852454,0.04741291405130634
M36,352.6944395833334,378.74479448123253,-2.058911451923331,0.06701740264675728,0.07196737329371707
ALL_MODELS,247.53601145833338,298.7547942974356,0.08695156175086982,0.04842608983607627,0.058446148592166985
