Model,MAE,RMSE,R2,MAE / Mean,RMSE / Mean
M36,195.52001874999996,208.19090169281682,-1.6465849589814758,0.08554880814562955,0.09109288972275333
M48,188.62649375,203.15245807217207,-2.5162032397473597,0.07938895104649839,0.08550262600037055
ALL_MODELS,192.07325625000001,205.68710796794454,-1.6269920800943969,0.08240908424581007,0.08825011112814604
