Model,MAE,RMSE,R2,MAE / Mean,RMSE / Mean
M12,48.23691250000004,65.37987245232347,0.9021253645390608,0.012342461912427912,0.016728860612341155
M18,139.3770625,158.7259872469127,0.5592776503292399,0.030225440498780155,0.03442146646720796
M24,140.5549958333333,161.6902066634538,0.792319991051919,0.03284890643867097,0.03778838624160491
M36,143.1198249999999,165.14862983715096,0.19056015556615713,0.03258709940610589,0.03760286052114323
ALL_MODELS,117.82219895833332,143.9498694141018,0.840501586641061,0.027416118914595274,0.0334957823949045
