Model,MAE,RMSE,R2,MAE / Mean,RMSE / Mean
M18,90.00089999999999,113.56665214900966,0.6510785551527134,0.02845953253050146,0.035911350122219715
M24,84.85312916666669,103.3690731598008,0.7330860556349315,0.022763831166653634,0.02773116504214372
M36,139.24050416666662,164.8409872782176,-0.018037001223547122,0.0402987289719626,0.04770797340581516
ALL_MODELS,113.333759375,139.57762351104617,0.7314375393673898,0.032849472387525704,0.040456182824320695
