Model,MAE,RMSE,R2,MAE / Mean,RMSE / Mean
M24,157.22780416666663,160.769905566409,-7.594094341244199,0.06687343470324489,0.06837999067102302
M36,86.22865208333333,106.9006279788218,0.6973171631445465,0.03156053879704752,0.039126686260777824
M48,69.50922083333332,100.32347904028788,0.23020064685993136,0.0265564217262568,0.038329196997149054
ALL_MODELS,99.79858229166665,121.20978870032741,0.6882370070524024,0.03826311818809931,0.046472248042970864
