Model,MAE,RMSE,R2,MAE / Mean,RMSE / Mean
M24,52.49342083333331,70.25410632898685,0.903068013032218,0.011931678789256349,0.015968656967606968
M36,112.47110208333334,142.30005867655223,0.8585076876458183,0.02194352926352414,0.02776326935479409
M48,109.39060416666666,133.85646738513267,0.7736300332835899,0.021025872148898,0.02572843427443606
ALL_MODELS,96.70655729166667,125.84892402759357,0.9249444921157488,0.01948440002098746,0.025355992878218128
