Model,MAE,RMSE,R2,MAE / Mean,RMSE / Mean
M12,149.75137916666668,176.4797433332966,-0.580736056048553,0.02668453365605928,0.03144732073117561
M18,122.69760833333332,144.40366252057981,0.8781722723468596,0.017793544215837336,0.02094134505872634
M24,407.9280958333332,444.2465400033563,0.4127274604096216,0.07603624085493714,0.08280586029668487
M36,196.77627916666668,270.01282227811816,-0.39268726016955946,0.034207832272177434,0.04693936370249126
ALL_MODELS,219.28834062499996,283.83949251993283,0.835706288727621,0.03712844658516109,0.04805781924724963
