Model,MAE,RMSE,R2,MAE / Mean,RMSE / Mean
M36,258.95575625000004,314.6664820944892,0.7070083696982926,0.030682719014588637,0.037283678853979124
M48,268.0559708333334,353.44549956953233,-0.3579735742604635,0.034102547615387474,0.04496595222648002
ALL_MODELS,263.5058635416667,334.61822732756036,0.6254251209695809,0.032331842500805216,0.04105724130173899
