Model,MAE,RMSE,R2,MAE / Mean,RMSE / Mean
M36,400.0982708333333,464.2576656373807,0.06011411199938099,0.051492698948948944,0.059750021317552214
M48,335.9060375000001,382.383926136519,0.11733937673281347,0.041461669885336505,0.04719854466721588
ALL_MODELS,368.0021541666667,425.2955719676897,0.19602770643239464,0.0463723956699399,0.053592008407176615
