Model,MAE,RMSE,R2,MAE / Mean,RMSE / Mean
M18,62.83869583333333,75.29677968608341,-0.3257716761997027,0.03229605113818875,0.038698903836777564
M24,71.03069583333335,85.27814229897709,0.2649307630472638,0.02977289985678858,0.03574479400564899
M36,104.70348958333334,118.03662834486221,0.3271257714013104,0.04801031228207603,0.054124035503609884
ALL_MODELS,85.81909270833334,101.00403190851519,0.7326381579963777,0.03948806965240899,0.046475138821763545
