Model,MAE,RMSE,R2,MAE / Mean,RMSE / Mean
M24,212.28722500000006,247.89145231115955,-0.2051549329002873,0.04338812017781413,0.05066505591153432
M36,706.6220374999999,780.047146596729,-1.421283369586003,0.1345188734919212,0.14849673214554893
M48,594.0065708333333,616.350462884449,-8.674164415351207,0.10952878940372927,0.11364877656732747
ALL_MODELS,554.8844677083333,643.8721082354415,-1.2330431096758918,0.10659601922649767,0.12369098005631553
