Model,MAE,RMSE,R2,MAE / Mean,RMSE / Mean
M36,358.7854895833334,431.7610577064774,0.23413310228120854,0.05558597867801086,0.06689194977070927
M48,131.89064166666665,156.7917156690206,0.5969484499058348,0.02030069296358173,0.0241334823972916
ALL_MODELS,245.338065625,324.80859983554245,0.30885802395837914,0.03788578232824489,0.05015784191647027
