Model,MAE,RMSE,R2,MAE / Mean,RMSE / Mean
M36,196.47376874999998,219.70595176620296,0.7705817132190201,0.04101249369422652,0.04586204570067034
M48,285.75225625,335.56743767567826,0.22463184550373239,0.06186424927721875,0.07264904181727079
ALL_MODELS,241.1130125,283.61612301640514,0.5656104194621645,0.05124827957251125,0.0602822643743314
