Model,MAE,RMSE,R2,MAE / Mean,RMSE / Mean
M18,167.0975249999999,201.41634071444102,0.4652966693837717,0.026050814912012873,0.03140118210731624
M24,69.146675,80.7600094019466,0.8968077665986814,0.009550645718232045,0.011154697431208095
M36,119.55023541666667,162.40327091367405,0.7493512528090887,0.017083536913930508,0.023207166961463143
ALL_MODELS,118.83616770833332,157.98763102876023,0.8612574607015071,0.017191333562384906,0.022855146847317508
