Model,MAE,RMSE,R2,MAE / Mean,RMSE / Mean
M36,374.4127708333333,413.0834813571535,0.8110789245115718,0.04254831599532181,0.046942860571002276
M48,240.5423333333333,307.27521921670984,0.6088394312045535,0.025752044143690023,0.03289635092449732
ALL_MODELS,307.47755208333325,364.0439691265486,0.7946803575464931,0.03389972322392447,0.04013623014464554
