Model,MAE,RMSE,R2,MAE / Mean,RMSE / Mean
M18,170.25539999999998,203.53695872048027,0.3231671324926342,0.04450685226938535,0.05320706041119636
M24,436.66162916666667,470.6463162020885,-5.984164128413676,0.10828782471222799,0.11671569560075765
M36,465.91405625,532.0231859501799,-0.9249065879883118,0.12218226205630554,0.13951885643672393
ALL_MODELS,384.68628541666675,455.25613375794796,-0.9653873370845125,0.09937432297160573,0.11760432275838752
