Model,MAE,RMSE,R2,MAE / Mean,RMSE / Mean
M24,91.46957916666666,109.11059773482707,0.47759855856588507,0.024355084538918968,0.02905225820577627
M36,330.1072395833334,394.69402504544775,0.12814340116846745,0.07843821779335473,0.09378496496268213
M48,380.34951249999995,411.4375820704263,-3.737297661352799,0.09678515098180583,0.10469593674127646
ALL_MODELS,283.00839270833336,350.98174927307934,0.12759796411243773,0.07030172773378876,0.08718689626407809
