Model,MAE,RMSE,R2,MAE / Mean,RMSE / Mean
M36,129.16094583333333,154.9538189184805,0.7462360662511367,0.049387216110504804,0.05924962605918016
M48,102.72912708333332,129.16711540989496,0.509971730735398,0.0427848617365576,0.05379581556494051
ALL_MODELS,115.94503645833333,142.64436494431592,0.7315788093230065,0.04622700636254901,0.056871964227915184
