Model,MAE,RMSE,R2,MAE / Mean,RMSE / Mean
M36,91.44364583333333,107.10461776281132,0.7195456811429232,0.041575529960028036,0.04869590668739408
M48,65.23332291666668,79.79098237680512,0.4553805727086755,0.030628070192599267,0.03746312006970984
ALL_MODELS,78.338484375,94.44045747129124,0.675762832543658,0.03618980351961194,0.04362838555603978
