Model,MAE,RMSE,R2,MAE / Mean,RMSE / Mean
M24,161.94333333333333,164.3841994554652,-0.13598246055029373,0.07893417819208351,0.08012390151975395
M36,225.24752916666662,245.59509474698643,-0.7312227158696611,0.09546240795352204,0.10408593254211931
M48,150.92626249999998,167.4973475277332,-2.68630180002813,0.06562130292215437,0.07282625302388805
ALL_MODELS,190.84116354166667,209.58973471224854,-0.060557850334140406,0.08415750266426578,0.09242528357147518
