Model,MAE,RMSE,R2,MAE / Mean,RMSE / Mean
M24,40.74232083333336,50.0688617269298,0.9375821422142101,0.02192461041727394,0.026943489348333263
M36,105.26679374999998,131.88451618211525,0.5673476554840909,0.052686082957957944,0.06600826635741504
M48,117.92487499999997,130.61924841240534,-0.7151624658888143,0.05534646824155193,0.06130440319731165
ALL_MODELS,92.30019583333332,116.57114800373344,0.6757249386342621,0.04623703317174479,0.05839536946215755
