Model,MAE,RMSE,R2,MAE / Mean,RMSE / Mean
M24,126.26951666666669,131.63526038887088,0.6419913503350704,0.027078787987097123,0.02822948405755275
M36,177.81613333333334,210.68523531055158,0.14253804503943945,0.038492332808687774,0.04560759501078519
M48,176.23367499999998,218.53487345102576,-0.5658515504907264,0.03495803985420402,0.043348984327963386
ALL_MODELS,164.53386458333333,196.12615165221254,0.5006020147739882,0.034742249379180495,0.041413138187300316
