Model,MAE,RMSE,R2,MAE / Mean,RMSE / Mean
M12,242.0837958333333,249.84650353161587,-1.2340125574310625,0.050160678765065435,0.05176914118139638
M18,86.51432083333339,110.92858893653354,0.821323148473425,0.01567820968777137,0.020102587189767093
M24,231.64151666666666,240.90690221864577,-0.31051950393381356,0.04268479995086108,0.04439214125325352
M36,183.2032,225.54845030972095,0.14641553258604711,0.03294404375679017,0.04055866936974714
ALL_MODELS,185.86070833333335,214.26424465139127,0.6677129223103881,0.03485085678681019,0.04017682151241684
