Model,MAE,RMSE,R2,MAE / Mean,RMSE / Mean
M24,155.40132083333333,176.7911531347994,0.04583461441605163,0.05901129236416569,0.06713375645130196
M36,176.96831458333335,190.84771104758772,0.020436916654601123,0.06584918565260196,0.07101365227857744
M48,264.0191166666666,272.202807676346,-6.719482633654339,0.0946941463050138,0.09762934146652177
ALL_MODELS,193.3392666666667,211.06585344260745,-0.37889746509750255,0.07163034934160763,0.07819788021770294
