Model,MAE,RMSE,R2,MAE / Mean,RMSE / Mean
M12,112.07513749999998,126.55533598005492,-5.4546962916541855,0.05315396608963718,0.06002150153192076
M18,100.07575833333334,113.18615176908051,0.0003753129049538506,0.039196080095304925,0.04433095031509265
M24,51.97658750000003,60.8137439399427,0.13729396127798066,0.02252303150672566,0.02635243937092398
M36,58.13960000000003,72.22786233723569,0.7217461987321965,0.02423703600771223,0.03011010224060129
ALL_MODELS,80.56677083333335,97.13718851078292,0.733954793654235,0.03440007649986435,0.04147524694349756
