Model,MAE,RMSE,R2,MAE / Mean,RMSE / Mean
M24,226.1193708333333,254.08086273865075,0.7025907991514422,0.026646951752447728,0.02994206319284103
M36,826.5027979166667,882.6329915993421,-1.9015557406035342,0.08692252173493892,0.09282568140078268
M48,343.5852708333334,407.7595886219932,0.011800327032600588,0.0346673554413904,0.04114246969641152
ALL_MODELS,555.6775593750001,668.7501332041742,0.1205210284626087,0.0594090458255005,0.07149795171506036
