Model,MAE,RMSE,R2,MAE / Mean,RMSE / Mean
M18,120.31120833333331,141.73581328715346,0.48835923556435334,0.03177197654075108,0.037429820522349916
M24,597.103925,658.0857866869898,-2.610864929900492,0.12917221045420538,0.14236448995851628
M36,320.1273958333334,374.9580177328418,-1.0928765374719385,0.08129488352899478,0.09521886841488547
ALL_MODELS,339.41748125,428.4719866957143,-0.028461182798424467,0.08336956700841011,0.10524361878622289
