Model,MAE,RMSE,R2,MAE / Mean,RMSE / Mean
M24,233.63631249999992,248.8777638307583,-0.5061143247093851,0.03861092442761231,0.041129738901278697
M36,503.61455625,559.0853758552043,-0.18506785290769012,0.07767983540813769,0.08623591084998364
M48,293.99195416666674,321.72970875226866,-0.3471350832505786,0.047497219155581895,0.05197851937405385
ALL_MODELS,383.71434479166663,444.5793128940911,-0.004885285533573702,0.06088982298325043,0.07054819824063095
