Model,MAE,RMSE,R2,MAE / Mean,RMSE / Mean
M24,211.99600833333338,216.21671874511313,-1.5099372997592972,0.07961419249847437,0.08119926220731243
M36,159.70582916666663,203.68265396490563,0.5651623667765006,0.06107492112559354,0.07789259847601478
M48,117.94765000000001,126.48485596193261,-0.007550952361117025,0.04424557816749508,0.04744813128085252
ALL_MODELS,162.33882916666667,190.86731995354074,0.360194718473253,0.06150144474567978,0.07230935440483625
