Model,MAE,RMSE,R2,MAE / Mean,RMSE / Mean
M18,101.1969625,109.96557297981758,0.10384688197763992,0.022051872667677528,0.023962644265919916
M24,609.6303083333333,636.9965701984778,-5.851012676610415,0.11024139271694332,0.1151901211187808
M36,538.4762854166667,586.7816758276737,-3.5827250709732184,0.11714017149409242,0.12764852974510799
ALL_MODELS,446.9449604166667,525.9473661545587,-0.257810435640224,0.09257012588860962,0.10893290719806181
