Model,MAE,RMSE,R2,MAE / Mean,RMSE / Mean
M12,180.81796666666665,201.5536870909874,-4.780976986453289,0.06880440131912734,0.07669470589459186
M18,93.59274166666664,112.79075963935752,0.7528150235630966,0.02825263568329035,0.034047899268531294
M24,96.6474625,132.45666549102168,0.715057046547364,0.03749234810157273,0.051383774415835914
M36,298.66534583333333,322.5629552221324,-4.3147278139964715,0.10890093283298644,0.11761460514624783
ALL_MODELS,167.43087916666664,209.1275164550512,0.6384428345104709,0.059472607995855915,0.07428354237391048
