Model,MAE,RMSE,R2,MAE / Mean,RMSE / Mean
M24,91.17276249999993,111.29196101877143,0.7046251298075235,0.02000444584624666,0.02441884995337954
M36,185.4568770833333,213.14398283602353,0.39065853493439895,0.03914760327889038,0.044992001442998183
M48,101.46257916666666,139.57450117862234,-0.47662651924647204,0.020021228191340664,0.027541710064352493
ALL_MODELS,140.88727395833328,175.1625365232754,0.6390622638837598,0.02950499516800718,0.03668301365007306
