Model,MAE,RMSE,R2,MAE / Mean,RMSE / Mean
M36,290.75929791666664,309.2088144000942,-0.3959128130442451,0.10858597125940449,0.11547606447731268
M48,174.38081250000005,188.76661238184337,-1.5166819797907718,0.07009990368912528,0.07588289765360313
ALL_MODELS,232.57005520833334,256.166864419297,-0.3030812805037455,0.09005108335282777,0.09918776361552877
