Model,MAE,RMSE,R2,MAE / Mean,RMSE / Mean
M36,182.82602916666664,225.72879233183693,0.8239020576241594,0.0343202335558606,0.04237397108290675
M48,149.8704687499999,200.26014618702885,0.5647157420788229,0.0265998968363136,0.03554335469441875
ALL_MODELS,166.34824895833327,213.37480385279764,0.7875774738751306,0.030351885133889443,0.03893234571184749
