Model,MAE,RMSE,R2,MAE / Mean,RMSE / Mean
M36,161.8845791666667,212.1775854081032,0.8074889740189839,0.03853859483801854,0.050511457236043375
M48,191.05073541666664,223.84304340561707,-0.12824334493560952,0.047960019350452375,0.05619196738386915
ALL_MODELS,176.46765729166668,218.08832594926062,0.6848256202800425,0.04312437976977788,0.05329545331950834
