Model,MAE,RMSE,R2,MAE / Mean,RMSE / Mean
M12,99.70367083333342,109.78299208086042,0.626858075931944,0.01875098421803252,0.020646573337883386
M18,304.9085041666667,345.7717815481435,-0.13821317117295773,0.04802275924978017,0.05445868119039942
M24,616.4884041666667,624.6999072152541,-4.997423513983219,0.1053241197909993,0.10672701613894062
M36,429.3592541666667,461.3619730595386,-1.4480124575553628,0.07416705364982942,0.07969516873302428
ALL_MODELS,362.6149583333334,428.57766931016744,0.10843756350157396,0.062227903584478,0.07354768266282467
