Model,MAE,RMSE,R2,MAE / Mean,RMSE / Mean
M18,85.714925,97.59141413605929,0.7029354917960594,0.013683918474862637,0.01557993493996982
M24,292.7893291666666,334.3606856483535,0.6210785791476389,0.03765819515750436,0.04300505072702003
M36,244.38528958333333,282.69298004914384,0.3026085521856754,0.032921603015301025,0.038082104206263276
ALL_MODELS,216.81870833333332,265.11874422532077,0.8489183621516329,0.030024747276587885,0.036713267756460596
