Model,MAE,RMSE,R2,MAE / Mean,RMSE / Mean
M36,496.7354979166667,537.9284997028,-0.04297236983909447,0.09927595181786388,0.10750865207324084
M48,426.0869354166668,453.7310887009552,-1.8113147018720475,0.08449251174300483,0.08997431311228192
ALL_MODELS,461.4112166666667,497.6137918337168,-0.40914223336050237,0.09185530751859587,0.09906232493563627
