Model,MAE,RMSE,R2,MAE / Mean,RMSE / Mean
M18,108.61338333333326,120.74974481140043,0.4285778873235685,0.02149678132293151,0.023898812276606743
M24,160.17388333333326,178.33648447265816,0.8021809136036646,0.026071912916680783,0.029028285986936117
M36,189.22674583333333,239.08965301085107,0.3723241780817067,0.03139314270704082,0.03966551115008572
ALL_MODELS,161.8101895833333,200.44458518489796,0.8600231493745686,0.02783666593194309,0.034483050604086504
