Model,MAE,RMSE,R2,MAE / Mean,RMSE / Mean
M24,116.55057083333334,122.70267046766443,-0.2378487162762386,0.030682641554965667,0.03230221893275943
M36,423.4961875000001,479.56153621334107,0.005939610660244066,0.09856723705711504,0.11161624831254151
M48,119.74755000000003,140.46177193631135,0.22485867249454383,0.030472376024514126,0.035743561613684985
ALL_MODELS,270.8226239583334,351.6902005835476,0.28902572688111317,0.06637267150355364,0.08619153678217815
