Model,MAE,RMSE,R2,MAE / Mean,RMSE / Mean
M36,226.72691666666665,275.11125859732334,0.487586320759135,0.03726494567543598,0.04521741951531299
M48,395.96615625000004,426.8026525949667,-0.913436996448757,0.06799842403903947,0.07329390983055611
ALL_MODELS,311.34653645833333,359.058984617502,0.06905100138286169,0.05229483092556596,0.0603087771795095
