Model,MAE,RMSE,R2,MAE / Mean,RMSE / Mean
M36,235.584375,283.90919613136,0.7770805557442406,0.033382584334343934,0.040230268595491184
M48,161.52362291666665,201.21208618153125,0.6513169259244305,0.02110868046480223,0.02629535888415202
ALL_MODELS,198.55399895833332,246.05968307859678,0.8150292545461147,0.026997429171558996,0.03345678707425431
