Model,MAE,RMSE,R2,MAE / Mean,RMSE / Mean
M36,92.15043958333332,117.35999839864961,0.930025256737682,0.027300969034113703,0.03476968418829617
M48,159.33361875,199.65694935941633,-0.5029281103671173,0.04611153871662074,0.0577812091550774
ALL_MODELS,125.74202916666667,163.7624295307681,0.7632582759527324,0.0368164635410948,0.047948594087257795
