Model,MAE,RMSE,R2,MAE / Mean,RMSE / Mean
M18,188.03820000000005,210.62215699770687,-1.5375004497151314,0.0398787338953396,0.04466829054614429
M24,212.76430416666673,233.48048519769011,-0.8552147345345309,0.038724023053880875,0.0424944575493464
M36,108.37804999999999,138.82441240133764,0.5347585665134503,0.021054757828531185,0.026969615930516423
ALL_MODELS,154.38965104166667,185.35052262110622,0.6841293607894192,0.030118198647451373,0.03615801850737277
