Model,MAE,RMSE,R2,MAE / Mean,RMSE / Mean
M12,71.3897208333334,88.41051075890012,0.8201534981089367,0.015485419773505794,0.019177464983899595
M18,114.30211250000002,140.90078529243996,0.27931913149641663,0.023078514461662716,0.028449000109522986
M24,71.27029583333326,92.11500502888357,0.849130550864024,0.015259807656279259,0.019722904788905496
M36,136.14203749999987,171.5052067901862,0.19216525175313504,0.02620110580971089,0.03300689597822436
ALL_MODELS,98.27604166666663,128.03189037920555,0.8290363145149611,0.020232465875339094,0.026358416650912455
