Model,MAE,RMSE,R2,MAE / Mean,RMSE / Mean
M12,33.58336250000002,45.426384932873376,0.9526246322132543,0.007012299353581408,0.009485155326549805
M18,97.14572083333333,114.97466600626453,0.5519708547854176,0.01999483126795592,0.023664439639383805
M24,112.73138750000003,134.1573151207582,0.5935942667086076,0.023849451266274697,0.02838232030974319
M36,111.77396666666668,143.34486810155312,0.46458704445625554,0.0212592341342801,0.027263970348358545
ALL_MODELS,88.80860937500002,116.00502864400292,0.8355810273074644,0.018094471669641517,0.023635655586852985
