Model,MAE,RMSE,R2,MAE / Mean,RMSE / Mean
M18,231.78428333333332,237.85090784731972,-1.0246440642363113,0.04802658079220913,0.049283608353210565
M24,90.0302541666667,111.86669652317407,0.8182882794092307,0.016315370559142225,0.020272591962518804
M36,267.56636041666667,301.0849791792624,-0.6059614759766967,0.04870229685864668,0.054803339301820936
ALL_MODELS,214.2368145833333,250.1956941723597,0.5469212365914267,0.040171678083328936,0.046914349915418124
