Model,MAE,RMSE,R2,MAE / Mean,RMSE / Mean
M36,86.21982708333333,107.5456003650341,-1.965143613114483,0.05435235937643644,0.06779597359601851
M48,95.08414791666667,119.85166464926985,0.7260186147990574,0.05357293556982381,0.0675276126344295
ALL_MODELS,90.6519875,113.865002694148,0.6500757216765678,0.05394078692914167,0.06775326187979254
