Model,MAE,RMSE,R2,MAE / Mean,RMSE / Mean
M24,28.71707916666664,36.8179537015627,0.859598186561342,0.009111591597149684,0.01168190384629374
M36,177.7406479166667,207.11890329659025,0.7643254767728049,0.05167286123544127,0.06021372418029722
M48,78.71241249999999,90.84366611899581,0.5492511732753962,0.024446430281462306,0.028214144119778708
ALL_MODELS,115.72769687499999,154.43818633540297,0.7920711689162051,0.03493413652471676,0.04661947685607231
