Model,MAE,RMSE,R2,MAE / Mean,RMSE / Mean
M12,40.006420833333344,49.67596040170825,0.9342660575956049,0.009710492728412793,0.012057515823954751
M18,199.05323333333334,227.51848640184716,-0.7139269554184113,0.04283747096959317,0.048963367201193785
M24,53.75832916666661,68.82123500196897,0.5264699766953256,0.011134891688961755,0.014254851471884485
M36,423.5711375,441.37870655068565,-2.170697944838748,0.08426132288946911,0.08780379590713627
ALL_MODELS,179.09728020833333,251.88483860683837,0.5725826621324572,0.038471247040817697,0.05410648246923677
