Model,MAE,RMSE,R2,MAE / Mean,RMSE / Mean
M12,83.95659583333342,96.97198860751197,0.7062364497927276,0.013695553440951587,0.015818710121191418
M18,215.71900416666668,241.16643579370398,-0.11891054301275483,0.031359064423123514,0.0350583567079087
M24,118.95138333333334,141.3903274651505,0.6410091115653684,0.018461753160668674,0.021944371320617016
M36,280.6443333333333,296.59654835909106,-1.1214398971247204,0.04310862497119888,0.045558979292761224
ALL_MODELS,174.81782916666668,209.47884948555267,0.6221344345704982,0.026933897608730543,0.03227406443686897
