Model,MAE,RMSE,R2,MAE / Mean,RMSE / Mean
M12,87.14611666666674,114.98163023256882,0.5542881767629861,0.01184788307936329,0.01563223885788054
M18,319.92587083333325,350.4319604830794,0.5105602276920831,0.036284259001101056,0.0397440944157207
M24,822.5529291666666,835.2321303505817,-19.92522621533385,0.0933141909745364,0.09475257792658225
M36,493.93360000000007,534.6750747670714,-2.088153903102699,0.057716851438003015,0.0624775513508986
ALL_MODELS,430.8896291666667,529.0353205047131,0.4006868116239959,0.05137991501560697,0.06308295203195231
