Model,MAE,RMSE,R2,MAE / Mean,RMSE / Mean
M18,58.652416666666674,67.66418206931321,0.32923091372352054,0.03167974974118918,0.03654724692045544
M24,99.37417083333338,113.74214159295984,0.6006479845816953,0.03925505464480876,0.04493072944616229
M36,68.99204999999998,84.08917878193361,0.6739353125052827,0.02975157803951162,0.036261942713822
ALL_MODELS,74.00267187499999,88.96304891035109,0.9040968331146437,0.032814269349973904,0.03944800066232964
