Model,MAE,RMSE,R2,MAE / Mean,RMSE / Mean
M36,356.34682083333337,441.51072200817975,0.2333216907538027,0.08475115398717682,0.10500596890523643
M48,350.41967916666664,400.68567536501627,-1.3899342506757058,0.0889874699101139,0.10175228904024919
ALL_MODELS,353.38325000000003,421.5926517925232,0.004298632261098945,0.08679991505453653,0.1035538791473784
