Model,MAE,RMSE,R2,MAE / Mean,RMSE / Mean
M24,55.91841249999997,68.79285047341699,-0.681605825961612,0.0232143000467039,0.028559070269706593
M36,86.18493124999999,102.74780148422175,0.8117568566463126,0.032526962723005426,0.03877793786309997
M48,84.81000416666662,96.54867087438116,0.5850467231361023,0.03195453703412978,0.03637740746938911
ALL_MODELS,78.27456979166665,93.76609667618351,0.8062355693996889,0.030215522413266204,0.036195556274080457
