Model,MAE,RMSE,R2,MAE / Mean,RMSE / Mean
M18,132.24739166666663,148.4338188314492,-0.13670354812370222,0.02505001736330344,0.0281160156897555
M24,352.8565333333333,366.105077470805,-0.5314621631390224,0.05487837734504098,0.056938870876449596
M36,190.28731666666667,225.03643230241536,0.2765415786896992,0.030798199407220582,0.03642237978519649
ALL_MODELS,216.4196395833333,253.64754978591395,0.7461113572498888,0.03597077051462287,0.04215836336531877
