Model,MAE,RMSE,R2,MAE / Mean,RMSE / Mean
M12,364.8570041666666,380.13528683148724,-1.8026703405066256,0.0720438364391789,0.07506065147851161
M18,179.63935000000004,225.7091787607821,-0.3138829244870802,0.031346568948217954,0.039385626446936634
M24,250.5384041666666,267.83226930587153,-0.7832123302519101,0.04610429151970555,0.0492867233809302
M36,200.28026666666662,235.55193376764947,0.10181907361750009,0.03658950285074865,0.04303333671127578
ALL_MODELS,248.82875624999997,284.0186207163782,0.22866675700337724,0.045860711652766895,0.05234642597177869
