Model,MAE,RMSE,R2,MAE / Mean,RMSE / Mean
M36,496.68334791666666,535.3376021486185,-0.6775815564022938,0.09617414317525373,0.1036588712146164
M48,630.1305416666668,700.5614252302616,-1.49004819401104,0.12010350427859513,0.1335277003238333
ALL_MODELS,563.4069447916667,623.4471344047097,-1.0936165791750185,0.10823322874289362,0.11976724272022951
