Model,MAE,RMSE,R2,MAE / Mean,RMSE / Mean
M18,67.84455833333327,91.59274955359001,0.8423182891276503,0.017183631816119108,0.023198560415443294
M24,85.37331666666675,110.01955978240494,0.863376343575778,0.017711234624460847,0.022824253673945374
M36,277.21858333333347,322.85725694042617,-0.597849337250633,0.06325039690461934,0.07366335041278298
ALL_MODELS,176.91376041666672,239.2525611271975,0.6491126448574857,0.04035844371254356,0.054579479847087276
