Model,MAE,RMSE,R2,MAE / Mean,RMSE / Mean
M24,197.79781249999982,263.42669415317164,0.739196557709934,0.021382487804658307,0.028477150500092873
M36,255.83337499999996,298.1126755560862,0.6857906537552354,0.02587584233438831,0.030152112055637552
M48,206.7426250000001,262.4576919820841,0.3910438890673984,0.019425905263034268,0.02466099218774354
ALL_MODELS,229.05179687499995,281.078279989511,0.8351907973822822,0.023097466092721904,0.02834379005112673
