Model,MAE,RMSE,R2,MAE / Mean,RMSE / Mean
M12,96.0038875,126.60697960504422,0.86443518108496,0.028389518235584034,0.037439225117312236
M18,286.9348375,380.8544956550976,0.47375348019083097,0.07386343851896346,0.09804045709329783
M24,300.2312125,340.6194875065118,0.3887440007628804,0.07451755088111195,0.08454194279139036
M36,146.78711249999995,193.25866025148454,-0.32938326578019583,0.03631359405440507,0.04781016818401275
ALL_MODELS,207.4892625,280.37921605247794,0.6507367395185106,0.054112782089698205,0.07312233528579896
