Model,MAE,RMSE,R2,MAE / Mean,RMSE / Mean
M36,354.3224604166667,373.8650282196011,-3.056190565443843,0.06910575072732296,0.0729172613427473
M48,348.1729583333334,380.53955930016497,-0.8365451330910876,0.06559657578873826,0.07169451689107961
ALL_MODELS,351.24770937500006,377.2170565589571,-1.1957621837152184,0.06732080629769088,0.07229814093870389
