Model,MAE,RMSE,R2,MAE / Mean,RMSE / Mean
M36,248.26042291666667,280.1289496296977,0.5792464983493089,0.048263503371742164,0.05445896025688215
M48,76.44708958333341,95.9921777566527,0.8399175488221082,0.014485702837562583,0.01818923610162536
ALL_MODELS,162.35375625000003,209.38806868002595,0.6533908625899493,0.031158149298010283,0.04018474752815754
