Model,MAE,RMSE,R2,MAE / Mean,RMSE / Mean
M12,128.10692083333336,153.2930009672368,0.3333395083583153,0.02150121402846254,0.02572839626010478
M18,541.2014250000001,561.0071341119136,-1.4252131785889062,0.07623136859032674,0.07902111791795106
M24,623.6109416666667,634.4487902056535,-11.365293955882414,0.08415896827449701,0.08562158236673649
M36,383.50610416666655,413.9323703600156,-0.22302232707729908,0.05352772882972473,0.05777446417084155
ALL_MODELS,419.1063479166666,477.5178068133382,0.42792749342316805,0.06066943427864004,0.0691250212299399
