Model,MAE,RMSE,R2,MAE / Mean,RMSE / Mean
M36,104.95848124999996,116.11167337612686,0.8212332460002614,0.03485641708640061,0.038560360893162185
M48,60.000893749999996,74.4550375440258,0.753098260958844,0.021062645077777047,0.02613661117410239
ALL_MODELS,82.47968749999997,97.53325922444779,0.8287050000672666,0.028150764559698217,0.03328863021174086
