Model,MAE,RMSE,R2,MAE / Mean,RMSE / Mean
M36,263.6301229166667,327.72681017744577,0.4115428809356796,0.05826053241007179,0.07242548095320647
M48,165.39561666666668,190.16679036513906,0.5247055890509116,0.036844988165405865,0.042363233570922525
ALL_MODELS,214.5128697916667,267.9256149259177,0.44622975418058586,0.047595599196618224,0.059446690517478876
