Model,MAE,RMSE,R2,MAE / Mean,RMSE / Mean
M36,281.0975333333334,343.3951054942167,0.4302831625500364,0.049762968809356094,0.060791568397472885
M48,197.70543958333337,271.10899908303605,-0.01373855764610199,0.035252477182137996,0.048340924883953876
ALL_MODELS,239.40148645833338,309.3705608660833,0.3170946078595428,0.04253379878446005,0.0549650103697403
