Model,MAE,RMSE,R2,MAE / Mean,RMSE / Mean
M24,353.27742916666665,360.3978072091882,-1.1255892774628364,0.07639050283356308,0.07793016886973284
M36,573.5857020833333,600.4551217220388,-2.5289148892081803,0.10631678540949865,0.11129715767371348
M48,458.7782541666667,479.55459173240337,-1.1342064941892027,0.08873281945071242,0.09275119432642706
ALL_MODELS,489.80677187500004,519.8441815335823,-0.4044026101728284,0.09517702968573523,0.10101376285259937
