Model,MAE,RMSE,R2,MAE / Mean,RMSE / Mean
M18,148.70174583333335,161.32232120792756,0.17112786498290222,0.030271359260358795,0.032840542083975244
M24,251.47215000000006,300.122632030875,-0.6379250671844348,0.044905741071428584,0.05359332714837054
M36,170.49335208333335,206.63712146843469,0.5215746615792309,0.032036080750982576,0.03882757555425232
ALL_MODELS,185.29015,224.44168814782105,0.6015381693088926,0.0350329089093584,0.04243531140940433
