Model,MAE,RMSE,R2,MAE / Mean,RMSE / Mean
M12,77.4398916666667,95.68009351794838,0.9633903028536992,0.009458933160972486,0.011686891470839095
M18,134.25394166666675,167.05885681023477,0.9117219534767685,0.015496725198512907,0.019283345902749768
M24,127.38816666666662,146.1311127726284,0.8079983355400743,0.014199798427361856,0.016289051013404495
M36,753.4464166666667,779.6065732314387,-4.6448667463826805,0.0792489744758432,0.08200055114277806
ALL_MODELS,273.1321041666667,408.10661997821694,0.6092737589166003,0.030924590542888184,0.0462066887346473
