Model,MAE,RMSE,R2,MAE / Mean,RMSE / Mean
M24,172.02960416666664,207.79126981911742,0.7761059968105258,0.023006171257264806,0.027788714404014342
M36,391.57534583333336,475.0099181654671,0.27210205996271375,0.040302373891694276,0.04888976675338506
M48,551.6917291666667,567.3030365425758,0.05551861051127338,0.05545801675392671,0.05702732095087673
ALL_MODELS,376.71800625,451.74074196229964,0.8433655672200079,0.04088391342292804,0.04902587367097995
