Model,MAE,RMSE,R2,MAE / Mean,RMSE / Mean
M18,43.44806250000001,55.61266376553022,0.8094299857334786,0.011725949374205813,0.01500898411475396
M24,368.12013333333334,385.5211446077094,-0.8787501309772328,0.08061760379596679,0.08442839192065905
M36,190.5073229166666,244.4407239816234,-0.1597121559328325,0.049219809350543084,0.06315413836951074
ALL_MODELS,198.14571041666667,260.39482348544135,0.5757879546581555,0.04949737108479507,0.06504737942353396
