Model,MAE,RMSE,R2,MAE / Mean,RMSE / Mean
M36,312.60345833333326,334.70879520604234,-1.4021631213052363,0.08471160164850672,0.09070186964314363
M48,681.9728958333333,686.3296348698193,-16.66619542260561,0.1737547453236799,0.17486476609774798
ALL_MODELS,497.28817708333327,539.9436754369941,-4.781929013573794,0.1306053878520269,0.14180822387997416
