Model,MAE,RMSE,R2,MAE / Mean,RMSE / Mean
M18,351.31497499999995,361.86023071579956,-2.472755499891908,0.04629214881024278,0.04768167838221123
M24,159.9586166666666,181.08893638829088,0.9148215575376438,0.019420899056021523,0.021986373894993683
M36,716.0730333333335,782.5717854213793,-3.4125000315418816,0.08470707619359784,0.09257347333144278
ALL_MODELS,485.85491458333337,589.1886854249548,-0.15499153118213105,0.05937270860675093,0.07200035871640946
