Model,MAE,RMSE,R2,MAE / Mean,RMSE / Mean
M36,164.98541041666667,190.3730291034995,0.5765365130943981,0.06745340618718272,0.07783299884985159
M48,74.36054791666663,91.85828732122171,0.44248294095356744,0.028120051839188205,0.03473696568544045
ALL_MODELS,119.67297916666666,149.46543941599006,0.6289552728426944,0.04701989481654286,0.05872544737321729
