Model,MAE,RMSE,R2,MAE / Mean,RMSE / Mean
M24,77.60080833333332,93.63211018801184,0.9609649971699313,0.011257166516564616,0.0135827484058696
M36,206.10079375,241.43246663145135,0.8860291178589086,0.022099542498698756,0.025888047104561083
M48,220.06320833333334,273.61913648727426,0.7870753432117854,0.022530819536459155,0.028014057563763878
ALL_MODELS,177.46640104166667,223.7262142652238,0.9702049984059482,0.020102270193096204,0.025342288918014034
