Model,MAE,RMSE,R2,MAE / Mean,RMSE / Mean
M12,175.61042083333328,198.76979811215344,-0.141662951488984,0.036034045809358504,0.04078619011731644
M18,193.30743333333325,232.59430630551762,0.4896805334324086,0.036420988836727314,0.04382301542865101
M24,388.51532916666673,404.17161755585187,-0.9140259708413887,0.0690658106616694,0.07184900650588817
M36,121.76480000000008,153.34907526498716,0.5098292383826927,0.023261603120273835,0.029295373767091397
ALL_MODELS,219.79949583333328,264.80189731648056,0.4988764999997167,0.041785155906547154,0.050340372810084584
