Model,MAE,RMSE,R2,MAE / Mean,RMSE / Mean
M36,200.89477291666662,231.46053432301048,0.6360981467083855,0.03803414571615641,0.04382096936704546
M48,105.03298749999993,133.30527046898152,0.817025946574515,0.01904316757634704,0.024169117386583745
ALL_MODELS,152.96388020833328,188.87068867865898,0.7373339411593698,0.02833325776271081,0.03498421914287722
