Model,MAE,RMSE,R2,MAE / Mean,RMSE / Mean
M24,32.10438750000003,41.00872176795141,0.8367833461345742,0.014650060843442232,0.018713338449839027
M36,150.37460000000002,174.4420458077983,0.14814952825330296,0.07324032794869714,0.0849624380913053
M48,53.106158333333326,70.40005704278583,0.4466654029870175,0.022776864791450725,0.030194098592280994
ALL_MODELS,96.48993645833333,129.90182637658404,0.5310400619007439,0.044726484761279356,0.06021407279507912
