Model,MAE,RMSE,R2,MAE / Mean,RMSE / Mean
M12,38.58602083333333,52.83758817063458,0.8617384549102154,0.01944288263699349,0.026624020913189796
M18,122.44965416666668,140.88368614979433,0.473865184898413,0.04607556520648459,0.05301195427542353
M24,120.50813749999996,132.89502252628603,0.4450222738218844,0.0490801537469454,0.05412504311415396
M36,85.15582916666666,101.80438750292355,0.17290387640195648,0.034854100653171204,0.04166832034500682
ALL_MODELS,91.67491041666665,112.5447067546391,0.8532465927990931,0.038435263803788144,0.04718505285878211
