Model,MAE,RMSE,R2,MAE / Mean,RMSE / Mean
M24,205.2758958333333,207.74531421427514,-12.598490748153269,0.09503147062227535,0.09617467576757462
M36,147.40956666666665,170.08406204950538,0.5165589590398668,0.06225066159909909,0.07182603971685193
M48,165.16459583333338,191.71382415081928,-2.819454926157326,0.07137108930500542,0.08284356823225897
ALL_MODELS,166.31490625,185.5865581575341,0.14679854894957434,0.07223035476778589,0.0806000089715411
