Model,MAE,RMSE,R2,MAE / Mean,RMSE / Mean
M24,187.71669999999986,221.06950864413838,-0.16346732210366466,0.02980615812107176,0.035102006003700434
M36,192.67698125,221.8493161251822,0.4161562481587139,0.02661881724143886,0.030649049838559376
M48,125.16554166666667,157.6343503592835,0.7428923685410224,0.017489363064741498,0.022026225015270167
ALL_MODELS,174.55905104166663,207.45755842808921,0.8163059161230215,0.024998312677518675,0.029709653449376695
