Model,MAE,RMSE,R2,MAE / Mean,RMSE / Mean
M24,173.03841666666668,185.28481166837452,-1.9666692551007943,0.02970021740996081,0.03180218182367615
M36,385.2418854166667,444.8610277762346,-0.9040762461829361,0.0571863621322563,0.06603639115052175
M48,234.67806666666652,263.34734217756176,0.06795206655217445,0.03550617545452251,0.03984376158220164
ALL_MODELS,294.55006354166665,353.3712467558822,0.4257341598857405,0.04547477473130989,0.05455601553612532
