Model,MAE,RMSE,R2,MAE / Mean,RMSE / Mean
M18,157.162275,196.6882529312334,0.5707580694860257,0.020134274596048832,0.025198001838129154
M24,355.32980416666675,390.3758142786465,0.4314709602064086,0.043159868717388125,0.047416706105539864
M36,475.59706250000016,531.656932494987,-2.1007518837074914,0.056171222798539436,0.06279227178272143
ALL_MODELS,365.92155104166676,434.855646437647,0.09097258559316668,0.04439123219155407,0.05275387010103662
