Model,MAE,RMSE,R2,MAE / Mean,RMSE / Mean
M24,240.49877916666662,260.01789548096735,0.6869962079835016,0.029708934858248742,0.03212014109007029
M36,247.69572916666655,289.99165933713357,0.7144821367101738,0.025148476631244063,0.029442770340171946
M48,227.54552083333328,288.210091754569,0.7511308981074842,0.024072841040831884,0.030490759386352005
ALL_MODELS,240.85893958333327,282.34052486746236,0.9008716358461782,0.0258666801654307,0.030321532043280003
