Model,MAE,RMSE,R2,MAE / Mean,RMSE / Mean
M36,119.2436770833333,132.69186761390637,0.8785947048794426,0.04659776361208804,0.05185301587100679
M48,267.6886895833333,274.4788976715457,-2.4049996127773183,0.09333568517778665,0.09570324402160457
ALL_MODELS,193.4661833333333,215.5757372686608,0.5674938910303826,0.07129738000821506,0.07944533249055243
