Model,MAE,RMSE,R2,MAE / Mean,RMSE / Mean
M18,57.91738750000001,64.55617716047462,-0.20395782451959676,0.029785233993314484,0.033199371129068976
M24,38.940487499999996,51.38091015206508,0.7527248910114002,0.017229351252696198,0.022733658603867078
M36,52.104750000000024,65.37629636859984,0.575703432918342,0.024806863717516378,0.03112539402591542
ALL_MODELS,50.266843750000014,61.95889401728208,0.8174071624893604,0.023921048326732138,0.029485075797270024
