Model,MAE,RMSE,R2,MAE / Mean,RMSE / Mean
M18,63.80965833333331,73.49181633637855,0.19262837185410375,0.027901031190788506,0.03213459393807545
M24,92.31509999999999,117.25820738022637,0.814747339488678,0.031338402783671386,0.03980589234667788
M36,169.30328541666668,176.69507393653657,-0.11138399316153769,0.05660621260352598,0.0590776422125043
ALL_MODELS,123.68283229166667,142.82229568008668,0.8349445069962449,0.04411516260509978,0.050941821761508764
