Model,MAE,RMSE,R2,MAE / Mean,RMSE / Mean
M36,74.08012083333331,92.75543120576772,0.9335353312633676,0.023280536077884488,0.029149468687609915
M48,115.11842708333336,140.00566719431174,0.5211760321219832,0.03692355932429905,0.04490599541153452
ALL_MODELS,94.59927395833334,118.7542775328373,0.8364451512545629,0.03003240936403531,0.03770089269572303
