Model,MAE,RMSE,R2,MAE / Mean,RMSE / Mean
M18,56.21268333333338,68.51629310477912,0.8318735523760121,0.01219573498702779,0.014865089219178087
M24,90.61810416666663,100.93264138327395,0.74064172439954,0.017227094142342265,0.019187955112666442
M36,133.75124375,158.6286827351725,0.7138570705785876,0.02669485692188708,0.03166004195996757
ALL_MODELS,103.58331874999999,127.67928423399057,0.8584604298239304,0.020831060993288138,0.025676865633904304
