Model,MAE,RMSE,R2,MAE / Mean,RMSE / Mean
M24,44.98250416666664,53.090826197654714,0.9440648825419221,0.010555556533302039,0.012458248550429358
M36,120.84803958333332,152.13430208670133,0.8134747118512977,0.024988932542400623,0.03145829940922007
M48,127.57742083333328,150.37286970299994,0.6782335884642365,0.025959609824751786,0.03059805567646484
ALL_MODELS,103.56400104166664,133.9032556660595,0.8885563418946543,0.021978680635077835,0.028417373437488586
