Model,MAE,RMSE,R2,MAE / Mean,RMSE / Mean
M36,427.0162229166667,486.6766742523848,0.7948820135180543,0.05039790778929872,0.05743923728387449
M48,185.60706249999996,220.46920921492446,0.765146890273106,0.021508801112481858,0.02554874964647406
ALL_MODELS,306.31164270833335,377.79680879622055,0.7922300509656699,0.03582120980670185,0.04418094798008689
