Model,MAE,RMSE,R2,MAE / Mean,RMSE / Mean
M36,179.04765208333336,239.71645731834545,0.07988771325026744,0.02951628871007072,0.039517637234754086
M48,380.1223270833334,401.90266219693393,-1.0571320758265679,0.06370186959284424,0.06735187373161944
ALL_MODELS,279.5849895833334,330.90008294819216,-0.5013778516700547,0.04646866067517665,0.05499752935528828
