Model,MAE,RMSE,R2,MAE / Mean,RMSE / Mean
M12,129.6551041666667,138.4756177823239,0.41397270716112644,0.031623196138211386,0.033774540922518026
M18,318.8297291666666,357.21724632087034,-0.175550417932689,0.062341443841553816,0.06984743536605961
M24,599.6140541666667,618.3273997415833,-5.126000814167307,0.11615737589797404,0.11978252961335056
M36,471.30035833333324,519.4052274039132,-3.527853896907196,0.09926205189858975,0.10939356978485792
ALL_MODELS,379.84981145833336,446.90329527621526,0.18844169700821356,0.07944830855038837,0.09347302492786619
