Model,MAE,RMSE,R2,MAE / Mean,RMSE / Mean
M36,221.08576666666667,277.7720711127913,0.18776265223354738,0.0406697356419631,0.05109744001706938
M48,151.1321604166667,176.94804183173085,0.5403745966359405,0.029921605725009803,0.03503271260666576
ALL_MODELS,186.10896354166667,232.88187241429245,0.5429085521584858,0.03549305890790041,0.044413175265102585
