Model,MAE,RMSE,R2,MAE / Mean,RMSE / Mean
M12,175.68504166666662,190.12532529220906,0.22083698707620436,0.0462826392395337,0.05008680168396981
M18,85.67285833333335,105.80499807386629,0.8652271639537668,0.018749702269680753,0.02315566739714207
M24,232.7511625000001,269.4710002730822,0.6598633976997108,0.053596368398833305,0.06205196506134837
M36,204.23497083333336,246.6804782754919,-0.8101926908578394,0.049016883168831696,0.05920390682518631
ALL_MODELS,174.58600833333335,212.60774638126432,0.7403295187379194,0.04138457633312592,0.05039740350973702
