Model,MAE,RMSE,R2,MAE / Mean,RMSE / Mean
M12,137.01761666666673,160.20048569965127,0.25952998988413756,0.020388894193508394,0.023838618946533344
M18,252.1133666666667,277.1089898531157,-0.7117503088018491,0.033370767381065314,0.03667929139122854
M24,289.2744833333333,322.0819844599935,-0.08510639890120109,0.041607261177034637,0.04632606752391133
M36,135.47447916666678,163.169429418367,0.705973863287786,0.019155104866266072,0.023070969164845103
ALL_MODELS,203.4699864583334,241.2543550312726,0.6344452335901076,0.02875888165982778,0.03409940486570608
