Model,MAE,RMSE,R2,MAE / Mean,RMSE / Mean
M36,208.33266875000004,259.70747484126053,0.7015464274303819,0.05003561596541528,0.06237439165193366
M48,330.4965041666667,388.16993211509566,-0.5443502776342055,0.07826686302660726,0.0919248540449881
ALL_MODELS,269.41458645833336,330.24526392263516,0.32946423349452425,0.06425054602455373,0.07875757139947479
