Model,MAE,RMSE,R2,MAE / Mean,RMSE / Mean
M12,180.41770833333325,192.53890749596547,-0.7062386496889144,0.021734345589157978,0.023194547772132874
M18,197.89052083333323,240.78987741634216,0.4781599932803714,0.020619233991933546,0.025089139209038113
M24,138.60612916666662,170.16881165726895,0.8714528535464569,0.016451684709768988,0.0201979786438962
M36,191.42387500000004,223.05433278958813,0.3592898941373204,0.021812822265903205,0.02541712478017128
ALL_MODELS,177.08455833333326,208.42364057549497,0.8809168073869749,0.020181031623457784,0.023752517560637666
