Model,MAE,RMSE,R2,MAE / Mean,RMSE / Mean
M18,204.13276250000004,225.29046022105834,0.7758148367251723,0.023917954138249212,0.026396972388752788
M24,424.08799166666677,453.0024824742144,-0.217212193417885,0.04706989557608888,0.05027914009536495
M36,149.29813541666672,207.89135054153746,0.8402921846083169,0.016151980030652727,0.022490950292989986
ALL_MODELS,231.70425625000007,292.57677105948875,0.73059946837061,0.02572267796245608,0.03248044806366593
