Model,MAE,RMSE,R2,MAE / Mean,RMSE / Mean
M18,225.24497499999998,252.95880540428578,-0.9808177332648116,0.058239204068001114,0.06540487524189156
M24,142.32669999999993,150.56915508356389,-0.3222796779437671,0.03451285502106634,0.03651157105478801
M36,305.38437708333333,356.12921378095774,-0.2668562095065268,0.08415980628566835,0.09814439733534265
ALL_MODELS,244.58510729166665,291.6827306812266,0.18444843052401794,0.06415890498922039,0.07651342639785816
