Model,MAE,RMSE,R2,MAE / Mean,RMSE / Mean
M24,31.04047083333332,37.736472724424694,0.7525522164500646,0.013425809183967699,0.01632200377354009
M36,171.22825208333336,198.24501720253014,0.728526120040401,0.07203607607695343,0.08340208445349444
M48,64.12295833333332,76.80183876638846,0.30961176777900623,0.028171984549764762,0.03374236422269799
ALL_MODELS,109.40498333333333,146.56460819621708,0.7240305695668107,0.0468439338120512,0.06275457110225609
