Model,MAE,RMSE,R2,MAE / Mean,RMSE / Mean
M18,49.51179166666671,57.76997994217386,0.5224306659073616,0.02494401528191782,0.029104486305306113
M24,74.06118749999999,91.54834947603051,0.6687363056515656,0.03246399218293395,0.04012931742081992
M36,118.31545625000001,151.91005105528802,-0.2252474797650479,0.05861734943489705,0.075261211236557
ALL_MODELS,90.05097291666668,120.28278980962428,0.5444666621360084,0.04338172575586502,0.057945792606819375
