Model,MAE,RMSE,R2,MAE / Mean,RMSE / Mean
M12,314.65738749999997,323.26132500076915,-0.13783694509097177,0.08310254200917763,0.08537488362900376
M18,145.00090416666666,178.3076505527303,0.04825970326330842,0.038095475643130816,0.04684601656557775
M24,636.1126,655.0484554399158,-4.58664705127592,0.1776354649539235,0.18292333299076116
M36,165.02138749999995,221.83855706935745,-0.10011055131699753,0.040705818327577685,0.05472090702253514
ALL_MODELS,315.1980697916667,391.9796955403817,-0.710546738116963,0.0827963834916257,0.1029654185837599
