Model,MAE,RMSE,R2,MAE / Mean,RMSE / Mean
M24,71.13183749999996,77.32532799571285,-1.6992826707008875,0.03276643634479183,0.035619429030097474
M36,131.76216666666664,150.50639908008893,0.3156308715271764,0.06137750863708706,0.07010895496918082
M48,132.64476666666664,156.56218122301544,-1.9157209191863993,0.05550183758150563,0.0655094729480172
ALL_MODELS,116.82523437499997,137.6547086618025,0.36130122164632084,0.05277677256321086,0.06218666104258782
