Model,MAE,RMSE,R2,MAE / Mean,RMSE / Mean
M12,36.06459583333331,44.91948652514753,0.9607224386020915,0.008607730097956335,0.010721174248953714
M18,121.74023750000003,151.90353327162526,0.7060702516121871,0.02424661582380376,0.03025414348740275
M24,304.50208333333336,316.40943931234233,-0.27610224362729907,0.0606200489403177,0.062990556538478
M36,293.5617958333333,318.2563294432931,-0.9010687461048315,0.059741404865474454,0.06476687531597632
ALL_MODELS,188.967178125,237.95717482708702,0.6959135120136986,0.039475675069906103,0.04970979726338085
