Model,MAE,RMSE,R2,MAE / Mean,RMSE / Mean
M36,325.2765812500001,363.2807358108147,0.5064563890584703,0.04538307633279367,0.05068547296020761
M48,203.69130833333335,233.3871767613967,0.37667550562178276,0.028422621390551555,0.03256631525800537
ALL_MODELS,264.4839447916667,305.3215250255887,0.474491056962666,0.036903341879522,0.04260139355555824
