Model,MAE,RMSE,R2,MAE / Mean,RMSE / Mean
M36,316.42150833333335,324.57435178014686,-0.8409690989270242,0.12136507571217388,0.1244921402009433
M48,228.47111666666672,243.5258271564872,-2.871233907363188,0.09307069956123602,0.09920343291248811
ALL_MODELS,272.44631250000003,286.9262434195884,-0.9565969291112362,0.10764374259186094,0.11336477416815029
