Model,MAE,RMSE,R2,MAE / Mean,RMSE / Mean
M24,153.20432083333324,199.44414016702663,0.36693801647098434,0.03053323451500127,0.039748713817199695
M36,172.44350416666668,203.10941749953298,0.602013061087239,0.03174305853297489,0.037387979091719106
M48,114.09206249999988,133.09811627656015,0.348585133154238,0.019972789338935187,0.023299961272948668
ALL_MODELS,153.04584791666662,187.08283229450294,0.7422832165091804,0.02834844051177068,0.03465305733065064
