Model,MAE,RMSE,R2,MAE / Mean,RMSE / Mean
M24,32.91785416666667,39.547544483955235,0.9343652220637837,0.015445025512697703,0.01855566983274864
M36,141.41750000000002,161.98154677491047,0.3779833782786871,0.05278701017940324,0.060462966453817095
M48,78.80740833333333,96.5595074198203,0.08070551078925536,0.031015854118495924,0.03800246270273835
ALL_MODELS,98.64006562500002,125.86082565581492,0.8018773254763685,0.039337195139682216,0.05019270646155668
