Model,MAE,RMSE,R2,MAE / Mean,RMSE / Mean
M12,192.87552499999995,201.76641321012974,0.0802050105110721,0.04376323671223551,0.04578056911001866
M18,103.50046666666658,125.43356667320614,0.7473193846622861,0.019984643109995478,0.024219649869319588
M24,149.5295625,176.67460879685126,0.6133108586749012,0.03257754246135132,0.03849154958854411
M36,181.29923333333332,217.2255250388599,0.23056773019281096,0.03626800696823452,0.04345488235630215
ALL_MODELS,156.80119687499996,183.60563122489685,0.7859553430199646,0.03270936436608271,0.03830087787013116
