Model,MAE,RMSE,R2,MAE / Mean,RMSE / Mean
M36,83.22913750000002,115.43378680142425,0.3889182808901007,0.04984340307669276,0.06912978960297893
M48,109.24094583333334,133.2009349384543,-0.3001147277765783,0.06030067044631255,0.07352651169021247
ALL_MODELS,96.23504166666667,124.63436164195451,0.31727141275731796,0.05528498934820596,0.07159979604583643
