Model,MAE,RMSE,R2,MAE / Mean,RMSE / Mean
M24,127.8452291666667,136.47662017264017,0.431224626711723,0.025581196901861725,0.0273082954748786
M36,169.0253854166667,191.4746143191316,0.7160213711195709,0.03094404248827187,0.035053897888242556
M48,186.70695833333335,212.3648384977529,0.025153164890452606,0.03324159495548962,0.03780976353075719
ALL_MODELS,163.15073958333335,185.10115365742874,0.7521222772651848,0.03029884143593077,0.034375268653990286
