Model,MAE,RMSE,R2,MAE / Mean,RMSE / Mean
M18,59.88574583333328,73.34483802655834,0.7524049963469429,0.007214244698205541,0.00883561858520467
M24,174.42545833333315,205.43647709176415,0.6201465826973577,0.018174288108293482,0.02140548609299565
M36,264.5130520833333,304.8215572604613,0.4900576751645819,0.03075591603099663,0.03544273579583823
ALL_MODELS,190.83432708333328,241.56571307120677,0.8400342159916139,0.02174799217931078,0.02752947710695736
