Model,MAE,RMSE,R2,MAE / Mean,RMSE / Mean
M36,238.32343124999997,264.955926509891,-1.5219363252864286,0.0472608033017835,0.052542168685420707
M48,164.71782083333332,189.7270878243075,0.413048053413021,0.03251785129677308,0.037455068295756226
ALL_MODELS,201.52062604166665,230.43221437877045,-0.18760049109044608,0.039872751873996526,0.045593181641866154
