Model,MAE,RMSE,R2,MAE / Mean,RMSE / Mean
M36,420.2158208333335,477.99258307282,0.8484965875430132,0.04911465986816956,0.055867585115127294
M48,421.58246874999986,470.88655199711775,0.037266965770223925,0.042701174516825376,0.0476950782466689
ALL_MODELS,420.8991447916667,474.45287138153196,0.8272194406267915,0.04567874088828998,0.0514907431951885
