Model,MAE,RMSE,R2,MAE / Mean,RMSE / Mean
M36,92.83006666666661,115.0931565017967,0.9354680895455556,0.0197453014632244,0.02448074371897513
M48,182.9355250000001,205.62840771641132,0.0440695904818057,0.03568617770534711,0.040112995543295484
ALL_MODELS,137.88279583333335,166.6275438418477,0.8365589864891265,0.028060307170491287,0.03391010484671658
