Model,MAE,RMSE,R2,MAE / Mean,RMSE / Mean
M12,126.65602083333334,138.05412286588756,0.6805264276829136,0.030469658089672523,0.03321170121970371
M18,204.62958750000007,218.18404738914333,0.44084649124509445,0.04155583469424021,0.044308451759076675
M24,131.53795,149.55688707416653,0.176116561291617,0.026879679171704442,0.030561835139383178
M36,217.46433333333337,264.94987051479984,-0.06895787390107322,0.04128285768524964,0.05029738730268933
ALL_MODELS,170.07197291666668,199.51749029377208,0.8218478657006753,0.035353864109793125,0.04147487747924948
