Model,MAE,RMSE,R2,MAE / Mean,RMSE / Mean
M36,110.42471458333337,129.27988501624188,0.8889236896670237,0.02386497147668383,0.027939947864599166
M48,105.6049979166667,122.62727609236852,0.6325644108771431,0.022095984917832708,0.025657596671608426
ALL_MODELS,108.01485625000004,125.99749503789093,0.8435860116367812,0.022966156156355694,0.026789631045311454
