Model,MAE,RMSE,R2,MAE / Mean,RMSE / Mean
M12,208.7472458333333,221.57204594801377,0.040091931157038574,0.02767766366499088,0.02937809570052666
M18,318.73986249999996,384.41237507857414,0.5132717812364196,0.03985286116176087,0.04806406356804261
M24,190.7042041666668,226.89352753480827,0.7762173506050513,0.024061724364534888,0.02862784039552821
M36,313.11474999999984,361.43726989312614,-2.3219181614253417,0.0378268315027534,0.04366458848413399
ALL_MODELS,257.826515625,307.8086331489601,0.5788653718484914,0.03248903046189671,0.03878733742559126
