Model,MAE,RMSE,R2,MAE / Mean,RMSE / Mean
M36,77.30909791666666,92.07060801375599,0.8273500481791352,0.03826117624011465,0.04556682013734096
M48,63.85941041666666,86.04414044936834,0.11720516840367734,0.02879089756354141,0.0387928422366735
ALL_MODELS,70.58425416666667,89.10833565299414,0.793718052590535,0.033305423857107046,0.04204607561789424
