Model,MAE,RMSE,R2,MAE / Mean,RMSE / Mean
M12,83.37717500000001,106.55978705297721,0.8740111877124472,0.01068156423984584,0.013651520464571618
M18,320.2238208333334,372.22442664779834,0.4831118380416979,0.038895746726791476,0.04521196139232022
M24,137.04427083333334,174.0560281737906,0.7853829592572191,0.01621553832197758,0.02059489373660715
M36,641.9505416666666,652.6679501223228,-9.472597607715924,0.07568014716717916,0.07694363243049715
ALL_MODELS,295.6489520833333,389.2868370721544,0.2715056429538186,0.03586621570049713,0.047225757336216416
