Model,MAE,RMSE,R2,MAE / Mean,RMSE / Mean
M24,68.89696249999997,74.97373147841792,-0.5355757688930405,0.024907017834548403,0.02710383737244728
M36,118.89363541666661,131.8818974667083,0.7911529415197354,0.03948697466199851,0.043800638489974106
M48,47.98631250000002,61.66495417622761,0.6821500374088855,0.01636850296337356,0.02103439361317618
ALL_MODELS,88.66763645833332,105.13003465255885,0.8009817848030234,0.0302627450910681,0.035881450856092297
