Model,MAE,RMSE,R2,MAE / Mean,RMSE / Mean
M24,124.26242499999994,157.08865624695025,0.2868032315255392,0.024797929554979035,0.031348763968659
M36,319.00588750000003,349.27676633048947,-0.7141105583937564,0.05445006027373879,0.05961689650292654
M48,317.10724583333325,341.50202883537827,-1.2963775656724938,0.054952769454051816,0.059180237932957465
ALL_MODELS,269.84536145833334,310.3582609729918,0.4758865603314567,0.04797481860237715,0.055177458643207285
