Model,MAE,RMSE,R2,MAE / Mean,RMSE / Mean
M12,41.45812916666669,50.18303941915622,0.76745922679574,0.016012666967073295,0.019382550871604322
M18,94.71780416666668,119.76955154462777,0.4821858541220416,0.03070725391400668,0.0388289621239118
M24,98.97029583333331,117.22765823130756,-0.2926348128767784,0.033006601912067134,0.03909543379399952
M36,297.3056791666667,304.15939210891895,-3.654049826257089,0.10163862370553967,0.10398167329906208
ALL_MODELS,133.11297708333333,175.44111731932256,0.41399502220055706,0.04591191086967456,0.060511282353772684
