Model,MAE,RMSE,R2,MAE / Mean,RMSE / Mean
M36,256.02214166666664,272.8667582938237,-0.30827057628298093,0.06937799381252399,0.0739426213112455
M48,194.30253749999997,221.70874008482107,0.3117374392362803,0.04813614137587546,0.05492570191982272
ALL_MODELS,225.16233958333336,248.60715316717935,0.34348050128901053,0.05828109683594646,0.06434956038677546
