Model,MAE,RMSE,R2,MAE / Mean,RMSE / Mean
M18,57.852675,67.42259362036957,-0.0631616707161684,0.03683515148299464,0.042928377112773114
M24,62.40649999999999,74.74816992787628,-0.8435091298269208,0.03895435511976904,0.0466580685653471
M36,97.06567708333336,119.29283950856764,0.7285676114039323,0.05468938175671711,0.06721275570071773
ALL_MODELS,78.59763229166667,98.227615966817,0.7395881389093865,0.04676806602370209,0.05844852440133902
