Model,MAE,RMSE,R2,MAE / Mean,RMSE / Mean
M24,173.89889166666663,184.06581989031125,0.4537459153178669,0.0329291595657388,0.03485434953423807
M36,361.43007499999993,418.0299272754623,-1.5058003862584566,0.06912471152620168,0.07994962270982958
M48,160.3377375000001,187.18440703682097,-0.06628717629314629,0.028870825361813245,0.033704905721365946
ALL_MODELS,264.2741947916667,323.4255202073096,-0.36244144227948083,0.04964770091212058,0.06076012645600104
