Model,MAE,RMSE,R2,MAE / Mean,RMSE / Mean
M18,60.46735416666669,75.41997345653596,0.8734574212851312,0.013146744152338163,0.016397725825347986
M24,76.13970416666666,100.57120109575563,0.4451308870273252,0.015332457082445334,0.020252293352168407
M36,262.0751125,288.73400247711345,-0.9994694710310621,0.052448239718488374,0.05778339664663223
ALL_MODELS,165.18932083333334,213.62197175087994,0.2968441358195706,0.03378277434088314,0.043687708318601144
