Model,MAE,RMSE,R2,MAE / Mean,RMSE / Mean
M18,232.5611,256.388999000404,0.184602084431156,0.0616355227704404,0.06795061592837245
M24,225.36195,251.6855939338702,0.045316456029815044,0.04948433042698604,0.05526440064055119
M36,368.3143208333333,453.12029949022775,-1.1044037385978296,0.08722272742970757,0.10730614081440498
ALL_MODELS,298.63792291666664,367.32715956708864,0.17042657130940853,0.07121978755223005,0.08760093832367111
