Model,MAE,RMSE,R2,MAE / Mean,RMSE / Mean
M24,117.83698333333332,125.98170129845909,0.5172380526334889,0.025609312518110692,0.02737939031406674
M36,165.08883333333327,210.94347231697614,0.6919212376610913,0.034253756375896935,0.04376798941477849
M48,115.75473749999999,149.63642413929924,0.5461989744578335,0.022390419581546795,0.028944148581056626
ALL_MODELS,140.94234687499997,178.36531719867529,0.763039649696341,0.029044807104463253,0.036756775710259204
