Model,MAE,RMSE,R2,MAE / Mean,RMSE / Mean
M24,163.41826249999997,173.4165819585565,0.8331525048433808,0.0205514478096835,0.02180883445297294
M36,185.39706249999992,221.7146914614684,0.8078038585125,0.018754009883776058,0.02242775294806378
M48,194.44429166666646,215.406341270158,0.7016295690379943,0.019558110685023344,0.02166657107136813
ALL_MODELS,182.16416979166658,209.03828093036734,0.9528796623644877,0.019345723593964324,0.02219973778631274
