Model,MAE,RMSE,R2,MAE / Mean,RMSE / Mean
M12,266.1266916666668,273.7417332927061,0.4849789176467796,0.03276430370526166,0.03370183287605326
M18,101.82827083333329,132.5496410148933,0.9536387948090184,0.00984327510582852,0.012812970023068559
M24,222.65002083333343,256.2124711341686,0.6251206224943371,0.023113158702901915,0.026597255570973373
M36,356.05762499999975,425.97554504557513,0.09005500312479187,0.03626395325151497,0.04338499211137904
ALL_MODELS,236.6656520833333,291.3777356031274,0.9063952845624035,0.02496541703523413,0.03073689240529444
