Model,MAE,RMSE,R2,MAE / Mean,RMSE / Mean
M12,44.75504583333335,54.97861331050695,0.9149956269627144,0.016559843053821136,0.02034267177670115
M18,111.55609166666665,136.06999846764225,0.08577079377738195,0.038794809673539765,0.047319779798348345
M24,228.0546875,236.52351917496225,-0.1639825359835092,0.0946170501495324,0.09813066295916978
M36,108.735225,126.87240878484964,0.16531932688419648,0.04015333271787297,0.04685096336220444
ALL_MODELS,123.2752625,152.95234195518972,0.6022948021981567,0.04609946906102097,0.057197377744573605
