Model,MAE,RMSE,R2,MAE / Mean,RMSE / Mean
M18,29.228524999999973,37.12567991802753,0.9215128423586343,0.013237806419958092,0.01681448393184995
M24,131.28929166666663,146.09159804590342,-0.28820003337414635,0.047471119079185234,0.05282328481833317
M36,69.04495,87.56928152776139,0.4261625361306366,0.02657171858087793,0.033700745747304445
ALL_MODELS,74.65192916666665,97.54207971890686,0.8336887897448317,0.029360180587647274,0.0383627470503542
