Model,MAE,RMSE,R2,MAE / Mean,RMSE / Mean
M36,466.45872916666667,485.9515741409876,-2.7660749931844553,0.10269190619682522,0.10698329851611653
M48,241.9291229166666,283.4832755111706,-0.038484472025982264,0.05309441421752409,0.06221400000245153
ALL_MODELS,354.1939260416666,397.81383831174475,-1.2577217980042956,0.07785426551298576,0.08744222279243473
