Model,MAE,RMSE,R2,MAE / Mean,RMSE / Mean
M24,49.21416249999995,59.144907549977745,0.6769870726485201,0.019008334674434302,0.022843956696376868
M36,194.03035,221.28035551658309,-1.3297065999414515,0.06379385860965936,0.07275319409010013
M48,291.806525,297.6744108299732,-3.457707528547414,0.09975865133968635,0.10176468042561368
ALL_MODELS,182.27034687499997,217.9668360250923,0.09547749620410328,0.06286674750479639,0.0751788005001504
