Model,MAE,RMSE,R2,MAE / Mean,RMSE / Mean
M18,155.07763333333332,185.01264530537273,0.5325346917067715,0.028915086585299534,0.034496635932541514
M24,222.75478333333328,254.41811884660285,0.49701381121725463,0.03879027724367113,0.04430409627210997
M36,349.20536041666657,437.13697811620233,-0.6073354434295142,0.06247593973752575,0.07820768693025056
ALL_MODELS,269.0607843749999,346.81974186653,0.06205344674359703,0.04829532188672682,0.06225274006029359
