Model,MAE,RMSE,R2,MAE / Mean,RMSE / Mean
M24,219.9768208333334,230.626170811161,-0.7931408623348228,0.029906779017730704,0.031354603180580434
M36,524.5529854166667,577.288967744558,-1.3448930875208291,0.059499830564548536,0.06548165146805962
M48,442.1162541666666,461.8425828264417,-1.304130139522477,0.05166192006387878,0.053966969934293466
ALL_MODELS,427.7997614583333,482.9627590544565,0.5005272650419914,0.051011474631997206,0.057589191839942946
