Model,MAE,RMSE,R2,MAE / Mean,RMSE / Mean
M12,367.79543749999993,383.86920444183465,0.03665679174990266,0.05449023111967109,0.05687161812538755
M18,106.11188750000015,141.47590926451204,0.9515273633007275,0.011954473036914657,0.015938552998367796
M24,125.15529166666654,167.04866636065964,0.6100842488798988,0.01396880914844835,0.01864460469725682
M36,208.81020833333324,282.94547002300925,0.7179532517966445,0.02244989427849552,0.030420427905783424
ALL_MODELS,201.96820624999998,262.36158015248924,0.9446700285642987,0.023840286984267507,0.030969108854385568
