Model,MAE,RMSE,R2,MAE / Mean,RMSE / Mean
M12,287.05559166666666,325.558620054712,-5.364693679497674,0.05831105223956394,0.06613236687301595
M18,393.82207500000004,425.5997171870027,-3.270348301978644,0.06525499886083554,0.07052044774333634
M24,83.37769166666658,102.2778438306736,0.8902699537284099,0.01586484476580089,0.01946110623740341
M36,227.24020416666656,260.03314648565384,-0.3211416279481416,0.04119997960309124,0.04714553206209493
ALL_MODELS,247.87389062499994,302.1595311137257,0.5786414138781236,0.045630059482718935,0.05562327417068907
