Model,MAE,RMSE,R2,MAE / Mean,RMSE / Mean
M18,84.3772833333333,105.55360001978453,0.36061505043206765,0.015382577518496567,0.019243170324011582
M24,428.96466666666646,449.269055773247,-0.42643669586997013,0.06386333014900186,0.06688620360630453
M36,450.36339166666653,513.3017700352704,-0.7133322090175209,0.06747754217845268,0.07690754283923955
ALL_MODELS,353.5171833333332,430.099308647202,0.5237045311193023,0.05534362158909487,0.06733266303793176
