Model,MAE,RMSE,R2,MAE / Mean,RMSE / Mean
M12,85.72240833333335,105.60461338615845,0.9415472274574669,0.012561593601172306,0.015475092937280515
M18,127.46067500000015,164.15664374545594,0.9436351238597974,0.014725478605365406,0.018964948564742023
M24,400.5570208333333,421.07172417907066,-1.460009091229387,0.044123118195670934,0.04638290302877644
M36,266.65612500000003,315.4350730737495,0.6279218147489185,0.02985764339233562,0.03531945094181256
ALL_MODELS,220.0990572916667,280.57994417027993,0.9266949585810149,0.026289083991405154,0.03351304548670383
