Model,MAE,RMSE,R2,MAE / Mean,RMSE / Mean
M18,169.58662916666668,193.66798254146735,-0.28065885975745286,0.05726215003235882,0.06539339290631724
M24,91.28412083333335,101.66508777244405,0.7956048499987516,0.02533031448722396,0.02821091578839932
M36,109.26874375000001,126.23120958376094,0.39490863099099316,0.034170731182935815,0.03947526604179089
ALL_MODELS,119.85205937500001,141.16631510333795,0.7695700751667293,0.03698911685564475,0.04356718902176257
