Model,MAE,RMSE,R2,MAE / Mean,RMSE / Mean
M36,176.07471041666668,192.56315916936032,0.11461978708137288,0.06100378296834174,0.06671645883652103
M48,127.58580624999998,151.37897260843465,0.6204996085409706,0.04389136810268832,0.05207656247235244
ALL_MODELS,151.83025833333335,173.1995433268656,0.414534191056104,0.052417205677686644,0.059794642948668146
