Model,MAE,RMSE,R2,MAE / Mean,RMSE / Mean
M18,271.55449166666665,289.1364801472452,-3.496760776818376,0.04786647521960104,0.050965624162973976
M24,219.6692791666666,282.2604027542054,0.3431831517031013,0.03296522622680205,0.04235812156783634
M36,478.5420041666667,575.3129598103014,-0.6772785932873724,0.0875672048278202,0.10527508004137984
ALL_MODELS,362.0769447916667,454.2138380119775,0.4571155711013881,0.062248519780729476,0.07808875844452931
