Model,MAE,RMSE,R2,MAE / Mean,RMSE / Mean
M12,49.60110000000001,61.13353492357939,0.7559148668640294,0.028415878547728743,0.035022672956482113
M18,145.97162916666665,164.48437661582403,-0.42185001268235855,0.0645535120692832,0.07274046505951312
M24,76.176875,89.90394707485966,-0.5649526670055505,0.03775805452292441,0.04456205555135547
M36,162.13310416666664,179.12143781961512,-1.7009234025354965,0.07539175207796485,0.08329131241491027
ALL_MODELS,108.47067708333331,133.19124260734463,0.6446893098465061,0.0530754194784807,0.06517135563571676
