Model,MAE,RMSE,R2,MAE / Mean,RMSE / Mean
M18,143.94642083333335,157.32878903929316,-1.077156716732413,0.02758629195180184,0.03015092616916496
M24,134.50363750000008,159.09411898345093,0.5777682275959972,0.022574352788150898,0.02670148432567464
M36,350.46229999999997,380.84464477320563,-0.9474973488645699,0.06589830731563999,0.07161117598320975
ALL_MODELS,244.84366458333332,291.6112881305134,0.4007503066860916,0.04489918319942847,0.05347538263272873
