Model,MAE,RMSE,R2,MAE / Mean,RMSE / Mean
M18,440.90793333333323,447.9376507687797,-6.379891874340341,0.05850624440193291,0.059439052217944294
M24,469.3000500000001,485.6803410972807,-0.19325908920468104,0.05203291647995271,0.05384905589562529
M36,199.23507916666654,236.45562704384233,0.6754299362865761,0.022981039462870476,0.02727429385949957
ALL_MODELS,327.16953541666663,370.25533751251226,0.699184512636326,0.038610386653668796,0.04369508830868514
