Model,MAE,RMSE,R2,MAE / Mean,RMSE / Mean
M24,77.50639583333327,95.67874714139104,0.8218007345675165,0.018498866292078947,0.022836158633517824
M36,311.16934375,372.2906136301997,-0.7660565468838503,0.06196098225730844,0.07413163465176115
M48,350.9977958333334,391.5786623747281,-1.8779401618052685,0.07142993988111895,0.07968836455439507
ALL_MODELS,262.7107197916667,331.54519807864386,0.4096833957996373,0.0548808693381497,0.06926054905515197
