Model,MAE,RMSE,R2,MAE / Mean,RMSE / Mean
M12,111.74034999999999,123.17952481869364,-0.05560631239750302,0.044956136321727326,0.04955842280603905
M18,144.49627500000003,157.0040456073346,0.01275451262955718,0.04695439294853569,0.05101882143298578
M24,294.6406583333333,307.1552306312043,-0.9304275064910723,0.10160022701149424,0.1059155967693808
M36,56.862183333333384,75.36680168901734,0.6598713945617334,0.019478353458365464,0.025817179648545803
ALL_MODELS,151.9348666666667,186.98125318636164,0.5285921877088876,0.05339400524211853,0.06571024960790535
