Model,MAE,RMSE,R2,MAE / Mean,RMSE / Mean
M18,94.48850416666664,113.36276803581165,0.14349677244712644,0.024686741780971036,0.02961796682842891
M24,94.6700708333334,102.41403995587191,0.8100814524879765,0.020485814624470307,0.022161545026967145
M36,167.20332291666662,212.29604740775858,0.04657057178842405,0.04248164331500134,0.05393843140100682
ALL_MODELS,130.89130520833334,168.43320356059456,0.7984434358771784,0.03208013750564856,0.041281277791068716
