Model,MAE,RMSE,R2,MAE / Mean,RMSE / Mean
M12,138.4080958333333,154.49601109886976,0.007820635475365156,0.028342471118240297,0.031636868537848105
M18,157.8354999999999,194.2425593830022,0.2318684591621949,0.027941462407151955,0.03438656810964036
M24,186.88232500000007,249.33924363754062,0.5685170959432853,0.03838076159507103,0.051207785788986604
M36,199.57383333333337,237.26958313702656,0.2997467964707293,0.03757597533517954,0.044673371527890214
ALL_MODELS,170.67493854166665,212.17098224125772,0.74963095836946,0.032960627999887346,0.04097431572425929
