Model,MAE,RMSE,R2,MAE / Mean,RMSE / Mean
M36,233.06766666666672,263.35387231630546,0.9055530949028596,0.033203281374283244,0.037517914211718274
M48,149.4476833333333,192.90071985999472,0.6752760913641451,0.020132379124148222,0.025986019581718887
ALL_MODELS,191.25767499999998,230.83105270575822,0.8854699947350326,0.026485091626661742,0.0319651568554872
