Model,MAE,RMSE,R2,MAE / Mean,RMSE / Mean
M12,81.2535416666667,95.02143190990301,0.6606326822857653,0.00917885754092651,0.010734155938874638
M18,345.70631249999997,382.0542374358346,-1.5900156553321922,0.035036026468253295,0.03871975110408269
M24,92.79241666666651,108.68658518342225,0.8962179597441179,0.010296063763881296,0.012059649392976978
M36,224.95687500000017,260.1113619650086,0.07039805733935067,0.02532086276275433,0.029277807576892658
ALL_MODELS,186.17728645833336,242.10803749927965,0.7562827366076532,0.02033830705086335,0.02644827250312459
