Model,MAE,RMSE,R2,MAE / Mean,RMSE / Mean
M24,90.81804583333336,116.0004103084895,0.24502859613805295,0.031130055557935937,0.03976191278409169
M36,128.75608125000008,172.6918133672617,0.27440732352265385,0.03600603509548724,0.04829245681011245
M48,71.29647083333329,79.04838107768502,0.6840390024761189,0.020885598330241176,0.023156444022366475
ALL_MODELS,104.90666979166672,140.8453642748734,0.807129054262463,0.031122745379197826,0.041784706528883206
