Model,MAE,RMSE,R2,MAE / Mean,RMSE / Mean
M18,313.6391291666666,324.7505556921387,-1.4794751945220144,0.07809172121878596,0.08085830976555206
M24,165.31071666666668,210.57904168539864,-1.3743495086324726,0.041031058804062305,0.0522669141875356
M36,158.63438541666667,195.8676797945517,0.565450911446798,0.03789773343752022,0.04679276247947442
ALL_MODELS,199.05465416666664,237.978335251182,0.14357030579564445,0.04849988781896721,0.05798368599491751
