Model,MAE,RMSE,R2,MAE / Mean,RMSE / Mean
M18,254.32574583333334,264.6937093987368,-0.42371690061237843,0.05157778219060012,0.05368042643837085
M24,159.14409166666664,200.9365868874286,0.5565376209314977,0.027516719138359562,0.034742826881584137
M36,196.05046874999994,262.11568806101263,0.3559256080818194,0.035190857892906414,0.04704949694264113
ALL_MODELS,201.39269374999995,248.92144323090582,0.6750863192878774,0.03685712275858913,0.04555541722777454
