Model,MAE,RMSE,R2,MAE / Mean,RMSE / Mean
M18,135.94807083333342,165.4413890863859,0.21028906324822005,0.02022974052143722,0.02461849110626073
M24,178.7776583333333,210.12546844786374,0.01577005601782544,0.02366374987590862,0.027813075606110422
M36,174.53901250000004,200.95190982728832,0.5822972950706591,0.02488969875222817,0.028656243825638264
ALL_MODELS,165.95093854166672,195.11977465119747,0.760886168342407,0.023455859441139107,0.02757864492134893
