Model,MAE,RMSE,R2,MAE / Mean,RMSE / Mean
M24,402.4716458333333,427.4800670596666,-0.2693719561900698,0.0599113020771955,0.06363401669343223
M36,228.34667708333328,271.30734731559704,0.7178316886921546,0.02626504700353934,0.031206498472711248
M48,401.8641458333334,458.8088929063018,0.07242350200257708,0.04567567970751621,0.05214799144594422
ALL_MODELS,315.25728645833334,367.579978153767,0.8625719233145432,0.03832463944849454,0.04468531176389006
