Model,MAE,RMSE,R2,MAE / Mean,RMSE / Mean
M24,170.14790416666665,192.883219062482,0.2704776781439918,0.04427476038685055,0.05019079340683893
M36,411.7105312500001,449.8979390435761,-0.6159134415998311,0.09551848298395792,0.10437811368239455
M48,323.9250375,339.3956900862565,-4.414931654464209,0.0805716866346074,0.0844197885962001
ALL_MODELS,329.37350104166666,373.2323946806957,-0.15638826833536035,0.07992623119058272,0.09056909123144787
