Model,MAE,RMSE,R2,MAE / Mean,RMSE / Mean
M24,249.47243749999998,258.13854223752196,-1.7646823598337358,0.06632112474800061,0.06862496969029583
M36,493.10915625000007,513.8295322946855,-1.483317123414885,0.1121159160453594,0.11682701076264437
M48,431.4412958333334,441.92362194255685,-7.311346004312863,0.1032918131396764,0.10580139782755785
ALL_MODELS,416.7830114583333,444.40228710473895,-0.4891346298378261,0.09961997893625602,0.10622157156956
