Model,MAE,RMSE,R2,MAE / Mean,RMSE / Mean
M24,107.28284583333335,114.10191489830667,-0.5877466626734986,0.04744054796034935,0.050455944974745925
M36,258.6254333333333,270.8263126885692,-1.4354056349402455,0.09926451943067327,0.10394740931593893
M48,219.74585416666673,221.43822526358514,-5.63642532334783,0.08629328653707706,0.08695787365544282
ALL_MODELS,211.06989166666668,228.44469674317241,-0.32923112309713165,0.08426995050946143,0.09120686582384925
