Model,MAE,RMSE,R2,MAE / Mean,RMSE / Mean
M36,191.2518541666666,218.90344348250224,0.11597089979375119,0.03926000735583419,0.04493630055921492
M48,138.27934791666675,176.49221202372212,0.8333867285375881,0.02975429095277802,0.037976752903245835
ALL_MODELS,164.76560104166666,198.8318617243267,0.703040365115592,0.03461901611286446,0.04177670206200753
