Model,MAE,RMSE,R2,MAE / Mean,RMSE / Mean
M18,115.8280291666667,129.76265795769376,0.5956629377287325,0.02063567239741078,0.02311823587345337
M24,119.02567083333334,153.05648618714952,0.5345747325502531,0.017990012532354258,0.02313356509891484
M36,158.4431416666666,195.5109955241477,0.41995801004030553,0.024447879491193602,0.03016747337561307
ALL_MODELS,137.93499583333332,170.81695913015275,0.8644643182326994,0.021902338475177887,0.027123579723668027
