Model,MAE,RMSE,R2,MAE / Mean,RMSE / Mean
M36,209.1746520833333,246.78393248151775,0.8973575961906279,0.025971792450877933,0.030641480747236986
M48,216.86329166666675,259.5140368095883,0.6810008578407556,0.025644820993919817,0.030688416505366335
ALL_MODELS,213.01897187500003,253.22899185544557,0.8551616819911663,0.025804321157456952,0.030675212516054057
