Model,MAE,RMSE,R2,MAE / Mean,RMSE / Mean
M18,272.1348625,289.0679272600177,-3.413765088887681,0.060028645613132106,0.06376381182552182
M24,289.90382500000004,316.94011689288277,0.04349975780028614,0.05262606308146132,0.05753394452332793
M36,191.1008479166666,246.15949050667456,0.09832299204366812,0.03459817331447429,0.04456635754576286
ALL_MODELS,236.06009583333332,276.2246792918259,0.690576807928198,0.0447739825383246,0.05239207805794733
