Model,MAE,RMSE,R2,MAE / Mean,RMSE / Mean
M36,99.44327916666664,116.13399641419603,0.8593086553114653,0.037475091856923014,0.04376497054204542
M48,153.75993125,168.67824847112215,-0.3474682643395739,0.05449983532956241,0.05978759674656897
ALL_MODELS,126.60160520833331,144.8092825588507,0.6799529477647015,0.04624821761531846,0.052899575810900046
