Model,MAE,RMSE,R2,MAE / Mean,RMSE / Mean
M12,107.38964166666669,118.07024140510244,0.7293036048382561,0.02740726081732048,0.03013309152290495
M18,126.05585833333335,143.97466616546936,0.6909396260773768,0.026721138678137066,0.030519541666780885
M24,131.6085333333333,152.52723166189037,0.795155679578417,0.029253925091690433,0.03390373022529331
M36,229.89965833333335,261.51488818250226,-0.5486114451156912,0.05037240541922291,0.05729949346680593
ALL_MODELS,148.73842291666668,177.71035390661976,0.8036498272222068,0.0336158934566326,0.04016374656878257
