Model,MAE,RMSE,R2,MAE / Mean,RMSE / Mean
M12,96.27922500000005,143.12374619344567,-0.47324860782415157,0.023964462467071842,0.035624337896358674
M18,349.99055833333335,397.4037409352767,-3.285639207781421,0.07152882859867839,0.08121883117418285
M24,243.76264999999992,259.4329379269444,-2.430643191403144,0.052607332272249036,0.05598919591614436
M36,185.66513749999993,225.63501000960133,-0.4019663050605353,0.039022701836429065,0.04742348422554214
ALL_MODELS,218.92439270833333,272.31908997407663,0.4659195172567864,0.047846879225953334,0.059516522794562
