Model,MAE,RMSE,R2,MAE / Mean,RMSE / Mean
M12,119.22125416666664,122.19436976089395,-4.997776260800191,0.048170203703703694,0.049371462529654124
M18,106.55515000000003,135.77181849799197,0.16251494858991633,0.035190428093737534,0.04483939458589819
M24,53.890025,68.63683588778456,0.7146030804231228,0.019410502461279865,0.024722116420140914
M36,179.67100833333333,191.25570122109,-0.47335187317575755,0.06693319570346454,0.0712488642323693
ALL_MODELS,114.834359375,136.6155272926281,0.6658152285678322,0.04189649294827213,0.04984319594755497
