Model,MAE,RMSE,R2,MAE / Mean,RMSE / Mean
M36,251.72049583333333,302.9314851697245,0.863945770312633,0.031129207019062563,0.037462253056597124
M48,484.0939166666667,512.7471165085667,-2.308388731020387,0.05573025763528131,0.05902889485067899
ALL_MODELS,367.9072062500001,421.1158333493201,0.6202588690414018,0.04386979799748849,0.05021447318437431
