Model,MAE,RMSE,R2,MAE / Mean,RMSE / Mean
M12,185.7964375,196.16531208073266,-0.060760611852534785,0.04464829481736623,0.04714001411744617
M18,150.05582499999994,180.20183946418013,-0.2854635969200672,0.032864937032305155,0.03946745890801536
M24,52.664504166666724,62.88088071890045,0.7267217798473653,0.01171287542511886,0.013985053768880009
M36,124.25689583333333,140.2503456768512,0.5795902582449918,0.026283153979711447,0.029666131657407512
ALL_MODELS,128.193415625,153.76743578572336,0.6772673713330686,0.028565053873257418,0.03426365594330297
