Model,MAE,RMSE,R2,MAE / Mean,RMSE / Mean
M12,100.12790833333331,111.59407773949071,0.53034484897219,0.013818449365450852,0.015400872128415136
M18,63.779954166666734,84.03468990130658,0.8302749787564098,0.007768411623799769,0.010235442630231613
M24,161.28396666666663,189.7158558078919,0.7156465119079058,0.021247668189004035,0.0249933061401579
M36,227.02117916666677,277.10913250924807,-0.8424173863799147,0.029400699874270866,0.035887411329771655
ALL_MODELS,138.05325208333338,181.86302851204056,0.8149627292367452,0.017947397629062275,0.02364281925615809
