Model,MAE,RMSE,R2,MAE / Mean,RMSE / Mean
M12,74.97758749999998,84.16379062755897,-0.15970517759236436,0.027465994566212827,0.030831109577224115
M18,228.07707916666664,238.69380817943045,-1.336674721563936,0.06767029175423414,0.07082026698363618
M24,160.0385125,169.41400805305696,-0.6251428480201531,0.05326627142619404,0.056386755883859864
M36,55.38827916666668,75.62060423579734,0.7319771367200578,0.018238577210674355,0.024900795796928533
ALL_MODELS,129.62036458333333,156.90591099890617,0.6432626804522596,0.042702806118071784,0.05169189824225544
