Model,MAE,RMSE,R2,MAE / Mean,RMSE / Mean
M24,195.46220833333328,223.72117543542532,0.8193994111497822,0.02075723236488818,0.023758211180852074
M36,549.8737083333334,598.6664430968286,0.1366390335590817,0.04720418711458945,0.051392824153791816
M48,367.88370833333335,421.684640034914,0.6626706716089402,0.03233254234184748,0.03706099555374141
ALL_MODELS,415.7733333333333,485.9712234690445,0.815657258939462,0.037718388572476155,0.04408664522780136
