Model,MAE,RMSE,R2,MAE / Mean,RMSE / Mean
M12,101.19867500000005,109.0867922476869,0.7701103996624938,0.02322246741946897,0.025032585445079077
M18,83.48453749999999,98.19562800476189,0.8998836864499964,0.016073135884868073,0.018905437096306547
M24,107.00347083333342,133.0044750560908,0.7741255660276875,0.021931996788877237,0.027261300003810468
M36,150.29227916666653,182.77812110224986,0.40459997674104975,0.03007700331871318,0.03657818076525521
ALL_MODELS,110.494740625,134.75936102990636,0.8908263681789983,0.02275002541484098,0.02774592592350457
