Model,MAE,RMSE,R2,MAE / Mean,RMSE / Mean
M36,206.03775208333334,236.0639765925944,0.5465501585830641,0.04735547495235633,0.05425666712847287
M48,84.25989166666666,104.05050071140136,0.8745688404468656,0.017585437627722945,0.021715831271565136
ALL_MODELS,145.148821875,182.4180744101339,0.7826956991273187,0.03175312397455063,0.039906240072220926
