Model,MAE,RMSE,R2,MAE / Mean,RMSE / Mean
M24,378.0138541666667,396.6360269026593,-3.1339485108245686,0.08535773761360858,0.08956273305669443
M36,531.5015166666666,575.0283450048009,-2.522127243044928,0.12360081198796552,0.13372298691531995
M48,554.3518666666668,565.8480568824396,-12.652548500660792,0.12547811751391116,0.12808029204167262
ALL_MODELS,498.84218854166664,533.5773974862223,-3.3058860735932116,0.11436880730220216,0.12233249704142675
