Model,MAE,RMSE,R2,MAE / Mean,RMSE / Mean
M24,54.59458750000001,62.95390264252555,0.42922702551812597,0.0232399804895353,0.02679839771941492
M36,149.40470000000002,187.61007249669575,0.6756095955615018,0.05909606434174963,0.07420795273123967
M48,137.59372916666663,150.36515576135122,-0.7305754685327337,0.05522525754231051,0.060351256576901956
ALL_MODELS,122.74942916666667,155.69838834224558,0.625278057205882,0.04961076252062915,0.06292750867626375
