Model,MAE,RMSE,R2,MAE / Mean,RMSE / Mean
M36,214.66594791666662,237.65670500250766,0.25970728566574286,0.0454225336901083,0.0502872942561302
M48,244.51363958333334,279.4876909173763,0.054611148117481245,0.050432080765892354,0.0576456422857919
ALL_MODELS,229.58979375,259.41672922825916,0.19119542649268373,0.04795932754385088,0.05418991708734244
