Model,MAE,RMSE,R2,MAE / Mean,RMSE / Mean
M24,423.3566749999998,433.74224685531834,-5.600498133208131,0.07713112479219011,0.0790232665395969
M36,432.79855416666663,514.783495463871,0.5723804013592071,0.07012526953950432,0.0834090849573186
M48,345.14288333333326,382.8966906312523,-1.7283024706842225,0.06031023029261649,0.06690732651714311
ALL_MODELS,408.5241666666666,464.95868279005913,0.4820024549276781,0.0693731736137153,0.07895655154892711
