Model,MAE,RMSE,R2,MAE / Mean,RMSE / Mean
M12,148.45090416666665,173.8841128061386,0.15711302010849604,0.033872922172995375,0.03967616804536258
M18,111.06904166666664,127.85327831757644,0.7953202186242374,0.021202451401482608,0.024406467179073483
M24,352.65844166666653,426.2590810715619,0.006785354950237021,0.08209473122659991,0.09922809313194714
M36,785.0267583333334,801.3525166301376,-17.555643674476688,0.17329827811401977,0.17690226456633953
ALL_MODELS,349.3012864583332,466.4881578262081,0.016631490338622323,0.07574261839258042,0.10115346233373534
