Model,MAE,RMSE,R2,MAE / Mean,RMSE / Mean
M36,104.32718958333332,144.49924191309287,0.7600318243133082,0.025576658392579877,0.03542516349916471
M48,368.85493333333335,399.26262788373083,-3.7882239217087994,0.07716664037064318,0.08352811047127594
ALL_MODELS,236.59106145833334,300.2421330676968,0.5073887820095586,0.053412714265893134,0.06778255765571864
