Model,MAE,RMSE,R2,MAE / Mean,RMSE / Mean
M36,158.45146458333332,202.53569621778865,0.810934998756355,0.0355647792419127,0.045459581857032624
M48,104.59688124999997,126.53425870558152,0.496923642763351,0.022274797689399984,0.026946549263819734
ALL_MODELS,131.52417291666666,168.86625901670737,0.7946303334243844,0.02874518064883324,0.03690645615390759
