Model,MAE,RMSE,R2,MAE / Mean,RMSE / Mean
M12,94.07865833333342,105.32520478144909,0.4936158961254913,0.017889077454522423,0.020027610720944874
M18,230.18004583333337,253.21709517318916,0.4512564684886171,0.03624192968529611,0.039869121257480794
M24,233.3794416666666,266.7670651284718,0.5421373869775086,0.04400410571468974,0.05029940105811577
M36,104.66597083333325,134.13807345487174,0.6940836453079857,0.01784535321531072,0.022870291856702862
ALL_MODELS,165.57602916666667,202.71284236429435,0.857795123760145,0.02907525914815391,0.03559650786448067
