Model,MAE,RMSE,R2,MAE / Mean,RMSE / Mean
M24,283.80785,291.57162534511707,-0.6151333406231878,0.09824023422851703,0.10092766908418395
M36,115.56959166666661,144.0962713299139,-0.5296935371079343,0.04125367482468076,0.05143654689062808
M48,436.93457916666665,447.92363813744106,-7.4420108652585615,0.138683708043484,0.14217165227733733
ALL_MODELS,237.970403125,285.9969707580147,-0.7642820145060998,0.08176008868465412,0.09826069706842966
