Model,MAE,RMSE,R2,MAE / Mean,RMSE / Mean
M24,117.41893750000013,124.90338734875088,0.6049543141563347,0.0275001902921717,0.029253091480473302
M36,160.4747583333333,193.15016060547075,0.23088819468458355,0.033631637224167586,0.04047961311011725
M48,157.04740833333332,173.50554683830714,0.13577044297892382,0.03233396357522154,0.035722474449633876
ALL_MODELS,148.85396562500003,173.43514640831194,0.689193290547111,0.03189179694561427,0.03715828764966277
