Model,MAE,RMSE,R2,MAE / Mean,RMSE / Mean
M24,99.53052499999997,123.77966666662178,0.9055075069842299,0.0119511922511182,0.014862923641889002
M36,805.4437187500001,887.5598428076408,-2.736072855077031,0.07870304847016674,0.086726935355672
M48,509.300125,547.4642012337808,-0.5349499410913141,0.04950489046571814,0.05321450748903742
ALL_MODELS,554.9295218750001,687.4888011164418,0.46848618012323795,0.056793705524337094,0.07036035204968205
