Model,MAE,RMSE,R2,MAE / Mean,RMSE / Mean
M24,62.156866666666666,83.73468233983152,0.5976286376423838,0.011331637877337708,0.01526542679728937
M36,489.70705000000004,542.9038853651142,-1.3985834705665896,0.07202324506842012,0.07984712408009867
M48,330.91667916666677,388.81078407647465,-0.1553757779407674,0.05117103379401439,0.0601234420143384
ALL_MODELS,343.1219114583334,432.340889903381,0.5187269031005279,0.05371622688216408,0.06768358579544367
