Model,MAE,RMSE,R2,MAE / Mean,RMSE / Mean
M24,157.41260833333328,183.38917699260944,-1.1484838430697843,0.03651135186330601,0.042536534017150796
M36,196.3644020833333,266.86643903720164,0.1999347865661819,0.044716987299614284,0.060772029138232
M48,172.11394166666662,204.91202210548386,-1.3329464255899968,0.03575217331094531,0.042565117368585335
ALL_MODELS,180.56383854166666,233.48229034028355,0.40657177082968576,0.0403315297435265,0.05215162688997029
