Model,MAE,RMSE,R2,MAE / Mean,RMSE / Mean
M12,57.75224583333329,66.60505266193833,0.20153968393772204,0.022996265326099562,0.026521348927156768
M18,40.263262499999975,52.038263836627124,0.8945891587868148,0.013727087151076062,0.017741577272235968
M24,38.08539583333334,46.92111066391562,0.6653120611644754,0.015619704711290353,0.019243436421230282
M36,96.46972916666668,121.79709411818732,0.21158586227437637,0.036948605215281996,0.04664916949405534
ALL_MODELS,58.142658333333316,77.75013939665959,0.8788193356022028,0.02216286425596289,0.029636859316810153
