Model,MAE,RMSE,R2,MAE / Mean,RMSE / Mean
M18,102.10123333333338,116.28407838847008,0.790726260420408,0.017609606691914664,0.020055750729939575
M24,148.56429166666655,164.70612269938525,0.7683341704022973,0.02447601166981292,0.027135383180265975
M36,290.14387291666657,355.16105628470604,-0.6105663285633605,0.04610703280186454,0.05643897390439485
ALL_MODELS,207.73831770833328,270.6145069761861,0.4189061405840223,0.033980954498674346,0.04426597533705786
