Model,MAE,RMSE,R2,MAE / Mean,RMSE / Mean
M18,53.575679166666625,57.20974744531809,0.8717824017645506,0.024403885061397994,0.026059214232337567
M24,109.96933749999994,137.068436465352,0.13721877121266768,0.041736733822506145,0.05202167238864646
M36,117.70995625000005,131.546527224902,-0.27375343417846065,0.049986533901903905,0.055862351429642014
ALL_MODELS,99.74123229166666,119.02698131902393,0.6755569877644321,0.04182077114916775,0.04990714503870289
