Model,MAE,RMSE,R2,MAE / Mean,RMSE / Mean
M36,107.77581249999999,140.231843619342,0.8083386975205611,0.02517942615171205,0.03276205735430345
M48,153.53781666666669,203.76672473228015,0.08258076892976463,0.03419296637220697,0.0453789751463767
ALL_MODELS,130.65681458333333,174.90833038051736,0.6399041249495283,0.029794114838559493,0.03988493748448225
