Model,MAE,RMSE,R2,MAE / Mean,RMSE / Mean
M12,209.62614166666665,226.96245814438856,-0.011515194089006142,0.05591583662128369,0.06054013887708058
M18,194.37182083333335,220.31008134718235,0.4679499083261326,0.042052859460921306,0.04766467098469645
M24,552.8581583333333,584.5450489271036,-2.316449027831185,0.13887419199531106,0.14683372241323878
M36,462.2349708333333,512.3525453900968,-4.083372412862014,0.11434973251559037,0.12674803988416558
ALL_MODELS,354.7727729166666,419.5969894860563,0.008250450349937433,0.08655985350629282,0.1023761029996681
