Model,MAE,RMSE,R2,MAE / Mean,RMSE / Mean
M12,160.52246666666665,192.59661770939368,-0.4537238356175932,0.03177063689067383,0.0381187589169267
M18,192.8934416666667,223.64791134772346,0.6888874842511057,0.0313977591644342,0.036403742903084964
M24,142.97894999999994,195.45980696421108,0.2983190246580716,0.023322876367837954,0.031883608829885585
M36,135.66835416666666,171.6300976487819,0.7236007341929414,0.02289809559976652,0.028967716221655632
ALL_MODELS,158.01580312499996,196.70617171349414,0.8651957659619067,0.027183906865722987,0.03383992072959025
