Model,MAE,RMSE,R2,MAE / Mean,RMSE / Mean
M18,146.45749166666664,158.27337521066724,-0.8571318427779029,0.03686977290606807,0.03984434892805385
M24,488.85821250000004,513.2858406992277,-3.0924870938653726,0.1050197559927675,0.11026746072057739
M36,277.4905520833333,329.7189641943976,-0.8895845314437536,0.07055143491249628,0.08383040743956886
ALL_MODELS,297.5742020833333,355.64800233578654,0.11340000915855009,0.0721674478646945,0.08625145757616114
