Model,MAE,RMSE,R2,MAE / Mean,RMSE / Mean
M12,393.57161666666684,401.8499000127993,-3.0549296438204854,0.05067853528985704,0.051744494462039235
M18,602.0661583333335,702.5475943308085,-0.34091349142792415,0.07244353654868146,0.08453395299277751
M24,260.71027083333337,328.95129999985363,0.45399444735987804,0.030835648741351102,0.03890689349285659
M36,373.87885416666677,402.61026111474797,-2.2146739447159356,0.04570180554140778,0.049213844691626527
ALL_MODELS,407.55672500000014,480.9782855199344,-0.005262146464175554,0.04983492009308358,0.0588127074222472
