Model,MAE,RMSE,R2,MAE / Mean,RMSE / Mean
M18,379.6271249999999,391.5768039932162,0.22565260812082877,0.04205734556902425,0.04338120191584511
M24,727.6055833333334,764.1290318921383,0.16054292443291507,0.06276023749110488,0.06591059856316199
M36,288.4935833333334,351.04201003696363,0.4885415675548328,0.025744755374764824,0.03132648764747465
ALL_MODELS,421.05496875,495.9048690090524,0.8202660523722648,0.03913908071575197,0.046096738278853785
