Model,MAE,RMSE,R2,MAE / Mean,RMSE / Mean
M12,82.49665000000012,104.5321077281243,0.5531233962216219,0.015557333459054285,0.019712810848734014
M18,212.11884166666664,241.87304315712646,-2.9911363789806247,0.03815287222800956,0.04350462805880881
M24,430.4246208333332,474.3676305856798,-3.5838794764758815,0.08232670986148964,0.09073162732954236
M36,294.4598916666668,313.33271391860376,-3.9091494555097634,0.05256217804255828,0.05593104650799541
ALL_MODELS,254.8750010416667,313.30159954556683,-0.8576290970994975,0.046997088324100905,0.057770526280519714
