Model,MAE,RMSE,R2,MAE / Mean,RMSE / Mean
M18,89.89299166666667,98.56085074724989,0.7015823110941423,0.020450947456229322,0.022422913538661306
M24,191.07296250000002,207.8459764249409,0.43263396935128706,0.03684666023864048,0.040081181424599904
M36,266.4971729166666,309.28231294718245,0.34134422269857567,0.05769559881468384,0.06695841480411505
ALL_MODELS,203.49007500000002,247.0957756720947,0.6702777846453329,0.04325156965068935,0.05251990865831031
