Model,MAE,RMSE,R2,MAE / Mean,RMSE / Mean
M24,73.19356249999997,97.73576502720871,0.807543457664931,0.016858078539759305,0.022510684638039666
M36,132.4659833333333,166.77663811111998,0.5550527171585443,0.02639082226861632,0.033226436736384105
M48,113.42141250000002,141.35630323989952,0.6616127585175788,0.02210189750085254,0.02754543834752268
ALL_MODELS,112.88673541666664,145.9133118245206,0.8638800712752561,0.02314166625738049,0.029912080921542995
