Model,MAE,RMSE,R2,MAE / Mean,RMSE / Mean
M36,266.2242291666666,321.73818360213966,0.942742954980585,0.026239167082468356,0.031710644755257485
M48,419.8260625,451.872533324457,0.4673263723992722,0.036792354755136356,0.03960081575491897
ALL_MODELS,343.0251458333333,392.2398788755846,0.8971189587963723,0.031825311870605104,0.03639137429116955
