Model,MAE,RMSE,R2,MAE / Mean,RMSE / Mean
M12,132.0871625000001,145.86241744182402,0.8819610708011232,0.016611254977992047,0.01834362826767856
M18,108.47287500000009,129.01030189694816,0.9606298976643052,0.011074405091076163,0.013171148493379883
M24,45.79116666666664,58.2496369545197,0.9530645785372579,0.004589883769008129,0.005838660219216215
M36,167.3183958333334,208.75175473995532,0.7197800296466784,0.016829661993671554,0.020997221825858333
ALL_MODELS,113.41740000000004,145.6792865594303,0.9771149242101921,0.012044858622062928,0.015471051274066672
