Model,MAE,RMSE,R2,MAE / Mean,RMSE / Mean
M24,68.06064166666663,79.22609636671699,0.6194654315476333,0.0348857484569549,0.04060881004637054
M36,92.73772083333331,118.88569780313668,0.1595553916199668,0.03804852085167488,0.04877653786594549
M48,76.86054166666666,97.76231620290017,0.6892164301820716,0.032030230417947246,0.04074066414664798
ALL_MODELS,82.59915624999998,105.00221795174333,0.8237400475010095,0.03581421996594506,0.045527977540761405
