Model,MAE,RMSE,R2,MAE / Mean,RMSE / Mean
M24,118.81225833333332,140.3018472517201,0.4044236390127298,0.030171668306722108,0.03562882195390155
M36,158.96560833333334,206.14398101938562,0.5903371963648132,0.035395005960747204,0.045899660394803296
M48,55.64812500000005,67.60160608423696,0.9156339060237624,0.0120244440442964,0.014607351634299874
ALL_MODELS,123.0979,165.26135914700006,0.810387097042108,0.028059432609294416,0.037670341816600034
