Model,MAE,RMSE,R2,MAE / Mean,RMSE / Mean
M36,221.84151041666667,243.38319330159047,-0.7418077417520272,0.08001196603674343,0.0877814425252759
M48,68.57693958333333,84.95323615453951,0.8010661808239788,0.025412200074112958,0.03148067917902832
ALL_MODELS,145.20922499999998,182.28059566888672,0.0900192050607701,0.05308142884885593,0.06663291860090217
