Model,MAE,RMSE,R2,MAE / Mean,RMSE / Mean
M24,63.887558333333324,79.6535203120835,0.8902191518099589,0.014671757872678383,0.01829240613059416
M36,114.04072916666665,136.31574496225204,0.8906452085164813,0.02297047049147307,0.027457179729203442
M48,95.72931250000006,124.7106542358702,0.5783209335304507,0.018857809460491013,0.02456687187921897
ALL_MODELS,96.92458229166668,121.51275162228217,0.9220035659231046,0.020025567746489788,0.02510572428728034
