Model,MAE,RMSE,R2,MAE / Mean,RMSE / Mean
M24,38.76740833333332,49.3646588123781,0.8408470877464886,0.022209385816246142,0.02828042421161231
M36,119.07610833333335,131.5671205721279,0.3577025138575489,0.05565929691303925,0.06149792372638172
M48,169.47868750000004,183.23666926689944,-1.826453938314419,0.07880744192354641,0.08520489144993677
ALL_MODELS,111.59957812500001,132.88374706390098,0.6463280112010238,0.05460641144569717,0.0650208960332244
