Model,MAE,RMSE,R2,MAE / Mean,RMSE / Mean
M24,71.99936666666663,86.07202747313823,0.8504821782751415,0.03940043322616684,0.04710145836138627
M36,114.50745208333335,133.86036045163274,0.6064023902478067,0.05648993504491357,0.06603730088674352
M48,74.74017083333335,91.58668852118333,0.014500127742600566,0.03391563652177202,0.04156025874016147
ALL_MODELS,93.93861041666666,113.6152582491619,0.765361136691147,0.04647454494856836,0.0562092349772193
