Model,MAE,RMSE,R2,MAE / Mean,RMSE / Mean
M24,131.25362499999997,147.56467478418853,0.41691728702223474,0.017134378773538718,0.01926368914646239
M36,175.7003520833332,227.76425686443633,0.5953643256643624,0.022462988986402786,0.029119270011567458
M48,176.0768833333332,212.56540350177306,0.014234832613666093,0.022327427390934483,0.026954353817847557
ALL_MODELS,164.68280312499988,206.58684458361137,0.5354294222095859,0.021120005530633548,0.026494055343776555
