Model,MAE,RMSE,R2,MAE / Mean,RMSE / Mean
M36,126.36756250000003,169.97361892963224,0.9485025516840382,0.018312480753554936,0.024631626690282727
M48,118.19867708333332,141.3569292330846,0.7567284655394515,0.016172445590981,0.01934105612128347
ALL_MODELS,122.28311979166669,156.32148376701636,0.932718864420142,0.01721173749532656,0.022002745334447977
