Model,MAE,RMSE,R2,MAE / Mean,RMSE / Mean
M18,307.77371666666664,324.9039438191258,0.3805616933548215,0.04909650515121303,0.05182914358031917
M24,197.90267499999973,243.01072468237882,0.8749687404047013,0.023762103019751422,0.029178210323873306
M36,256.4179458333333,284.1061542066377,0.5455140765974102,0.031206656609322897,0.034576375557912827
ALL_MODELS,254.62807083333325,285.5036771812441,0.9177101606902116,0.03282263289555132,0.03680262885306051
