Model,MAE,RMSE,R2,MAE / Mean,RMSE / Mean
M24,222.57927083333334,226.97022788644458,-11.920953915779064,0.08925186292855711,0.09101258887379987
M36,103.43948749999998,132.89019681882107,0.7432206761456616,0.03927926426960958,0.050462635554791434
M48,66.10448333333333,83.64960867596254,0.5501891854177381,0.026169629189759833,0.033115442864593246
ALL_MODELS,123.89068229166666,153.16033282116183,0.45719668789047807,0.04817505397337178,0.05955659589369589
