Model,MAE,RMSE,R2,MAE / Mean,RMSE / Mean
M36,189.13511458333338,235.9582708731007,0.9402898544446806,0.024123864022873667,0.030096078426024193
M48,228.22615625000012,250.80479479799087,0.5913322046954453,0.027882116014548285,0.0306405212288745
ALL_MODELS,208.68063541666675,243.494713173701,0.8965237127742299,0.026043470913007485,0.030388289106694506
