Model,MAE,RMSE,R2,MAE / Mean,RMSE / Mean
M24,84.57732500000004,96.41170848251095,0.9213875629844211,0.02501054460325285,0.02851011586471492
M36,260.9436895833333,298.168997286368,0.6263377382465172,0.0659476069879112,0.07535546033099734
M48,196.43707499999996,224.4574877943668,-0.7932484918174505,0.048596474699267096,0.05552843131399713
ALL_MODELS,200.72544479166663,243.66261677009012,0.736221692345219,0.05234879204348806,0.06354672008478285
