Model,MAE,RMSE,R2,MAE / Mean,RMSE / Mean
M12,148.49185000000003,161.8064014417513,0.48250941059740704,0.02390371185190154,0.02604704295795849
M18,225.7821583333333,274.01437872330416,0.7604136379337163,0.03266386449260074,0.03964161119599325
M24,463.3156833333333,479.9173493804628,-0.7317979835404693,0.06393096342802605,0.06622175681811239
M36,208.70157083333342,242.2162103739008,-1.7836200522048142,0.02963405986167564,0.03439288764827047
ALL_MODELS,261.57281562500003,312.3517832904554,0.6526855578305337,0.03816613743827316,0.045575305911161546
