Model,MAE,RMSE,R2,MAE / Mean,RMSE / Mean
M18,272.79997499999996,279.7145692051691,-1.7002905948675253,0.12100019220462399,0.12406715446458183
M24,240.5421708333333,250.24528113815234,-1.5252703008349076,0.0903119706521909,0.0939550200603172
M36,242.70119375000004,267.5154094675814,-1.7730534738591865,0.10413566908018237,0.1147826911097158
ALL_MODELS,249.68613333333334,266.4544658861818,-0.3821311151160578,0.10426124522622683,0.11126318485734554
