Model,MAE,RMSE,R2,MAE / Mean,RMSE / Mean
M36,138.72889583333338,185.27193415541706,0.5900539233271809,0.027051678190430545,0.03612741751013584
M48,138.51180624999998,175.48182347774352,0.5891865443569201,0.026472598736208382,0.03353836776945833
ALL_MODELS,138.62035104166668,180.44328742954548,0.6031625841798661,0.026759232626928642,0.03483272021756453
