Model,MAE,RMSE,R2,MAE / Mean,RMSE / Mean
M24,206.39896666666672,242.02000036802062,-0.6095382965224703,0.0536345005305442,0.06289092454181007
M36,337.97414583333335,397.038771820252,-0.07552702093735597,0.06631928819046996,0.07790929884951146
M48,283.4233708333333,328.1462486360611,-0.4545728926117989,0.05696856752818211,0.06595794012885435
ALL_MODELS,291.44265729166665,346.96297126967477,0.6804640664793782,0.06130579850824758,0.07298465572661308
