Model,MAE,RMSE,R2,MAE / Mean,RMSE / Mean
M36,363.11653541666675,410.0182947530231,0.1856224139784476,0.0689909343878149,0.07790211271610185
M48,950.24211875,963.682759432176,-8.123298085954785,0.20691172972237346,0.20983837984369647
ALL_MODELS,656.6793270833334,740.5401619287742,-1.0570937420532553,0.13325811370688856,0.15027576022702974
