Model,MAE,RMSE,R2,MAE / Mean,RMSE / Mean
M12,34.30537083333335,40.85227702992311,0.9473815117777399,0.007822676700016155,0.009315572107270896
M18,73.10340833333328,94.7076751030638,0.8803870757541856,0.014438159269896382,0.01870507173871583
M24,72.35384583333332,83.45877127110175,0.75748503914528,0.01436067069136619,0.01656475777792294
M36,146.2350666666666,167.69565785615418,0.17940025285658634,0.026838277892482974,0.03077690440122123
ALL_MODELS,81.49942291666663,106.91778667257319,0.9392968839547662,0.01635248507699767,0.021452563079085694
