Model,MAE,RMSE,R2,MAE / Mean,RMSE / Mean
M36,129.52531041666666,141.435972436259,0.6496035303718337,0.055569890329904094,0.06067988914060861
M48,66.84870208333338,82.48299281745277,0.49944387765582676,0.028406969970608043,0.035050671546776914
ALL_MODELS,98.18700625000002,115.77473472894286,0.6220694768567188,0.041923493908920695,0.04943303163615648
