Model,MAE,RMSE,R2,MAE / Mean,RMSE / Mean
M24,200.054625,202.3486472314019,-2.408579962849781,0.08100744052640457,0.0819363511650691
M36,80.23440416666668,103.18988235474166,0.79832907867432,0.02948349001714846,0.037918869067151514
M48,58.84940416666668,78.626851218045,0.42511303358610375,0.02118885788439324,0.028309771355342725
ALL_MODELS,104.84320937500001,130.7893921631393,0.6307594532866241,0.03923176327513828,0.04894068488394655
