Model,MAE,RMSE,R2,MAE / Mean,RMSE / Mean
M24,292.96072916666657,317.1236989945819,-0.8640622598925398,0.0573842082496776,0.06211717330093176
M36,328.1294020833334,352.42991593835154,-1.7104878729533612,0.06116206876465929,0.06569159184299567
M48,305.8813666666668,332.51844581186407,-2.606097966884933,0.05586151563344167,0.06072610620760433
ALL_MODELS,313.77522500000003,338.9504567653549,-0.8351014813863753,0.05889508562758697,0.06362043457926064
