Model,MAE,RMSE,R2,MAE / Mean,RMSE / Mean
M24,90.54880416666663,116.42440819783555,0.4809947552378785,0.035461242106293735,0.04559479458819009
M36,162.27608958333334,218.3907599034722,0.2612984199239241,0.058724761007237634,0.07903163808328306
M48,50.4189791666667,63.08216471133439,-0.12302069829135842,0.018335007651862977,0.02294001171374495
ALL_MODELS,116.379990625,168.02012554402242,0.40738336533174613,0.04298429939981533,0.06205729475310154
