Model,MAE,RMSE,R2,MAE / Mean,RMSE / Mean
M36,94.90414583333335,113.61809303652046,0.8456933858399944,0.04737163981988916,0.056712752989746394
M48,145.316425,160.28144512698074,-0.9842576544309425,0.06972887347175433,0.07690971345551043
ALL_MODELS,120.11028541666667,138.9230231409624,0.6134502614077272,0.058770756794226185,0.06797595374794793
