Model,MAE,RMSE,R2,MAE / Mean,RMSE / Mean
M36,179.56254791666666,233.0928060781652,0.315403886412402,0.039794091601643655,0.05165730039130121
M48,94.81322291666669,125.3717837272531,0.7011695225400636,0.020628199816881364,0.027276724981679743
ALL_MODELS,137.1878854166667,187.15012743830323,0.4829875336723227,0.030122771104178298,0.041093136130932156
