Model,MAE,RMSE,R2,MAE / Mean,RMSE / Mean
M18,118.65495,148.8242377870901,-0.5929420727479777,0.029533911348032606,0.037043223609655083
M24,403.29812499999997,437.0006869681147,-4.182221168010859,0.0824234876353975,0.08931140138322392
M36,139.91125208333332,178.38607726849727,0.00013913992309122492,0.029795294060231767,0.03798883613235314
ALL_MODELS,200.44389479166662,263.0406048930455,0.5016939930634139,0.04380788594194649,0.057488669481462425
