Model,MAE,RMSE,R2,MAE / Mean,RMSE / Mean
M18,146.97195416666662,161.0480993986721,-0.5585063987082204,0.03911082294762051,0.042856637086620505
M24,267.52336250000013,290.447406595891,-0.4295958398101045,0.0576145073582197,0.0625514874219435
M36,190.3816020833333,234.46269563615593,-0.2378359289691523,0.04779204487213011,0.05885784943536156
ALL_MODELS,198.81463020833334,234.6495778859131,0.6351405293783079,0.04858543343566559,0.05734261827279351
