Model,MAE,RMSE,R2,MAE / Mean,RMSE / Mean
M36,106.98098333333337,122.29987090085008,0.8957461786238622,0.03546012581743353,0.04053775422952914
M48,188.01515208333333,207.3929153362058,-0.29491857033410995,0.057601578426679435,0.06353827947112096
ALL_MODELS,147.49806770833337,170.24846512379372,0.7202546328693226,0.04696642818287959,0.05421062414386044
