Model,MAE,RMSE,R2,MAE / Mean,RMSE / Mean
M36,202.9397625,241.4312449898962,0.8483398243053292,0.03466352310697853,0.041238136067365615
M48,146.15628333333328,192.88392480564033,0.46850402815116743,0.023655545926917505,0.03121846312551459
ALL_MODELS,174.54802291666667,218.5100163674416,0.8115810279078927,0.02901135446027272,0.03631820877731946
