Model,MAE,RMSE,R2,MAE / Mean,RMSE / Mean
M18,140.49204166666664,158.2826494935826,0.8953180599586709,0.016183699231086746,0.01823305265205947
M24,99.63093750000014,124.9790135908244,0.9773253848006037,0.009039006033205323,0.011338707496067777
M36,604.7517916666667,639.4467629588014,-0.7789125465306872,0.05368314315832301,0.05676297712725846
ALL_MODELS,362.4066406250001,463.26490161834596,0.8598805600503158,0.03432382163983853,0.0438761878858589
