Model,MAE,RMSE,R2,MAE / Mean,RMSE / Mean
M36,163.26049375000005,198.35615080192198,0.8622480322826335,0.021530157591942378,0.02615843605517986
M48,267.84677916666664,288.2540631422247,0.10401512080247977,0.03662580200383446,0.03941632703702788
ALL_MODELS,215.55363645833336,247.42227817938755,0.7048031220405635,0.02894126488625954,0.033220101545053816
