Model,MAE,RMSE,R2,MAE / Mean,RMSE / Mean
M36,97.28403125000004,119.28271537378734,0.7456559236244654,0.042839102234780393,0.05252624066953316
M48,126.11197708333334,142.11451124994457,0.3491421694497442,0.06273187386005638,0.07069201355493844
ALL_MODELS,111.69800416666669,131.19622802267332,0.7153176117676262,0.05218008953771291,0.06128874885730724
