Model,MAE,RMSE,R2,MAE / Mean,RMSE / Mean
M18,207.60888333333344,213.4816871997066,0.2580644479119102,0.04969840709376904,0.05110426696183767
M24,165.39950833333333,182.99670279418513,-0.17519155016605592,0.04002650089741263,0.04428500279368023
M36,128.1324229166667,172.37773531734572,0.5947016363978322,0.028287384557362582,0.03805528044389117
ALL_MODELS,157.31830937500004,186.07148577190063,0.6337046818707343,0.036229762627292474,0.042851501443193586
