Model,MAE,RMSE,R2,MAE / Mean,RMSE / Mean
M24,258.9875625,280.697182917877,-0.9893275257332701,0.08100533675650316,0.08779560535407716
M36,202.15212291666668,230.95345155627996,0.5668116624992547,0.067988382146861,0.07767492765345738
M48,232.99986249999998,248.33856613480228,-0.6161625189817204,0.07712247889888012,0.08219955849334218
ALL_MODELS,224.0729177083333,248.56686499785098,0.3096010333291025,0.07367790142485271,0.08173180928823706
