Model,MAE,RMSE,R2,MAE / Mean,RMSE / Mean
M36,102.72228125000008,128.77324137567612,0.8906581712102704,0.03151352724623234,0.039505538635786666
M48,129.72528124999994,178.12404603251966,-0.08081180493163731,0.037257528615620254,0.05115781348276448
ALL_MODELS,116.22378125,155.41995282040418,0.765147471191173,0.03448020185975506,0.046108561334396815
