Model,MAE,RMSE,R2,MAE / Mean,RMSE / Mean
M12,39.2020666666668,55.89881597385002,0.9503239114849599,0.009653402829791852,0.013764932162691488
M18,121.36383333333339,141.9733577738532,0.6394245726295525,0.02881325551488774,0.03370620819638418
M24,131.33381250000005,147.2630777787452,-0.2680882691572337,0.029168546760193235,0.03270635252623388
M36,176.62124166666663,222.49798901784297,-1.0757797907645563,0.03723077423038074,0.0469013371079727
ALL_MODELS,117.13023854166671,153.68220549132695,0.7839278351643142,0.02674269959806884,0.035088096004869285
