Model,MAE,RMSE,R2,MAE / Mean,RMSE / Mean
M18,88.08365833333323,103.37612517087773,0.47669632650990235,0.014737204681868548,0.017295774774662875
M24,238.1174541666666,272.8056767197677,0.03839395494741349,0.034392848588434236,0.03940309359649516
M36,164.4781,194.39050456807405,0.6669318539549642,0.025807908156594055,0.030501399811931385
ALL_MODELS,163.78932812499997,200.42760353699802,0.7936203711301224,0.025545432169768095,0.031259727417625706
