Model,MAE,RMSE,R2,MAE / Mean,RMSE / Mean
M24,104.54325833333341,118.47308460083532,0.6877493709419846,0.022729677676516964,0.025758284840650514
M36,245.88437916666666,261.4635293281638,-3.353747556799659,0.04982438523984617,0.05298124124666758
M48,215.39572499999989,252.079654568546,-0.15675038086731785,0.042321242089579096,0.0495289499680317
ALL_MODELS,202.92693541666665,231.46618454955427,0.1744661795715161,0.041500472502002485,0.047337018160346495
