Model,MAE,RMSE,R2,MAE / Mean,RMSE / Mean
M24,262.615025,296.56260140066126,-2.7410278736974565,0.08609034981082077,0.09721903038636093
M36,251.5849916666667,284.4734547353445,0.42696444582156545,0.06915712927647781,0.07819769913351737
M48,203.90547500000002,235.13890420696018,-0.6269739837379513,0.058631435554597086,0.06761236552568764
ALL_MODELS,242.42262083333335,276.1747516153955,0.4656266555247922,0.0702472768982327,0.08002769783751028
