Model,MAE,RMSE,R2,MAE / Mean,RMSE / Mean
M36,151.63614791666666,181.635843758491,0.1429727418050314,0.05966207990425915,0.07146562592550221
M48,91.43023749999998,104.09259768991738,0.4346324093203262,0.034502518907529985,0.03928084316668528
ALL_MODELS,121.53319270833332,148.03183548090922,0.3101712126799796,0.04681969268923007,0.05702808336543932
