Model,MAE,RMSE,R2,MAE / Mean,RMSE / Mean
M36,183.88313958333325,231.29550474233758,0.8243469886317022,0.028021622299474566,0.035246707708723284
M48,341.8236375000001,384.1638859304055,-0.6868272022001312,0.04784179394321105,0.05376775463957109
ALL_MODELS,262.8533885416667,317.08003860789023,0.6420909599332344,0.03835298606709741,0.04626520651056931
