Model,MAE,RMSE,R2,MAE / Mean,RMSE / Mean
M36,233.6399458333333,286.6706704340394,0.18452193683928864,0.05803968120067278,0.07121331184284585
M48,168.56883541666667,244.41542286854525,0.2972534408192874,0.04089574075571639,0.05929654639675197
ALL_MODELS,201.10439062499998,266.3822180843828,0.2547413617041919,0.049366292315835496,0.06539042934281676
