Model,MAE,RMSE,R2,MAE / Mean,RMSE / Mean
M18,89.85236666666663,125.94524639629442,0.7254584032138673,0.014588396698687585,0.020448423173529063
M24,152.3051500000001,180.04276735521998,0.2171979153343564,0.02456485151509044,0.029038570569983668
M36,206.38140833333333,238.86229853728747,0.2662937646314426,0.03114495694357549,0.03604663842283578
ALL_MODELS,163.73008333333337,201.48697134788992,0.6432689782202905,0.025570589594172063,0.03146728168714422
