Model,MAE,RMSE,R2,MAE / Mean,RMSE / Mean
M36,102.55818958333332,124.85209005198324,0.7726028059644635,0.034008698385503376,0.04140144332332899
M48,117.85925208333337,132.8395783346441,-0.12151317033451248,0.0415992183478683,0.046886625586885576
ALL_MODELS,110.20872083333332,128.907714979505,0.6707052547005756,0.037685576590856466,0.044079647502297384
