Model,MAE,RMSE,R2,MAE / Mean,RMSE / Mean
M24,47.48269166666662,58.48796344117876,0.895165599224253,0.011061565490866019,0.01362535305651502
M36,239.95535416666667,268.3922889389708,-0.5110724929921366,0.052185005799412806,0.058369412941165856
M48,57.31632083333341,77.14497793753065,0.852709239419024,0.01212210031900458,0.016315756979332872
ALL_MODELS,146.17743020833333,195.85774876953346,0.4337577417459081,0.03209663344098515,0.04300509565582649
