Model,MAE,RMSE,R2,MAE / Mean,RMSE / Mean
M24,68.66536666666669,79.95872786226442,0.7641420353918782,0.013920654147977331,0.016210177717192048
M36,164.59044374999993,203.69781011403413,0.41311609787688686,0.029574229231552458,0.03660118773012113
M48,135.50755833333324,150.97035817623262,0.4820162168040092,0.02403326485368015,0.026775706445681224
ALL_MODELS,133.33845312499994,167.45972866611677,0.7922140102091597,0.024576676285762,0.030865841367384565
