Model,MAE,RMSE,R2,MAE / Mean,RMSE / Mean
M36,102.17146041666662,126.30655333189449,0.8330488330449145,0.021487351361298285,0.02656312515852284
M48,123.48255833333336,146.05172167129558,0.6076209699726864,0.026183632917934883,0.030969269821495823
ALL_MODELS,112.82700937499999,136.53653506979788,0.7525563331113714,0.023825838361485854,0.028832612271039816
