Model,MAE,RMSE,R2,MAE / Mean,RMSE / Mean
M24,287.06300416666664,307.1911992684964,-1.219066910125544,0.054011242816936735,0.05779838646600276
M36,222.93272916666675,244.78495815979576,-0.1935528292471309,0.03737085632464903,0.04103400849224766
M48,168.2614041666666,202.53002261195223,0.18299875173804636,0.028937411860811727,0.03483089129992299
ALL_MODELS,225.29746666666668,252.5985918655332,0.4666716542353595,0.039079584207397614,0.04381517505513821
