Model,MAE,RMSE,R2,MAE / Mean,RMSE / Mean
M18,92.62270833333334,105.52333771790325,-3.2158841760909063,0.04326984466850936,0.04929653336765052
M24,184.22908750000002,190.7751438566367,-1.9612633681746074,0.07018808000634973,0.07268201369250386
M36,66.71146458333335,81.67256681029107,0.5596899462732006,0.026607645392074594,0.03257483117064797
ALL_MODELS,102.56868125000001,123.36039341641425,0.6579692867576437,0.04195109579236184,0.05045500846970708
