Model,MAE,RMSE,R2,MAE / Mean,RMSE / Mean
M12,131.81939583333335,136.90864717944987,-4.905953111010747,0.06102514370587555,0.06338118769157819
M18,66.4596958333333,84.78663773491718,0.7021702554535199,0.025878684189178214,0.03301499644095096
M24,49.57056666666671,58.76735171954892,0.7763299657252569,0.022865970900843777,0.02710827502487409
M36,197.1599083333333,212.0994168836024,-3.674912405390822,0.08519693554195173,0.09165261082474717
ALL_MODELS,111.25239166666667,136.3566242261377,0.5394136827661467,0.048316773884168905,0.059219510534952995
