Model,MAE,RMSE,R2,MAE / Mean,RMSE / Mean
M36,266.70995625000006,312.2542701407911,0.8528064725153149,0.03222034611115726,0.03772240376805613
M48,168.60795833333336,203.9719055519146,0.7584818018400793,0.01944831281930514,0.023527415103864347
ALL_MODELS,217.65895729166667,263.73022909370604,0.8473779227504494,0.025686671862534066,0.031123698924474846
