Model,MAE,RMSE,R2,MAE / Mean,RMSE / Mean
M36,143.4332854166667,174.04798105940563,0.8988335723520156,0.025351647813471205,0.030762755699598892
M48,81.65692083333334,101.06862472106307,0.8336791046721747,0.01351693335908295,0.016730215284962092
ALL_MODELS,112.54510312500003,142.31578727228808,0.906734038112428,0.01924039772484436,0.024329911063317666
