Model,MAE,RMSE,R2,MAE / Mean,RMSE / Mean
M12,270.84471249999996,297.0557232431449,-5.424421250041528,0.03642344170252824,0.03994832211446273
M18,250.69757499999992,278.74784214057445,-1.9176506428136642,0.03294245526817195,0.036628349200487215
M24,501.4293249999999,565.1565732048007,-0.6464111421331857,0.07399669070852777,0.0834010179786096
M36,399.9157458333334,443.8310370755365,-2.378046788930616,0.052164624389925765,0.05789289264765632
ALL_MODELS,355.72183958333335,413.01646574854436,0.14166713671118458,0.04825153002183021,0.056023201780129935
