Model,MAE,RMSE,R2,MAE / Mean,RMSE / Mean
M12,74.86907916666668,86.70667117267422,0.7959570301287228,0.03384550574496139,0.039196837599249974
M18,38.05612500000001,45.55668527157494,0.916875267118088,0.014201371396585505,0.01700034901448827
M24,43.088345833333335,51.45398429956211,0.8022516307883898,0.015978126110535992,0.019080292690000007
M36,83.34032083333335,104.24230167200798,0.04749071307818942,0.03215186786690243,0.04021564443221655
ALL_MODELS,59.83846770833335,76.00563853583017,0.9040519126874378,0.023510724619886635,0.02986285754983812
