Model,MAE,RMSE,R2,MAE / Mean,RMSE / Mean
M36,280.8757125,327.12621212689584,-0.6322244395724519,0.05948236181702669,0.06927704619375176
M48,379.19880208333325,431.88129157104635,-0.6416454222213734,0.08928977718692357,0.1016949000991436
ALL_MODELS,330.03725729166666,383.10116723234216,-0.0050019819693831735,0.07359647459721629,0.0854294316761397
