Model,MAE,RMSE,R2,MAE / Mean,RMSE / Mean
M24,498.2291458333334,531.8038873059102,-0.9497792916910197,0.06015171614123519,0.06420522913914675
M36,293.75721874999994,361.29521807476596,0.7534989349079357,0.02897907084283864,0.03564167636226805
M48,318.9988333333334,385.70687126560256,0.5197551436183339,0.032102261339192494,0.038815385787797495
ALL_MODELS,351.1856041666667,416.1290768206911,0.8240461819023827,0.03649289816701052,0.043241396699002156
