Model,MAE,RMSE,R2,MAE / Mean,RMSE / Mean
M24,81.4652499999999,93.62022560768222,0.9522054630505383,0.009084119705058322,0.010439510542651655
M36,560.661,620.497801682951,0.005652490811519306,0.05113692643292011,0.05659453829756256
M48,582.5864166666668,631.6732844975453,-0.15651189461953963,0.05684116511169381,0.0616304198546297
ALL_MODELS,446.3434166666666,542.6349898360545,0.7026289768720995,0.043392150945536216,0.052753325148469775
