Model,MAE,RMSE,R2,MAE / Mean,RMSE / Mean
M18,59.19251249999999,77.44754780150939,0.7029491649855711,0.029826166281755193,0.03902458843662031
M24,125.2468458333333,145.70657554130688,0.43722612184910814,0.04712809726882191,0.054826719340744484
M36,73.85335416666669,88.22471103498063,0.6496029423662353,0.03015320035724919,0.03602080661488598
ALL_MODELS,83.03651666666667,103.43564193600449,0.8760408831385593,0.03481356468116885,0.043366022027786326
