Model,MAE,RMSE,R2,MAE / Mean,RMSE / Mean
M18,218.83865000000006,275.56951508224745,-0.9765803883196591,0.02753178029627922,0.03466901000164568
M24,114.46083333333331,149.9499036861979,0.7434125323221465,0.012635040659381092,0.01655258899284666
M36,165.4940624999999,234.2481969577993,0.48703687360783143,0.0197689434285316,0.027981906323039627
ALL_MODELS,166.0719020833333,228.12713934017412,0.7862813041308861,0.019682352810459127,0.027036956798874974
