Model,MAE,RMSE,R2,MAE / Mean,RMSE / Mean
M18,231.9477375,235.79155920775395,-3.4885412763042742,0.08721205859313802,0.08865733073767969
M24,95.4957041666667,132.755540860804,0.5185958079855977,0.029335153850092166,0.040780936164490265
M36,362.51543124999995,391.2521748165377,-2.135479088558499,0.13899909494671928,0.15001760892746643
ALL_MODELS,263.11857604166664,307.96843248140283,0.149738244973317,0.09455343672326534,0.1106705354348766
