Model,MAE,RMSE,R2,MAE / Mean,RMSE / Mean
M24,250.0503499999999,274.6225380624694,-1.1024316744338227,0.057055469567036166,0.06266225127397526
M36,550.2409333333334,659.3513693584757,-0.2294968540606397,0.11542406237162511,0.1383121628567482
M48,525.4158375000001,537.9880705298364,-7.36323124104527,0.11598796979341049,0.11876334822859207
ALL_MODELS,468.9870135416666,555.5036361253818,-0.39446899412204983,0.10169531511874268,0.12045561112399351
