Model,MAE,RMSE,R2,MAE / Mean,RMSE / Mean
M24,46.03215,53.8512929732735,0.7640562115777887,0.016877822081671937,0.019744733662687933
M36,154.97051041666663,193.208240924798,0.6786454066577172,0.05071301131715297,0.06322604011719596
M48,67.82342916666664,78.5356832170495,0.6521466180215651,0.022834249361725997,0.026440765328524365
ALL_MODELS,105.94914999999996,144.6778006604431,0.749845111092345,0.03588670785363219,0.04900473449015266
