Model,MAE,RMSE,R2,MAE / Mean,RMSE / Mean
M24,85.56206666666667,107.8139876868682,0.5224781499781692,0.022639709822166853,0.028527564738595603
M36,236.32750625000003,266.0831821151913,0.1521462122571029,0.06357981750617935,0.07158506611774204
M48,679.6891458333333,689.3113925780118,-18.77512993089886,0.17772167627223898,0.18023765262915536
ALL_MODELS,309.47655625,396.35040415264945,-1.8102557998801485,0.08231968180168298,0.10542782156803372
