Model,MAE,RMSE,R2,MAE / Mean,RMSE / Mean
M36,98.27542708333333,114.41776820143126,0.31059906780018764,0.044395698044308915,0.0516879634994325
M48,64.99577291666664,76.20538259001268,0.8447277353059396,0.03284273517769916,0.038507014952002365
ALL_MODELS,81.63559999999997,97.20773121487473,0.7747864423500294,0.03894247637220117,0.04637082076974436
