Model,MAE,RMSE,R2,MAE / Mean,RMSE / Mean
M12,193.3306375000001,210.56369861441883,0.7894403509571681,0.02347824588745466,0.025571044274041763
M18,137.1979583333332,166.92638490327099,0.8887707551126585,0.015134005598121076,0.0184132830713301
M24,127.33629166666667,157.68745877750808,0.44183779226634756,0.013331607302549784,0.016509254741467028
M36,264.5452083333336,301.32244250048564,-0.1114821413984437,0.02644713767406602,0.030123834679533862
ALL_MODELS,180.60252395833336,216.71527297425624,0.9184955406910734,0.019601812432306544,0.023521333140601827
