Model,MAE,RMSE,R2,MAE / Mean,RMSE / Mean
M12,83.42203333333329,93.90068476656596,0.6878209645226517,0.029981862289975725,0.03374788754376566
M18,86.54027083333335,116.8214032942041,0.5978700567592814,0.02894162114709326,0.03906852571011787
M24,113.53455833333332,157.01134503329686,0.7144360363665458,0.04050706725337456,0.05601879468393775
M36,213.30579166666666,226.74547694772764,-3.0175878637633735,0.07084511700640733,0.0753088311363732
ALL_MODELS,124.20066354166666,156.9479632335783,0.5192498587987764,0.042878486789345166,0.05418401944260105
