Model,MAE,RMSE,R2,MAE / Mean,RMSE / Mean
M18,139.96571666666668,156.69300242966344,-6.593046848928542,0.05008464589235127,0.05607025582692593
M24,98.74677916666671,113.73198318643891,0.7254804641821132,0.02823218693414659,0.032516530025666325
M36,117.68613541666669,143.87903678911516,0.41773326830239743,0.036363331766947546,0.04445656347324073
ALL_MODELS,118.5211916666667,140.43683229896462,0.790614656458778,0.03713930428481433,0.04400669765636162
