Model,MAE,RMSE,R2,MAE / Mean,RMSE / Mean
M24,144.71113750000004,157.2049507980811,0.20417120634119612,0.022302997007487706,0.02422855357081174
M36,193.78456666666668,226.16090260413603,0.5309212800217287,0.027196004947035727,0.031739746522890355
M48,333.601475,534.2691656844189,-0.09904582824269026,0.05071858228810338,0.08122678307630846
ALL_MODELS,216.47043645833335,321.1130819859209,0.5225689466049973,0.031697686716849326,0.04702047097055149
