Model,MAE,RMSE,R2,MAE / Mean,RMSE / Mean
M12,95.0797583333333,103.32493737063993,0.6740785814726895,0.03610509477548178,0.039236076340865136
M18,143.91687499999992,182.02384327764815,-0.20100817279269045,0.052206847037484856,0.0660304147319159
M24,336.87937500000004,339.4064546009609,-2.096329526509363,0.1286638075080762,0.1296289710279136
M36,220.5676208333334,227.70750483543674,-4.402038591452556,0.0791096600164388,0.08167047920571593
ALL_MODELS,199.11090729166665,229.59538942854834,-0.63163248050992,0.07376868699732937,0.08506289609727165
