Model,MAE,RMSE,R2,MAE / Mean,RMSE / Mean
M24,70.45329583333326,97.29201441658115,0.9621463863759411,0.008605552021253305,0.01188378033151276
M36,599.1469458333333,645.4181780333481,-0.7549931453119505,0.06795167947300274,0.07319948714546465
M48,306.2286458333335,378.670727329428,-0.33176064724731,0.03220973064651849,0.039829331112414414
ALL_MODELS,393.7439583333333,496.4842658325659,0.4217225202572211,0.044580518014697645,0.05621299143395357
