Model,MAE,RMSE,R2,MAE / Mean,RMSE / Mean
M36,282.23162083333324,312.25000837350734,-1.7036875020868822,0.051964594417316504,0.05749159145960802
M48,346.1065750000001,385.9930112044426,-1.1440496482933273,0.06391405191417658,0.0712797130670808
ALL_MODELS,314.16909791666666,351.0631513189104,-1.3324066697041808,0.05793048664305416,0.06473348057848483
