Model,MAE,RMSE,R2,MAE / Mean,RMSE / Mean
M18,197.8193166666667,221.65696627799306,-1.9557129557239765,0.04160602576461311,0.04661964061582538
M24,387.3555291666668,463.9244978631137,-3.853471344910149,0.06917165954850521,0.08284489314360874
M36,198.1420458333333,229.44805136282937,0.26924835412480586,0.03691414299409657,0.042746496040768224
ALL_MODELS,245.364734375,303.99447649813663,0.38247542024155756,0.04653715660222659,0.05765717960668395
