Model,MAE,RMSE,R2,MAE / Mean,RMSE / Mean
M36,76.15971041666664,88.94236005802789,0.5048551072383294,0.03213546387946341,0.03752908175939572
M48,62.43211250000004,93.8763725745728,0.6074280160144634,0.02651115475463788,0.03986363654006648
ALL_MODELS,69.29591145833335,91.44265071740833,0.5660540088156687,0.029332249388214035,0.03870673722467956
