Model,MAE,RMSE,R2,MAE / Mean,RMSE / Mean
M12,147.41184166666665,161.02729765625918,0.1741567477428928,0.03000877221256202,0.03278048385215845
M18,297.68024583333334,350.3009393038191,-1.2314087935107145,0.053157186755952386,0.06255373916139627
M24,163.9455624999999,200.6626793227265,0.3859620659713707,0.031885426374178474,0.03902646091802689
M36,154.06406249999995,199.73423521095367,0.1684053622462649,0.028000829225072122,0.0363012899944937
ALL_MODELS,190.77542812499996,239.16511778261864,0.5475450447269171,0.036070013412191494,0.04521907821637822
