Model,MAE,RMSE,R2,MAE / Mean,RMSE / Mean
M18,444.0972083333336,461.4504609951378,0.1488751561302215,0.04726135270198966,0.04910810647388161
M24,244.11604166666675,278.7731049795844,0.8497031885528712,0.023339541239084716,0.026653047196722325
M36,467.6544479166666,492.72280756358185,-0.7293912880989175,0.042983110191138894,0.04528719618842736
ALL_MODELS,405.8805364583333,440.5117768571178,0.6918558253941527,0.03901208723433866,0.04234074394515245
