Model,MAE,RMSE,R2,MAE / Mean,RMSE / Mean
M24,297.61742083333337,306.29165939132605,-2.5749414068818837,0.07868792936303348,0.08098133634511892
M36,225.90708749999996,266.04536277339446,0.3928035167810665,0.04935163025669032,0.05812023217332484
M48,155.74359583333333,211.90968497003925,-0.04558759685493441,0.03450680655822455,0.04695105739629015
ALL_MODELS,226.29379791666665,264.70765256375165,0.6283950652638244,0.05187052213860024,0.06067565385782816
