Model,MAE,RMSE,R2,MAE / Mean,RMSE / Mean
M12,117.25632916666673,146.78443023321793,0.7327419433407718,0.03107637152701093,0.038902185670714594
M18,265.2401833333333,317.8711039578097,-0.522806847897495,0.05824067849333491,0.06979722504814624
M24,209.04718750000006,254.66177042378604,0.582391718261267,0.04953137957587965,0.06033924189640707
M36,207.63850833333325,282.69263646869615,-1.0065636097780408,0.04914666311626575,0.06691147938547203
ALL_MODELS,199.79555208333332,258.53213132957313,0.5890605786808487,0.047647655174812314,0.06165527568933493
