Model,MAE,RMSE,R2,MAE / Mean,RMSE / Mean
M36,156.35545208333323,191.07640083969403,0.47975386140339693,0.03384301883559326,0.041358341819820954
M48,136.69658958333335,172.29123179754208,0.42669096753597435,0.02772726861672907,0.03494721615893214
ALL_MODELS,146.5260208333333,181.92644050847284,0.6106488303983977,0.03068587683762976,0.03809952877449186
