Model,MAE,RMSE,R2,MAE / Mean,RMSE / Mean
M18,360.8989166666667,366.82607556630524,0.045045421760154025,0.04579983925379922,0.046552024733718236
M24,128.60706249999998,160.8885029240294,0.9205904113926807,0.012845879963542077,0.01607030248495156
M36,407.4908854166667,449.9925190683787,0.14178718039772498,0.044007376350230956,0.0485973818069126
ALL_MODELS,326.1219375,375.976400364279,0.8291332022854072,0.0358270767723744,0.04130398422047887
