Model,MAE,RMSE,R2,MAE / Mean,RMSE / Mean
M36,111.85675208333333,126.01644061515265,0.8351090340774503,0.023187852679130552,0.026123149525704395
M48,95.06043958333329,125.82090921089234,0.7993502010176425,0.01962782927763032,0.025979170056148217
ALL_MODELS,103.45859583333332,125.91871286661072,0.8191965308025739,0.0214043041248222,0.026051024600652187
