Model,MAE,RMSE,R2,MAE / Mean,RMSE / Mean
M12,37.98128333333336,44.0742838024908,0.48208625698924246,0.018399184546757374,0.021350802560599465
M18,109.28320833333333,124.65363880879757,-0.19792605180335077,0.048481432189134734,0.05530023348696171
M24,160.906475,186.97793008702033,-1.512707399051306,0.07191083013668019,0.0835624431508787
M36,59.02040833333333,67.02181204644,0.6060493946380469,0.025544431219793693,0.029007492770586455
ALL_MODELS,91.79784375000001,119.30396241386082,0.24989656070148225,0.041413339536457455,0.05382234812557867
