Model,MAE,RMSE,R2,MAE / Mean,RMSE / Mean
M12,452.63178750000003,458.4528760203319,-0.259719461395463,0.0603555993243919,0.06113180483197563
M18,166.32254166666652,212.36715354516338,0.8176120596759403,0.017607022976185736,0.022481338454715526
M24,90.84628749999986,114.5898320713109,0.9253513056893738,0.010714848268914156,0.013515276161444144
M36,320.8554583333333,366.9899906990539,0.30050786627012516,0.036543208177521304,0.041797610982979135
ALL_MODELS,257.6640187499999,317.4473697810441,0.8533069193814512,0.030132177783624953,0.03712346267667051
