Model,MAE,RMSE,R2,MAE / Mean,RMSE / Mean
M18,36.33944999999998,47.72734014906097,0.46441145434040376,0.016936862547092854,0.022244458841369153
M24,108.93808750000001,123.58112462249073,0.4755066961856885,0.044198432903945636,0.05013941560908438
M36,103.6219625,128.5955045781798,0.1603497317144421,0.049545808803753394,0.061486659093651995
ALL_MODELS,88.13036562500001,112.49866772110802,0.7011138138049382,0.04009019792737767,0.051175254108172356
