Model,MAE,RMSE,R2,MAE / Mean,RMSE / Mean
M24,35.234379166666606,40.23793188978629,0.5683236956028015,0.01706850816462464,0.019492367546472177
M36,80.61772291666666,98.20762068920298,0.2861456745675296,0.035896241222252115,0.04372840505265947
M48,39.86554166666664,56.748257390939614,0.7175676101726999,0.01725407559691263,0.024561028950850296
ALL_MODELS,59.083841666666636,77.66744717470787,0.6821007655177443,0.02665486569296414,0.03503860471424254
