Model,MAE,RMSE,R2,MAE / Mean,RMSE / Mean
M18,186.4298875000001,196.53752342441197,0.15212721817988106,0.025484956170578766,0.026866669489060514
M24,145.32707083333335,188.26599025146456,0.6580703226153468,0.01715456843679145,0.022223126053320885
M36,153.16674375000002,192.8956639245354,0.6424147705277574,0.018930703412262724,0.02384101479122086
ALL_MODELS,159.52261145833336,192.67106394120296,0.8605572176065629,0.019959818442489414,0.02410742540026782
