Model,MAE,RMSE,R2,MAE / Mean,RMSE / Mean
M36,334.0486458333332,402.05146814805977,0.9228113498605442,0.03240071250171759,0.03899657787224854
M48,442.16108333333347,509.0212096955356,-0.07538485388764093,0.03945782361996268,0.04542432581260218
ALL_MODELS,388.10486458333327,458.6654417764198,0.8462463596726165,0.03607621034896781,0.042635154741214126
