Model,MAE,RMSE,R2,MAE / Mean,RMSE / Mean
M24,368.4141875,385.44616268511754,-1.2489942009158144,0.08736404730851317,0.09140293163033378
M36,665.8454666666668,680.4129013918026,-2.4058687231414866,0.13487640381158164,0.13782724346860056
M48,560.391825,574.0449111585145,-13.381172278731349,0.11759658473887155,0.12046164491955293
ALL_MODELS,565.1242364583335,592.4566940115731,-0.9783802184723696,0.11988342816862195,0.1256816376602039
