Model,MAE,RMSE,R2,MAE / Mean,RMSE / Mean
M36,239.6979333333334,333.51607174425277,0.6108482810787951,0.05738232671341508,0.07984185731960208
M48,105.82166875,136.36862496322314,0.6816847027646904,0.027832548493150686,0.03586681642868335
ALL_MODELS,172.7598010416667,254.78360620934558,0.6868677687271596,0.04330203939363875,0.06386120895259388
