Model,MAE,RMSE,R2,MAE / Mean,RMSE / Mean
M24,132.8967083333333,155.18736127662476,0.31676081978203274,0.022305122556732747,0.026046341974467598
M36,303.9461958333333,333.5110023774802,-0.05671900319710832,0.04189652494795032,0.04597179442635954
M48,428.549725,480.97163140498384,-0.6512564530091924,0.059814676274054825,0.06713144531709389
ALL_MODELS,292.33470624999995,345.6428809949789,0.7002721028704442,0.042318092618645865,0.05003493303464412
