Model,MAE,RMSE,R2,MAE / Mean,RMSE / Mean
M18,92.38944583333334,106.61279302323625,0.6888134477047289,0.018388398958402444,0.021219291386565965
M24,167.37165416666673,194.7382894263382,0.19346866045636457,0.02985558512022001,0.03473721763151449
M36,393.11839375000005,440.0613582141248,-2.1946800257922994,0.07067455785523272,0.07911393212685675
ALL_MODELS,261.49947187500004,330.37754425483894,-0.003499444647416361,0.04808052757683535,0.06074477517455568
