Model,MAE,RMSE,R2,MAE / Mean,RMSE / Mean
M24,324.16373749999997,334.63582540027187,0.3485156140850404,0.042111947884640365,0.04347237154985561
M36,190.1284583333335,250.87754890674935,0.7619747669790542,0.019685091715414764,0.02597479410951487
M48,206.47981250000012,240.67391666390404,0.8091199168970854,0.021372232788624525,0.02491158293303358
ALL_MODELS,227.72511666666682,271.93021112712995,0.9239711554165185,0.024836559083591715,0.029657733209808555
