Model,MAE,RMSE,R2,MAE / Mean,RMSE / Mean
M18,143.9751916666667,149.67267153116998,-4.660206579011874,0.06530350953451894,0.06788774245928372
M24,61.78198749999998,81.58266135239509,0.8096141129756966,0.025555266967701894,0.033745542595179104
M36,301.964675,310.28187674800705,-5.259498420619984,0.11846107147235503,0.12172391879289231
ALL_MODELS,202.42163229166667,235.37593617081376,-0.48789290946995,0.08329751253804278,0.0968583731510057
