Model,MAE,RMSE,R2,MAE / Mean,RMSE / Mean
M36,149.24990833333328,173.82610252290692,0.7887353457601978,0.04546605655970754,0.052952711978952155
M48,61.963318749999985,75.10604967041739,0.7857911986933326,0.01937728791916138,0.023487307947567187
ALL_MODELS,105.60661354166662,133.8962893724082,0.792693077353133,0.03259264287482438,0.041323490976796
