Model,MAE,RMSE,R2,MAE / Mean,RMSE / Mean
M18,31.786241666666665,36.98023721106541,0.4747463719432937,0.01347969396049051,0.0156823283928609
M24,78.72809999999998,89.88832773970618,0.4677508056397569,0.02936383048160753,0.033526347238456315
M36,75.84157916666668,88.62217360126596,0.3077384774183425,0.03060390577712019,0.035761183778841604
ALL_MODELS,65.549375,79.30199984182829,0.7334399063823489,0.02623144485249674,0.03173494843457507
