Model,MAE,RMSE,R2,MAE / Mean,RMSE / Mean
M12,49.18792083333335,56.03726235356331,-0.020927596157781503,0.02135973981327351,0.024334050381514063
M18,48.96532083333335,61.01394525781587,0.824550054344672,0.017229934755516464,0.02146960906366954
M24,49.32312499999998,57.41533956912124,-0.16079870878578628,0.01793595357505416,0.0208786216406144
M36,94.1635208333334,112.63902435695304,0.661048195090687,0.034106919710232435,0.0407989221938858
ALL_MODELS,60.40997187500002,75.57603342649308,0.9061386915032422,0.02267747993993713,0.02837071312523789
