Model,MAE,RMSE,R2,MAE / Mean,RMSE / Mean
M24,136.24726666666663,181.26939303287202,0.17863268045692682,0.023028193553384924,0.03063772778853728
M36,398.84783333333326,436.24486194515845,-3.038128810784311,0.0583402284279428,0.06381036267314207
M48,291.48491666666666,351.58251620283727,-0.004279742609840653,0.043534450999427474,0.05251027051046782
ALL_MODELS,306.35696249999995,366.4314457361448,0.3623018145324095,0.04662043513065808,0.0557623802846498
