Model,MAE,RMSE,R2,MAE / Mean,RMSE / Mean
M18,138.00897500000002,142.24163792910937,-0.4075972801081438,0.055524707893986905,0.057227621583132875
M24,142.59009166666667,153.7918752667519,0.05273769415618734,0.04633497434231014,0.049975019380722824
M36,126.89931458333338,178.26252860316427,0.03349415855009674,0.04361363219773454,0.061266496061576414
ALL_MODELS,133.59942395833335,163.8899651189846,0.63783592448993,0.04695043672118666,0.0575953489062661
