Model,MAE,RMSE,R2,MAE / Mean,RMSE / Mean
M36,197.86373333333336,215.06952367528064,0.7384811124310681,0.05653485085688095,0.06145099579395255
M48,335.17616666666663,391.35923241018224,-2.760816918047238,0.09201553375847178,0.1074394072217607
ALL_MODELS,266.51995000000005,315.7664871440596,0.12453767073806477,0.07462975282786624,0.0884195531587214
