Model,MAE,RMSE,R2,MAE / Mean,RMSE / Mean
M12,176.40124166666666,194.77232055013832,-1.228000698137087,0.05361807773654681,0.05920206300995858
M18,135.6240791666667,158.83322050948993,0.5360945181533097,0.034633319501191695,0.04056006652438456
M24,65.78244166666667,76.87918939467625,0.8151382618576899,0.0202293398595664,0.023641798799039385
M36,124.24371666666669,144.695229964994,0.18637352822452236,0.03618266008178521,0.042138616436639
ALL_MODELS,125.51286979166667,150.00947313962135,0.7800946182004611,0.036140695205130205,0.04319434856059019
