Model,MAE,RMSE,R2,MAE / Mean,RMSE / Mean
M18,119.73689166666661,132.79591651576672,0.5949458958413967,0.019315387459083046,0.0214220074096023
M24,91.08239583333336,107.43412269457853,0.773229217228756,0.012745704256969108,0.015033899168371464
M36,188.72790833333337,217.39231279833126,0.5162564735910293,0.02957277549807886,0.03406435284620651
ALL_MODELS,147.06877604166667,175.8519842723073,0.8496751572814709,0.022531686325327833,0.026941420578543148
