Model,MAE,RMSE,R2,MAE / Mean,RMSE / Mean
M12,125.34841666666665,148.6494268721741,0.5736046703744961,0.0310009377479622,0.036763700342455026
M18,352.58539999999994,399.8349643900238,-14.115399706026096,0.08846611815625227,0.10032136101701537
M24,111.29600416666669,134.1310552283273,0.3807634375280817,0.027698779476118388,0.03338185002675255
M36,137.4179958333334,156.7827041012218,-0.10746231421592789,0.0330229185649488,0.03767645160686609
ALL_MODELS,181.66195416666665,236.92646915243202,-0.7109644971428175,0.04483185715130373,0.05847043575596203
