Model,MAE,RMSE,R2,MAE / Mean,RMSE / Mean
M12,144.20873333333324,167.88806645409852,-0.39334361984378274,0.026920100182007665,0.03134042900065619
M18,129.51794583333333,156.7104675461792,0.7765133021204623,0.020379811178495327,0.024658588566518935
M24,192.53224999999995,231.89828718127512,0.3147489632677576,0.03130245161465142,0.03770269611461148
M36,159.70353333333352,176.30831866621958,0.483899122693634,0.026540215208630532,0.029299669348621844
ALL_MODELS,156.490615625,185.47642190097656,0.8338058656096065,0.02621255901843574,0.031067752121686592
