Model,MAE,RMSE,R2,MAE / Mean,RMSE / Mean
M12,34.08032916666667,39.36232241252944,0.8739398828079884,0.012495652107490415,0.014432310339623057
M18,141.72274166666665,169.94368931212676,0.3799074574592307,0.042494512880737606,0.050956354707416635
M24,114.33719166666668,129.45997732038015,0.4373846392626717,0.04117909601128485,0.04662564086090704
M36,107.22966666666672,127.46683030234442,0.0836601988825244,0.03610122604719021,0.042914512348234804
ALL_MODELS,99.34248229166668,125.93443583651434,0.8104629134880632,0.03364892157658342,0.04265605063916964
