Model,MAE,RMSE,R2,MAE / Mean,RMSE / Mean
M24,83.84086666666663,95.46814425938106,0.32456167601819563,0.01826979852365689,0.02080350347499156
M36,738.9389895833333,767.5026226499505,-1.4574830609791043,0.14440922378519225,0.14999135186042228
M48,242.87897083333334,288.9218404690106,-0.7306325027316296,0.054096826074448046,0.06435202891108605
ALL_MODELS,451.1494541666666,563.6289887899297,-0.44449907497964936,0.09344095015156255,0.11673743093134542
