Model,MAE,RMSE,R2,MAE / Mean,RMSE / Mean
M24,112.75390416666666,120.28374387069623,0.7291367902534565,0.027796430552416953,0.029652709214790452
M36,332.41473333333346,409.19579061092674,-0.4189911950736884,0.06748909661537424,0.08307770828994122
M48,242.90038333333345,257.4720655215323,-0.522221884217573,0.05142290633876121,0.05450778516060172
ALL_MODELS,255.12093854166676,322.351684372394,0.5065012979256301,0.05477367391119601,0.06920790643632184
