Model,MAE,RMSE,R2,MAE / Mean,RMSE / Mean
M12,114.42859166666665,132.43035519736404,0.9158094695233975,0.017927320321169785,0.020747624027265075
M18,100.9502124999999,134.9864369881455,0.9373983446978428,0.012517204662168433,0.016737486891347773
M24,252.39864583333335,266.2635817295562,0.11198186924032527,0.03162774700172822,0.03336514413899528
M36,342.3332083333333,413.80470827109474,0.1510884488787385,0.04255736388734933,0.05144238747368018
ALL_MODELS,202.52766458333335,263.57625494874935,0.901417603302106,0.026585266062472312,0.03459895160485243
