Model,MAE,RMSE,R2,MAE / Mean,RMSE / Mean
M36,141.72127708333326,165.95668581917246,0.7891192643746867,0.030041606164988504,0.03517894770941653
M48,67.7935125,85.72283175093534,0.8383500610104452,0.013331948279676502,0.016857842544902517
ALL_MODELS,104.75739479166664,132.079569675788,0.8567762460048822,0.02137351685999804,0.026948025148400393
