Model,MAE,RMSE,R2,MAE / Mean,RMSE / Mean
M12,178.5642291666667,201.0220242218447,0.3550466896343073,0.03011624385101898,0.03390392537824506
M18,297.0840875,315.9871001520783,-3.0309925919558314,0.04789393568928804,0.05094135462010654
M24,476.25951249999997,495.7219374093895,-2.0119983550271323,0.08193183450530073,0.08527999267305585
M36,529.0267625,547.7670234451409,-9.787267005677746,0.08642051158136907,0.08948187454605921
ALL_MODELS,370.2336479166667,414.1396663227382,-1.351743277742909,0.06153499793108344,0.06883243501434887
