Model,MAE,RMSE,R2,MAE / Mean,RMSE / Mean
M36,244.15235625,299.05588616386467,-0.564134484831817,0.06214274101608276,0.07611703105657072
M48,397.298825,457.94339491967736,-0.4261727647106157,0.10418846244201992,0.12009201940670199
ALL_MODELS,320.725590625,386.7470594586428,-0.41837341497232594,0.08285163686952403,0.09990667370253188
