Model,MAE,RMSE,R2,MAE / Mean,RMSE / Mean
M18,160.0124375,197.22958952484268,-0.19254460385802363,0.028839080675563036,0.03554673707107999
M24,97.60954166666674,122.07786901501308,0.537488503232488,0.015906494652860308,0.0198938642428132
M36,351.0699687499999,388.35664326497266,-2.281465364895774,0.0625389064552762,0.06918108054331606
ALL_MODELS,239.94047916666668,298.09574041885395,0.06951858485720952,0.041888745426374635,0.05204147556285594
