Model,MAE,RMSE,R2,MAE / Mean,RMSE / Mean
M24,230.3638208333333,251.01932397287578,-0.6711168087832071,0.03035463055485401,0.033076369430591196
M36,761.3813749999999,849.3555070880652,-1.337094655876908,0.09010497119061531,0.10051618808873619
M48,335.91489999999993,364.10011526017,-1.746934971372264,0.0407486509709572,0.04416769995978731
ALL_MODELS,522.2603677083333,639.9978808132721,-0.36278415458553237,0.0638215477461904,0.0782093718637214
