Model,MAE,RMSE,R2,MAE / Mean,RMSE / Mean
M18,111.89498333333331,115.66509187845597,-5.642913933154162,0.042655097048826196,0.04409228700217515
M24,57.188475000000004,67.52844069859258,0.4210368971824775,0.020309609351879254,0.02398168950527111
M36,88.79100000000001,104.47614793941408,0.4745021487967661,0.032831849135673136,0.03863167581650291
ALL_MODELS,86.66636458333335,99.71087548376013,0.43353591775038003,0.03195686959861725,0.03676682944667169
