Model,MAE,RMSE,R2,MAE / Mean,RMSE / Mean
M36,352.30919166666666,383.7151093321727,-2.5784079827366027,0.08817143929716625,0.09603131076380661
M48,399.3413958333333,437.9861610130541,-0.916164982988598,0.11005309058757334,0.12070306548983542
ALL_MODELS,375.82529374999996,411.7457725154893,-0.6251306879583372,0.0985854763654845,0.1080080393735179
