Model,MAE,RMSE,R2,MAE / Mean,RMSE / Mean
M36,77.81117083333334,87.53140423139571,0.6321500725708815,0.03777508723311723,0.04249398119918476
M48,110.09352083333336,139.1147560277366,0.6383742190172945,0.05166183400136867,0.06528016706746854
ALL_MODELS,93.95234583333335,116.22104385905479,0.6486066875541626,0.04483640232050627,0.055463580332711586
