Model,MAE,RMSE,R2,MAE / Mean,RMSE / Mean
M24,183.20031666666662,199.75484017362382,0.7932198814635929,0.027449509920213756,0.029929928980053266
M36,483.90591666666677,547.8245756722573,-0.6611564052691041,0.06452706235328437,0.07305037887646952
M48,195.56165000000001,238.98949447542844,0.4121990394571795,0.0252481500209797,0.03085493812285648
ALL_MODELS,336.64345000000003,417.50494190589785,0.4674684200791156,0.045773480993205745,0.05676823512502347
