Model,MAE,RMSE,R2,MAE / Mean,RMSE / Mean
M18,110.40232916666658,133.69709692727218,0.7399555238293544,0.02369360547259231,0.028692929681253088
M24,143.73107916666675,173.43956395867775,-0.1855919835843387,0.030284411571046062,0.03654404578383974
M36,124.27143958333336,154.17475574565472,0.8787544815454877,0.02674205408458787,0.03317696866192392
ALL_MODELS,125.66907187500003,154.5120599592644,0.8063170670066764,0.026881504167845762,0.03305122351750001
