Model,MAE,RMSE,R2,MAE / Mean,RMSE / Mean
M24,106.73649999999994,123.57842735590013,0.6332843754390556,0.01901594512738285,0.02201646665880993
M36,226.20377499999998,313.32419651213564,-1.0352022746019731,0.034699152477373825,0.04806323002180329
M48,243.89687083333342,279.33908647891474,0.2003491395513899,0.03729357471425478,0.04271294279676062
ALL_MODELS,200.76023020833335,269.09387636221993,0.6636439050451814,0.031878193694155635,0.042728715262401316
