Model,MAE,RMSE,R2,MAE / Mean,RMSE / Mean
M24,180.14064583333334,184.53951901152843,-1.6958303938716388,0.06703115600483736,0.06866799677938358
M36,205.6145854166667,248.22774907858013,0.5420915797185234,0.06722772143017705,0.0811605165678193
M48,191.55008333333333,204.9420936546752,-1.7321401549520892,0.06517803014191939,0.06973487938570888
ALL_MODELS,195.72997500000005,223.2096137343803,0.48759815904141124,0.06666978051220916,0.07602992825133768
