Model,MAE,RMSE,R2,MAE / Mean,RMSE / Mean
M24,274.3107041666667,287.4156309767464,-0.8983704476159018,0.0699318777153419,0.07327280508430879
M36,442.3796041666667,491.8250046687893,-2.428996474430069,0.09447088579436759,0.10503003169507447
M48,121.90370000000007,145.2266201502099,0.19802951382066702,0.026891016378977572,0.03203587275138364
ALL_MODELS,320.24340312500004,383.23693277296616,0.02772822258099672,0.07187916714401615,0.0860181701722544
