Model,MAE,RMSE,R2,MAE / Mean,RMSE / Mean
M24,143.21454999999995,155.41243566154057,-0.4484900064014681,0.038875181813040754,0.042186263144002416
M36,266.4523750000001,343.58291333557446,0.6002767470163413,0.06351981127390117,0.08190702676984143
M48,141.45510833333333,173.4737565663896,0.09750683357179302,0.03641019079589451,0.0446517107023021
ALL_MODELS,204.39360208333335,269.4181722006838,0.6498625351914203,0.05123101413554879,0.06752934557491434
