Model,MAE,RMSE,R2,MAE / Mean,RMSE / Mean
M18,135.56179166666652,203.94768706168855,0.8436739607460573,0.014654602699866206,0.022047306167174263
M24,238.25814583333326,276.74395835819155,0.7766801984540149,0.02417463441237522,0.028079560494115495
M36,285.8708541666667,323.4663751169702,0.6490602326280721,0.027807321768735058,0.03146432538729496
ALL_MODELS,236.39041145833326,286.1131197656785,0.8292335974590752,0.023837488235392973,0.02885150072006237
