Model,MAE,RMSE,R2,MAE / Mean,RMSE / Mean
M36,593.1893583333332,768.5213436324907,0.5269740490303987,0.06362715715565843,0.08243375849858782
M48,420.41949999999997,464.95780499426326,-0.6847175458803285,0.041140795165887215,0.04549915933026302
ALL_MODELS,506.8044291666667,635.1420376749488,0.546345711287221,0.05186839116302226,0.06500297502997836
