Model,MAE,RMSE,R2,MAE / Mean,RMSE / Mean
M24,261.05239166666667,271.3783499821881,-1.6205935652027272,0.05566198526994732,0.05786370169930895
M36,206.31990416666665,236.71334407516508,0.7570160468425097,0.041131844781971245,0.047191067510655035
M48,146.33140833333331,185.08109131121194,0.3918554025948602,0.029218314932985014,0.036955549568367656
ALL_MODELS,205.00590208333332,234.50353607488478,0.6475796247214126,0.04156165667427623,0.04754182858250731
