Model,MAE,RMSE,R2,MAE / Mean,RMSE / Mean
M18,137.87270833333332,163.88486158259605,0.23803022793977457,0.023140284625336547,0.027506113346496767
M24,480.42274166666675,501.75037312061784,-0.939941169108796,0.06767033752575022,0.07067445846745836
M36,385.06761666666665,404.7649027811169,-0.6162648949268044,0.052841128794787716,0.05554410039622062
ALL_MODELS,347.1076708333333,389.32022097158017,0.6197354360405465,0.05024697461137474,0.05635762301619295
