Model,MAE,RMSE,R2,MAE / Mean,RMSE / Mean
M36,223.71873958333342,283.77537211833777,0.9626915342255806,0.021928148732012435,0.027814695263716122
M48,596.0242083333333,647.020475047641,-0.1500599510876397,0.0505626599459895,0.05488883807154051
ALL_MODELS,409.87147395833335,499.5818035876487,0.8679227754108524,0.03727766977506066,0.04543679344140642
