Model,MAE,RMSE,R2,MAE / Mean,RMSE / Mean
M24,39.861333333333356,47.55406390841728,0.6912179413275805,0.017687978404762793,0.021101533369116122
M36,175.08953333333338,201.34311917192605,-0.30460984440393335,0.06592898686016868,0.0758146281251418
M48,59.21553749999998,75.239364577513,0.6626212394621374,0.023542995113062196,0.02991377039443903
ALL_MODELS,112.313984375,149.1647195653136,0.5414612468067959,0.04456793606309367,0.05919088100605187
