Model,MAE,RMSE,R2,MAE / Mean,RMSE / Mean
M18,160.28825416666663,181.22134538639597,-0.17055802764668582,0.02387017932489451,0.026987542127534767
M24,400.43458333333336,431.97896299044373,0.22598606710542446,0.04859077878280742,0.0524185350195449
M36,255.34749791666658,314.12752171255454,0.2000818652576093,0.032360187507590586,0.03980937971528685
ALL_MODELS,267.8544583333333,322.79993815229324,0.7747699164092088,0.03485697864039766,0.04200725505675084
