Model,MAE,RMSE,R2,MAE / Mean,RMSE / Mean
M24,235.1918750000001,244.3952672669881,-0.1992219638899566,0.05693052880008878,0.059158301288038354
M36,145.36981875,175.8504818111226,0.7218409126592784,0.031120111051645707,0.03764527306633612
M48,119.77945000000007,140.58116128713107,0.657584972709552,0.024939114592822022,0.0292702102984423
ALL_MODELS,161.42774062500004,187.97532649110417,0.7633051562188525,0.03532996024056284,0.041140145958959325
