Model,MAE,RMSE,R2,MAE / Mean,RMSE / Mean
M12,66.80688750000002,80.13839614024765,0.6314489931210474,0.012179369673214533,0.014609798302766082
M18,305.82778333333323,331.718487492119,0.22235955130453422,0.045530977755170385,0.04938552969375119
M24,606.8851583333334,613.8967689623273,-3.1554404239719247,0.08818868854444176,0.08920757117398798
M36,327.78732499999984,379.0927923303023,-0.0983422980891091,0.05068712863631968,0.0586207081983651
ALL_MODELS,326.82678854166664,399.0738984258308,0.5899416988462438,0.051165202041039304,0.06247559061291477
