Model,MAE,RMSE,R2,MAE / Mean,RMSE / Mean
M12,46.20865416666667,54.98906237285966,-0.1448385919221009,0.02158694475804882,0.02568882113420469
M18,140.0867125,158.60977981128326,-1.0468846978664699,0.053370602428764194,0.060427569100258725
M24,92.38386249999998,111.04317724408112,-0.9591024171718923,0.03627935367749324,0.0436069091689102
M36,61.389041666666685,80.79762883787699,0.6880437320908563,0.024874003916801737,0.03273809920497447
ALL_MODELS,85.01706770833334,108.44319166124923,0.7356871992001306,0.034772399410351235,0.04435379948311971
