Model,MAE,RMSE,R2,MAE / Mean,RMSE / Mean
M12,172.55122500000002,178.97394631570444,0.6159624799500847,0.04390616412213741,0.045540444355141076
M18,145.76135833333325,186.32898632745201,0.04143741457139605,0.03573969269119959,0.04568659888292892
M24,190.67462500000008,207.85952320910155,-0.08413733820708602,0.04485977982766567,0.04890284927133778
M36,113.46560833333338,141.86226878092302,0.390277589510704,0.025330207335336315,0.03166951408505635
ALL_MODELS,155.6132041666667,180.3334753297473,0.6385252657582146,0.03718726376580704,0.043094726754096736
