Model,MAE,RMSE,R2,MAE / Mean,RMSE / Mean
M12,95.62699166666675,123.61626821418982,0.7503416270350827,0.024998069906000522,0.03231481049941243
M18,407.9294,457.33717949011657,-5.594746822661549,0.10116251214118911,0.11341515951727457
M24,599.2250541666667,649.2597661043925,-2.47865665002696,0.1675704799412745,0.1815624527982641
M36,291.31047083333334,335.10504126210003,-0.8629608955712447,0.07191815273520274,0.08273006964316251
ALL_MODELS,348.52297916666674,435.3940485561275,-0.7976350138261679,0.09003241448345642,0.11247343729519148
