Model,MAE,RMSE,R2,MAE / Mean,RMSE / Mean
M24,55.18207916666669,70.78456696471402,-0.2656931082264946,0.023055374893372567,0.029574179746063686
M36,90.8159041666667,109.0452672588163,0.029625005483712163,0.031721231835017946,0.03808859510863101
M48,85.58816249999995,101.40749089605632,0.59142751987812,0.031187706299439732,0.03695215495050866
ALL_MODELS,80.60051250000002,98.83784036656859,0.8062207954271088,0.029677207193731382,0.036392213599629436
