Model,MAE,RMSE,R2,MAE / Mean,RMSE / Mean
M18,266.73106666666666,273.70819782309684,-2.141993083959077,0.035325108984758685,0.036249140525523534
M24,400.6482499999999,412.708210817986,-2.0514660550393082,0.047362147944557724,0.048787801615744426
M36,784.7108791666666,814.4928850367145,-4.841810429913839,0.10336760668514502,0.1072907008473402
ALL_MODELS,559.20026875,626.9054084116303,-0.7653754043848631,0.07170862214979362,0.08039073936058735
