Model,MAE,RMSE,R2,MAE / Mean,RMSE / Mean
M36,63.91410625000001,78.93905253366229,0.9558473615087034,0.021694909129481653,0.026794954540808925
M48,195.35485416666666,229.02810397450952,-0.42754365955553,0.06362832152647721,0.07459591367950803
ALL_MODELS,129.63448020833334,171.29688617291188,0.6837918238044692,0.04309447991910853,0.056944342350283395
