Model,MAE,RMSE,R2,MAE / Mean,RMSE / Mean
M18,273.3468166666667,291.6621619858054,-0.332422139789184,0.07121033801532685,0.0759817194674612
M24,335.198775,367.51160964387464,-0.0017379354169917427,0.07087091874939434,0.07770280612311357
M36,283.68364791666664,323.7121653663074,-0.931811651326601,0.061600889847952256,0.07029293929211511
ALL_MODELS,293.978221875,327.76162525894983,0.4677069305618059,0.06614179283223338,0.07374267854933624
