Model,MAE,RMSE,R2,MAE / Mean,RMSE / Mean
M24,164.64497083333342,170.65025549915322,-6.945574433703169,0.06555099119125432,0.06794190759907229
M36,87.26812500000004,105.28684227707227,0.760252978128017,0.029349854962794818,0.035409876748500366
M48,130.10554166666668,141.33529504889253,0.23064478753755602,0.04266862983561307,0.046351472119449316
ALL_MODELS,117.32169062500004,133.48016111190265,0.7653922903029673,0.04078035766011067,0.046396950825328964
