Model,MAE,RMSE,R2,MAE / Mean,RMSE / Mean
M18,110.57677916666671,118.21646330898146,0.5732434539599724,0.022125865619502607,0.023654528562863653
M24,63.93916249999995,79.7485765394148,0.8923163433584694,0.011166218428693043,0.013927145589629077
M36,147.83356875,172.90722127728944,0.6912136991076201,0.02733830052819547,0.031975075882579154
ALL_MODELS,117.54576979166666,141.53513874389438,0.8550735025249452,0.021829509626972932,0.026284592624989816
