Model,MAE,RMSE,R2,MAE / Mean,RMSE / Mean
M36,346.58712499999984,388.44879986962934,-0.10197007836819827,0.062415798122594124,0.06995453704065539
M48,299.9309854166667,389.0314401222565,-0.2730364296971841,0.05366031651962594,0.06960117903138849
ALL_MODELS,323.25905520833334,388.74022915293455,-0.17839107121241238,0.05802369215696173,0.06977729787293878
