Model,MAE,RMSE,R2,MAE / Mean,RMSE / Mean
M24,311.48484166666674,318.3444806064101,-1.1078805558140123,0.06469723578080107,0.06612202318130857
M36,367.3126895833334,415.07624110251857,-1.1256998994757175,0.07337968002796844,0.08292161589588795
M48,215.23786666666663,225.48590773544842,-2.2419782722176667,0.04085275886339731,0.04279786618623425
ALL_MODELS,315.33702187500006,352.40731929666146,-0.5041307269957525,0.06277107260308627,0.07015029600361522
