Model,MAE,RMSE,R2,MAE / Mean,RMSE / Mean
M24,55.99134166666665,60.78677675908086,0.8470608804396186,0.028159347037991653,0.03057108279830558
M36,87.81324791666664,112.10289479196574,0.6953592044931178,0.036419401914702415,0.04649321689028786
M48,80.91456666666666,92.43035768859977,-0.25202184314962106,0.03562818038381095,0.04069879617888662
ALL_MODELS,78.13310104166665,96.6598692486674,0.8393664362745861,0.034413077907718276,0.042573039680459855
