Model,MAE,RMSE,R2,MAE / Mean,RMSE / Mean
M18,74.45913749999998,82.24721025417567,0.6944076891884787,0.038046781919989774,0.04202629492005825
M24,71.99576666666667,83.54212860396143,0.8181326711470631,0.027757849925300004,0.03220953085985436
M36,119.64695208333336,137.31021425478895,-0.09299323850664276,0.047416620843963385,0.054416650436594334
ALL_MODELS,96.43720208333333,113.41525550346778,0.8567420523233531,0.040193157851322193,0.0472692816539805
