Model,MAE,RMSE,R2,MAE / Mean,RMSE / Mean
M18,46.44915833333332,55.89726020149974,0.15580216455387597,0.018146860705506987,0.0218380662016896
M24,171.08787500000003,190.1760542047837,0.4047096291166734,0.05005313585664656,0.05563753642853427
M36,214.30772708333333,223.85036436180837,-0.2391543009905348,0.0650645530388802,0.0679617300925788
ALL_MODELS,161.53812187499997,186.7547901264943,0.7700918479246932,0.05142359641472707,0.059451000448137406
