Model,MAE,RMSE,R2,MAE / Mean,RMSE / Mean
M24,69.76475416666669,78.20509270976487,0.4889948153235073,0.03166567251683185,0.03549667571363865
M36,227.13563125,242.449866386881,-5.697858442591154,0.09681739736610749,0.10334514636103942
M48,205.44977083333333,218.6472281581595,-4.461559112119122,0.08462704024714665,0.0900632193563173
ALL_MODELS,182.37144687500003,207.05465602650796,-1.6620402731941848,0.0782465202234637,0.08883685800466934
