Model,MAE,RMSE,R2,MAE / Mean,RMSE / Mean
M36,141.32708125,163.14643567607257,0.2391105852088682,0.056090985687235924,0.06475081992419017
M48,56.43150625000001,70.11455798242352,0.5666869198269404,0.022771473367408708,0.028292914647558082
ALL_MODELS,98.87929375,125.5643474774538,0.3317183420435368,0.039569358839149124,0.050248141287305446
