Model,MAE,RMSE,R2,MAE / Mean,RMSE / Mean
M24,31.57579583333334,37.07116171231242,0.7459972174241298,0.013675342416313276,0.0160553619253902
M36,171.53118541666666,190.5717891689731,-0.6366150539541009,0.07108443540797914,0.07897507386110932
M48,52.0440208333333,60.23633959055567,0.7050546968520108,0.019839835125561877,0.022962850043257082
ALL_MODELS,106.67054687499997,139.31789304688778,0.3206436813728746,0.043725090628055616,0.057107492912015966
