Model,MAE,RMSE,R2,MAE / Mean,RMSE / Mean
M12,55.91840833333333,69.54579029665157,0.9089776331732732,0.01207067510928028,0.015012312848479412
M18,71.62305416666659,91.67934501985934,0.8992531179729624,0.01473561160021601,0.018861960519460486
M24,225.55863333333332,264.92289978591094,-0.3990613392407434,0.04540039752761307,0.05332362936724224
M36,100.94646666666654,127.94840796237288,0.5309065118681267,0.019368241304052358,0.024549008219055132
ALL_MODELS,113.51164062499994,157.95304459105708,0.7475576475187511,0.023079338739704195,0.032115224491625655
