Model,MAE,RMSE,R2,MAE / Mean,RMSE / Mean
M24,69.76514166666668,93.6761432894603,0.9635167206133161,0.009594326021682828,0.012882643648416462
M36,128.11151041666676,164.8619970617249,0.8810024312840988,0.014347700043164303,0.01846352817686346
M48,163.8265416666665,204.13707313709355,0.8131362984792907,0.019039635268367307,0.023724455010412406
ALL_MODELS,122.45367604166667,161.86886714322722,0.9624484203827197,0.014519857982581931,0.019193486375381277
