Model,MAE,RMSE,R2,MAE / Mean,RMSE / Mean
M12,99.65404166666673,124.77540593774553,-1.011811393268589,0.04373108921029057,0.054755073823954455
M18,90.48573333333331,106.73998574914415,-0.5007587809750815,0.03676600470651971,0.043370404083150654
M24,174.87097916666664,201.6680675425514,-0.289143875683999,0.07624356901500562,0.08792707228538374
M36,61.06142916666668,76.41921640013342,-0.003268130134278513,0.02527071959441983,0.03162665230127437
ALL_MODELS,106.51804583333335,135.5288092862678,0.04676207495789708,0.04508799753080977,0.05736795648705531
