Model,MAE,RMSE,R2,MAE / Mean,RMSE / Mean
M12,156.5397916666666,199.99100860111602,0.8556801999844391,0.01662384180390976,0.021238171162695177
M18,261.86764583333337,274.1345905194389,0.8855500916987121,0.02268447125831066,0.023747104075258017
M24,108.52566666666651,136.52110924017083,0.8770701401106229,0.00923328015881455,0.011615110857400475
M36,702.8299583333337,747.7497703552252,-0.06069644738484903,0.061770279227318536,0.06571818910015712
ALL_MODELS,307.44076562500004,416.2072529326618,0.8647852025225462,0.027890606085519326,0.03775775316549964
