Model,MAE,RMSE,R2,MAE / Mean,RMSE / Mean
M24,56.63970416666668,67.31559004830346,0.7006206517248228,0.03171537994913792,0.03769333802662754
M36,129.8543354166667,152.9230066413045,-1.237092824801088,0.062483791126170384,0.07358405997536556
M48,185.13177499999998,213.7690576604536,-2.2320354116703407,0.08724400329877473,0.10073942396816853
ALL_MODELS,125.37003750000001,155.7237061248403,0.20567109369639736,0.06218526942333229,0.07724110811543
