Model,MAE,RMSE,R2,MAE / Mean,RMSE / Mean
M18,201.6390333333333,202.8808435329713,-15.533696193070892,0.08147031649831649,0.08197205799311973
M24,137.55512083333335,168.6413653126942,-0.29206991181534403,0.0454283400531161,0.055694744361638904
M36,151.04933125,165.712502026491,-0.2053183185768952,0.05532267046148211,0.060693139553103764
ALL_MODELS,160.32320416666664,176.43824232783206,0.4425935683699679,0.05849277193142474,0.06437222810077217
