Model,MAE,RMSE,R2,MAE / Mean,RMSE / Mean
M36,179.59327500000003,195.9957866694546,0.5652597899686929,0.07969231594127871,0.08697072958005601
M48,108.01882291666668,135.2014035010678,0.521453935033965,0.045934507778447146,0.05749377518738487
ALL_MODELS,143.80604895833335,168.36532882520217,0.5684139426099726,0.06245422125511201,0.07312018913186008
