Model,MAE,RMSE,R2,MAE / Mean,RMSE / Mean
M18,201.35236250000005,231.16658915482813,-0.34921236873094585,0.06297837538445501,0.07230357790381947
M24,56.87249166666667,72.41897431379199,0.46838337454196066,0.01756928007826076,0.02237196235671727
M36,174.53912291666663,195.28076287957643,0.5855026972412236,0.06091274402169565,0.0681514088238221
ALL_MODELS,151.825775,183.67883144486024,0.6230082221087186,0.04992216193999178,0.06039583442494377
