Model,MAE,RMSE,R2,MAE / Mean,RMSE / Mean
M36,177.8536875,231.05635448444175,-0.6665006232436574,0.044303283963174775,0.05755604749111651
M48,250.7675416666667,276.61986720084394,-1.488259282013793,0.06131704235755585,0.06763838733420192
ALL_MODELS,214.31061458333338,254.85838212412452,-0.9797560414963105,0.05288913082038772,0.06289580354683677
