Model,MAE,RMSE,R2,MAE / Mean,RMSE / Mean
M12,189.2333083333333,220.3141110652772,-1.3768288664132604,0.03166046972052395,0.03686057335159782
M18,310.7564083333333,375.39400903377623,-0.8208117749180752,0.044884563952263735,0.05422059192967526
M24,218.97247083333343,256.8049252013133,0.2899112700778632,0.03377445710503147,0.03960975960843131
M36,142.81850833333326,161.19027294049096,0.7632393196087646,0.022803681699942107,0.025737082120215974
ALL_MODELS,215.4451739583333,265.2310517507406,0.6385897258283726,0.03360194550316641,0.04136680893302124
