Model,MAE,RMSE,R2,MAE / Mean,RMSE / Mean
M36,150.52105833333331,189.66200462077487,0.6663584065004933,0.030691832373993755,0.03867282437415175
M48,144.35571041666665,154.28014078400597,0.719282010614023,0.02904675391638615,0.03104371327329935
ALL_MODELS,147.43838437499997,172.8786248168112,0.6930752734019429,0.029863836785848412,0.03501679062190397
