Model,MAE,RMSE,R2,MAE / Mean,RMSE / Mean
M12,158.2802999999999,205.19219548394534,0.20346011585941115,0.02524608022968337,0.03272863792709871
M18,285.6139916666667,304.7551068320814,-0.05352450640324058,0.03866506359816116,0.04125629671980119
M24,141.53209583333333,198.37278693986843,0.4307554855384955,0.01941632922535211,0.027214119298500334
M36,290.54137083333336,325.26114170767653,0.2039672289767437,0.04082620245086272,0.045704944472000304
ALL_MODELS,218.9919395833333,264.6346940269863,0.7504839013672904,0.03121516479731074,0.037721094214040046
