Model,MAE,RMSE,R2,MAE / Mean,RMSE / Mean
M18,53.63889166666669,73.46596752800463,0.9141946080576007,0.013208431917753408,0.0180907956934643
M24,110.02590833333323,129.89385587189702,0.6981719227506346,0.02612149371846867,0.03083838699105281
M36,179.03934166666667,212.87921617272588,-0.2932790233667295,0.03872568753182497,0.04604515371193213
ALL_MODELS,130.4358708333333,168.00653524098647,0.741771599377473,0.029780587437867143,0.03835856870438962
