Model,MAE,RMSE,R2,MAE / Mean,RMSE / Mean
M12,101.7127,118.24713629270626,0.8090464113822996,0.018964898187496602,0.022047835725078666
M18,220.4047708333334,255.92334366553422,0.49104452764936757,0.038381048606525865,0.04456621449541667
M24,117.57512916666671,155.46247109376998,0.8754681692219362,0.02093667438305956,0.027683296281666738
M36,191.10024999999996,235.0975533427382,-0.306312066977684,0.034351241433546786,0.04225998037842727
ALL_MODELS,157.69821250000004,199.32296818273093,0.6901973259631916,0.028306190927601435,0.03577766611423453
