Model,MAE,RMSE,R2,MAE / Mean,RMSE / Mean
M24,51.213770833333285,57.53341023841059,0.8743117147777942,0.01958180789880353,0.021998149496118374
M36,128.30171874999996,162.35200424369893,0.7218584236434908,0.04429320190737849,0.05604827569025632
M48,181.08044583333333,247.54810878545825,-2.0931834123749424,0.06885406223264362,0.09412773869341548
ALL_MODELS,122.22441354166664,171.25018687640198,0.6226380788659205,0.0442898911394125,0.06205513215061787
