Model,MAE,RMSE,R2,MAE / Mean,RMSE / Mean
M12,223.37333750000005,255.81751115565515,-2.8837573395090907,0.04560307000008508,0.05222675185429812
M18,128.3724333333333,144.87213109665302,0.817092224228481,0.021291020413804537,0.024027553427775437
M24,421.05689583333333,444.8278654068321,-1.64569607390996,0.0681266719251409,0.07197279595612524
M36,126.60540000000003,157.1626446619155,0.7083463692005066,0.02181550943044019,0.02708086034825479
ALL_MODELS,224.85201666666669,277.9399485958639,0.7587675928539239,0.03925560506148637,0.04852391815130435
