Model,MAE,RMSE,R2,MAE / Mean,RMSE / Mean
M12,52.675858333333416,60.89413524431844,0.8925248006451176,0.01266538365208333,0.01464138619537396
M18,69.31037916666662,85.6182302375468,0.6924294844237664,0.015119378118722781,0.018676775576491063
M24,112.59292083333332,134.90005878922463,0.27887987945012704,0.02588268632127429,0.031010616657963768
M36,113.3941958333334,145.3994673946301,0.4410258981013697,0.024876922584714405,0.031898381285328875
ALL_MODELS,86.99333854166669,112.22478339936914,0.7903012859632734,0.01971343576355285,0.02543109731973864
