Model,MAE,RMSE,R2,MAE / Mean,RMSE / Mean
M36,96.20917291666667,119.96049254527595,0.5316879613616183,0.037746665522342925,0.04706524804993539
M48,85.07239583333335,100.02152988448707,0.4666726415245409,0.032777933857762086,0.038537754330192485
ALL_MODELS,90.64078437500002,110.44189923244382,0.5176289834116434,0.03523979256691358,0.04293817233029975
