Model,MAE,RMSE,R2,MAE / Mean,RMSE / Mean
M24,286.8925208333333,317.11659573060894,-1.792902109733026,0.04120316978738428,0.04554391623152921
M36,139.44876458333334,192.40733206581174,0.7233768161059312,0.017088044185862464,0.023577584224919425
M48,119.26214583333326,143.53814934518704,0.8047018927353309,0.01457334042748184,0.017539767544191568
ALL_MODELS,171.26304895833331,220.91135013313527,0.8697955969030247,0.021770034718176325,0.02808105888157816
