Model,MAE,RMSE,R2,MAE / Mean,RMSE / Mean
M12,74.41964166666666,91.27946011579861,0.7740809028595719,0.016645431077063587,0.020416464364536833
M18,187.95037499999998,204.58327381471702,0.28231588429648724,0.036517081424153615,0.03974870530538679
M24,86.7847125,104.36754312577057,0.834536215547504,0.01759967130001267,0.021165414973327926
M36,110.7056583333333,151.73943316191733,0.5600359933861412,0.021219328663956614,0.0290844113301815
ALL_MODELS,114.96509687499997,145.00318565309928,0.8479608340741174,0.023265173435079094,0.029343899623085742
