Model,MAE,RMSE,R2,MAE / Mean,RMSE / Mean
M36,178.04333541666665,220.26256285601372,-1.1389236213033747,0.036645427297285704,0.04533511863594467
M48,366.3166708333334,408.9561222745006,-0.2116806040606003,0.0776698008693194,0.08671060617877602
ALL_MODELS,272.180003125,328.4514473569082,-0.2630788991972579,0.056852962179662916,0.0686069420972928
