Model,MAE,RMSE,R2,MAE / Mean,RMSE / Mean
M12,216.7617041666667,243.01280633697152,-2.0163627289839954,0.03312225603738628,0.03713355374650501
M18,209.96080833333326,253.22072799967586,0.1034195601753588,0.026913164275719142,0.032458300693208604
M24,181.25717083333336,216.69939543376577,-1.0439012635385976,0.023180024937522983,0.027712544375524877
M36,566.6403291666666,587.6567822029557,-2.0192721771990305,0.07361992973300707,0.07635046216447748
ALL_MODELS,293.65500312499995,358.9829671387446,0.6234039172853034,0.03933483137758305,0.048085455141441184
