Model,MAE,RMSE,R2,MAE / Mean,RMSE / Mean
M18,21.914704166666695,28.2844318770135,0.6665275521354366,0.011448940986960985,0.014776690068315026
M24,72.19640000000003,85.31522032112248,0.5244772758783679,0.030118959133654342,0.03559188040304785
M36,110.37247083333337,132.36689564247965,-0.06457262800677888,0.047603409050066506,0.05708955711856219
ALL_MODELS,78.71401145833336,103.82760474592159,0.777493841653558,0.03518599878934626,0.046412041607415126
