Model,MAE,RMSE,R2,MAE / Mean,RMSE / Mean
M36,224.15801666666667,259.8479442744257,-0.35007763745651754,0.036273602519022466,0.04204900269086495
M48,130.95980208333336,176.81701539603202,0.5979545914116031,0.019763104778492854,0.026683403199315676
ALL_MODELS,177.558909375,222.24447245905313,0.5659808654384112,0.02773031020312546,0.034709089979842164
