Model,MAE,RMSE,R2,MAE / Mean,RMSE / Mean
M18,47.58758750000004,64.11248749025356,0.9192748347832159,0.010816589953403805,0.01457267587004286
M24,82.79618749999993,101.43426003479821,0.8919825005821008,0.01564578445112828,0.0191677734975919
M36,124.03543958333331,156.9159963489801,0.7985037652245555,0.02441232035295902,0.03088378276598441
ALL_MODELS,94.61366354166665,126.13938716889865,0.9245976315083492,0.019062724592056244,0.025414515280369948
