Model,MAE,RMSE,R2,MAE / Mean,RMSE / Mean
M12,44.36355416666671,54.30997701431494,0.93438197300056,0.009645474063739976,0.01180801413533925
M18,56.836295833333416,69.31059849915638,0.736462407217531,0.011445277810407628,0.01395726170042249
M24,61.019541666666555,73.84278717493888,0.516017845301771,0.012442493139278985,0.015057280794216884
M36,229.2156583333333,273.97607209765437,-0.3664361126397577,0.04503660120017355,0.053831187568819265
ALL_MODELS,97.8587625,148.55064621824195,0.6599765612611745,0.02001304003272151,0.03038000842951929
