Model,MAE,RMSE,R2,MAE / Mean,RMSE / Mean
M36,262.7305520833333,322.0524997830727,0.8551957265102256,0.028439685227949266,0.03486108352484144
M48,174.81210416666661,221.725560468623,0.6727598640602069,0.018852578389697217,0.0239119512327873
ALL_MODELS,218.77132812499994,276.47788047296933,0.8236855145875127,0.02363721925097578,0.029872142454840492
