Model,MAE,RMSE,R2,MAE / Mean,RMSE / Mean
M12,175.6078,181.6179266782444,-1.6700647445849093,0.06786993461947245,0.0701927637005679
M18,99.4349166666667,135.58533706606147,0.5336553345298644,0.032067590265926725,0.04372603890922312
M24,141.86370833333334,152.10804256670102,0.6198789019319613,0.059397585527119205,0.06368683417248172
M36,292.3383708333334,308.539578136842,-5.257244258637015,0.1189334299566043,0.12552464529570465
ALL_MODELS,177.31119895833334,205.97450255344438,0.6136343142464988,0.06732537713087845,0.07820888440901262
