Model,MAE,RMSE,R2,MAE / Mean,RMSE / Mean
M18,138.39750416666655,151.5041014431553,0.4464512981930351,0.02467015329995987,0.02700647985439272
M24,181.89540416666662,201.7287908870378,0.2986326072545389,0.027840423075941933,0.030876068093217694
M36,205.21244791666655,239.55346910021677,0.10975823804021279,0.03156436758772954,0.03684646731891038
ALL_MODELS,182.67945104166657,211.198796719312,0.7874802347122161,0.029058766812093923,0.03359533078223184
