Model,MAE,RMSE,R2,MAE / Mean,RMSE / Mean
M24,218.3542208333332,242.10556088881876,-0.22463335701865805,0.04432988174189616,0.04915183614173758
M36,204.77437916666665,252.20039028752595,0.14998345088865683,0.039071312954644825,0.048120279579446056
M48,167.57379166666658,210.2962898401125,-0.08534262727995245,0.03153810744896917,0.039578665130940785
ALL_MODELS,198.86919270833323,239.81748573455133,0.29904063508139667,0.03838965166386154,0.046294298351957495
