Model,MAE,RMSE,R2,MAE / Mean,RMSE / Mean
M18,338.19643750000006,344.4153428469017,-2.6236026246072006,0.0766175923653458,0.0780264704669301
M24,135.17859166666673,160.39293584440267,0.7890004670429326,0.025011072050819507,0.02967629138154451
M36,155.7653104166666,188.09232882491344,0.7560431929315412,0.0306949401023064,0.037065266660080975
ALL_MODELS,196.2264125,231.8972135358111,0.7765615356415264,0.039308011535074724,0.04645357487039289
