Model,MAE,RMSE,R2,MAE / Mean,RMSE / Mean
M24,88.7492124999999,101.22686160259242,0.8066781653844146,0.022499958802526754,0.025663328739592022
M36,282.3842125,322.42041227512385,-1.0608411810933656,0.07109892993149462,0.08117927733241334
M48,155.88953750000005,186.21777680077412,-0.8733836768517764,0.039013022940563094,0.04660298898038143
ALL_MODELS,202.35179374999998,251.4128986397948,-0.45536879618649606,0.05095845889907872,0.06331356705373524
