Model,MAE,RMSE,R2,MAE / Mean,RMSE / Mean
M24,29.379558333333335,35.593501169443385,0.47191180775219077,0.0153488190861795,0.01859518117648711
M36,63.47386458333335,77.33145379418849,0.4971392937452853,0.02698647020788493,0.03287814579510047
M48,123.21739583333336,143.1337770463047,0.2740261983011356,0.052881111190586895,0.06142860858179808
ALL_MODELS,69.88617083333334,91.80752004722413,0.8260305952337939,0.031239860309182344,0.04103893613584241
