Model,MAE,RMSE,R2,MAE / Mean,RMSE / Mean
M36,115.38440416666667,148.53482109569177,0.7860095418177285,0.03526508035555103,0.04539688391483843
M48,202.96292500000004,218.31692166128676,-0.5330282336714873,0.06222794509348035,0.0669354435748115
ALL_MODELS,159.17366458333333,186.71485125933287,0.4806119797054371,0.048725233650819974,0.05715596721043069
