Model,MAE,RMSE,R2,MAE / Mean,RMSE / Mean
M24,397.2097041666666,403.32698489638176,-10.843299747897916,0.05341711997937958,0.05423977742016968
M36,490.76726875,551.9165635950512,-0.07213481106319652,0.06822588501406118,0.07672678763011281
M48,679.6198125,717.5361162791282,-7.829128824673425,0.08864895322673565,0.09359471934247354
ALL_MODELS,514.5910135416666,567.1760135204241,-0.6186640463833744,0.06980117883105964,0.07693401809711363
