Model,MAE,RMSE,R2,MAE / Mean,RMSE / Mean
M36,203.32901458333336,241.29375334730705,0.867867467397192,0.028347016384110232,0.03363985210638123
M48,337.71033125,354.68545747044755,-0.7366054695748254,0.043529539760414404,0.04571756708257535
ALL_MODELS,270.5196729166667,303.33516870406874,0.7311106240179275,0.036235874087820405,0.04063148110841591
