Model,MAE,RMSE,R2,MAE / Mean,RMSE / Mean
M12,183.06302916666667,192.2648172360163,-1.9262635363837726,0.06811858817327669,0.07154261548674985
M18,118.7462,143.67423312338113,0.5501159501194883,0.03531354224750009,0.0427268081107412
M24,211.39605833333334,218.19500563265075,-0.24530623383932681,0.07675035398765581,0.07921880877380517
M36,228.23376249999993,239.34007454938367,-2.726245641557121,0.07766024839436857,0.08143935163944832
ALL_MODELS,185.3597625,201.55692556863895,0.5821885475252607,0.06313746620398952,0.06865456345343544
