Model,MAE,RMSE,R2,MAE / Mean,RMSE / Mean
M12,55.48752499999998,64.20530125735333,0.9168024243644447,0.030364607702305205,0.03513526301791002
M18,65.45802083333335,74.0293465572297,0.8793309124409827,0.033962999394673135,0.03841024553297978
M24,201.68624999999997,205.303319861301,-0.6368388592556298,0.09483307864111906,0.0965338285465151
M36,95.66092916666666,107.02463587613639,-0.34573447083293507,0.04340906993892869,0.04856569912509734
ALL_MODELS,104.57318124999999,125.70440594081137,0.7127714365858766,0.05173581971099338,0.06219013713548417
