Model,MAE,RMSE,R2,MAE / Mean,RMSE / Mean
M18,131.5479750000001,143.85282931016113,-0.7882420630623121,0.022578821123094103,0.02469081945993554
M24,240.74847083333339,281.3111343755396,0.12233190161257501,0.03507216182585208,0.04098131794599503
M36,233.23088124999995,307.8797884402494,-0.1888681993315593,0.035288999810868735,0.046583753136842675
ALL_MODELS,209.68955208333333,268.98397679239963,0.6672612460025293,0.032373393608689426,0.041527696867177694
