Model,MAE,RMSE,R2,MAE / Mean,RMSE / Mean
M18,69.40732916666667,74.31618673355813,0.2046012210274316,0.02954551081943952,0.03163512737859871
M24,160.88099583333334,187.71476160957062,0.09058417774936522,0.05715133066903494,0.06668375190393272
M36,90.05580000000002,103.63881748689776,0.6300695715445306,0.038055766454202916,0.0437956759461483
ALL_MODELS,102.59998125,124.74146896373317,0.7594736843756482,0.041467103667778116,0.05041587105738433
