Model,MAE,RMSE,R2,MAE / Mean,RMSE / Mean
M12,82.44349999999999,99.80239957886367,0.6986351197030254,0.02093603783766625,0.025344227426940587
M18,324.51101666666676,359.230307965264,-1.5925443220816948,0.06921671169569857,0.0766221773121786
M24,174.75570416666656,213.12971340154462,0.431884385794031,0.040697253946844925,0.04963382518059977
M36,187.68868750000001,238.85552646977754,-0.05323310796309788,0.04055576213198884,0.05161189011681517
ALL_MODELS,192.3497270833333,245.70468574199836,0.5808667406856283,0.043844973833923766,0.056006918650646886
