Model,MAE,RMSE,R2,MAE / Mean,RMSE / Mean
M36,171.43174583333328,215.7384480759002,0.8952796154931502,0.02143868263223439,0.02697953110952153
M48,264.41313333333323,292.8968876042357,0.28592843137195056,0.033404652289033575,0.037003149441239225
ALL_MODELS,217.92243958333324,257.2271999093857,0.7669662392791836,0.027391242104932375,0.03233156035772777
