Model,MAE,RMSE,R2,MAE / Mean,RMSE / Mean
M12,49.41330416666665,55.058363740780386,0.7997202106121158,0.0276689601269219,0.030829909003026745
M18,98.05174166666667,111.45774485026824,0.03067801420426297,0.0461302373904691,0.052437337078910046
M24,199.4587,205.89825718086468,-10.743160083651896,0.09821318397242568,0.10138401289142103
M36,189.05928333333335,210.25082804039874,-2.1265246325137617,0.08909485548224946,0.0990814458248816
ALL_MODELS,133.99575729166665,159.72926728272938,0.1642817159346699,0.06646374552425041,0.07922792174938913
