Model,MAE,RMSE,R2,MAE / Mean,RMSE / Mean
M36,204.003875,248.09665212722965,0.8988376152742044,0.021510509019656086,0.026159725021543102
M48,192.13434375,236.9024159739551,0.7736183913765675,0.020434298571751434,0.02519557204556801
ALL_MODELS,198.069109375,242.56411883359468,0.8631164407840742,0.02097472229882522,0.02568656489771672
