Model,MAE,RMSE,R2,MAE / Mean,RMSE / Mean
M36,305.0661166666667,357.2048277172526,0.3622281059414906,0.07352134920595073,0.0860868495118624
M48,378.50195,411.50099604659886,-1.55849664203271,0.08771432930361901,0.09536155329186176
ALL_MODELS,341.78403333333335,385.3104973212221,-0.06047495519038448,0.08075685323790233,0.09104130166562224
