Model,MAE,RMSE,R2,MAE / Mean,RMSE / Mean
M18,312.1796416666667,332.5929198294704,0.2770218269530976,0.04518340007236763,0.04813792109460433
M24,177.69641666666675,200.02821976765347,0.8253864260690035,0.02052109267109677,0.023100058581296802
M36,201.16881249999994,251.0227564803869,0.6335836684063221,0.024872696221997257,0.031036683515468177
ALL_MODELS,223.05342083333335,262.98963266929957,0.8822583375365166,0.02810630849156409,0.033138553617653534
