Model,MAE,RMSE,R2,MAE / Mean,RMSE / Mean
M36,271.7401041666667,355.0886846755974,0.8106687855463577,0.027371139645320574,0.03576646150384892
M48,499.34522916666657,529.4544027185949,-0.9968482570044663,0.045895876975631786,0.04866327484880946
ALL_MODELS,385.5426666666667,450.7826186438148,0.6773191152848924,0.03705726881068022,0.04332794815861157
