Model,MAE,RMSE,R2,MAE / Mean,RMSE / Mean
M12,42.042554166666605,48.462234678832566,0.8865341724799608,0.009099463422552473,0.01048890441068449
M18,87.35543333333332,95.46966568505324,0.7294690707996918,0.01683730253700298,0.01840127835107879
M24,76.5440499999999,81.99337263350915,0.7238307908752522,0.016103377484024208,0.017249808844784924
M36,146.56790416666672,164.70357946737607,0.4733806834681733,0.02826086366192658,0.031757740075656994
ALL_MODELS,88.12748541666663,106.43451919051664,0.8836639579209703,0.017850336952531253,0.021558450487367126
