Model,MAE,RMSE,R2,MAE / Mean,RMSE / Mean
M36,315.0893208333334,352.92497501558904,0.6381975132756506,0.05073527651609182,0.0568275248094554
M48,198.62517499999998,227.97013709967584,0.4633491417455008,0.03087877935975333,0.03544082246429038
ALL_MODELS,256.85724791666667,297.09124978615506,0.6209765599214374,0.04063272759030943,0.04699741946134167
