Model,MAE,RMSE,R2,MAE / Mean,RMSE / Mean
M12,101.44225833333326,118.17369395267288,0.9411474664757827,0.016066349028277284,0.018716261291874148
M18,119.62442083333322,143.8137907754285,0.9220132424333873,0.01737664158914422,0.02089038910677386
M24,266.3588041666667,297.515904540209,0.08706646645973704,0.035834429041498264,0.040026131680979724
M36,193.6318416666667,224.82504649096973,0.5910336178803167,0.02470043318574899,0.028679560094733596
ALL_MODELS,170.26433124999997,208.39232432101724,0.914997432837142,0.023921579124529843,0.029278436878657166
