Model,MAE,RMSE,R2,MAE / Mean,RMSE / Mean
M36,212.89508125,251.06781780766886,0.8867450669503628,0.027903512594716365,0.03290669739850667
M48,122.51258958333324,152.41307860887935,0.7113839146487555,0.015117273566255944,0.018806803547634334
ALL_MODELS,167.70383541666664,207.68340770237427,0.8849217594171657,0.021317606696821072,0.02639959421235015
