Model,MAE,RMSE,R2,MAE / Mean,RMSE / Mean
M18,79.40077083333328,95.29416434610725,0.8013504386595609,0.017561361877027417,0.02107656244753183
M24,73.56242083333343,99.59447803512803,0.8818339701342977,0.01369579932975457,0.018542429273924604
M36,151.77801666666673,171.68071244676977,0.5824671305078934,0.029619436911755753,0.03350344234929746
ALL_MODELS,114.12980625000004,139.59635728232075,0.882543541102313,0.022666117897741974,0.027723761182293187
