Model,MAE,RMSE,R2,MAE / Mean,RMSE / Mean
M24,95.33960833333335,99.80412184654084,0.5080002177391644,0.03430973594637958,0.035916374388103044
M36,187.87828958333338,214.25091944583295,-0.029857206096927325,0.05660583058720147,0.06455163753193348
M48,64.56161666666662,80.68167676932082,0.6200485746599934,0.021024991519329128,0.026274614196828902
ALL_MODELS,133.9144510416667,164.52758786191293,0.6664423799409487,0.04289509047290151,0.05270100210789896
