Model,MAE,RMSE,R2,MAE / Mean,RMSE / Mean
M24,62.11571666666665,69.43049351337517,0.8811218847572314,0.03037195827560915,0.03394857477632231
M36,103.77458750000001,139.21023719006206,0.28882277635460685,0.048376472073576975,0.06489546539301891
M48,172.40766666666673,184.24172001667858,-1.51100428262782,0.07206172065482414,0.07700803344479773
ALL_MODELS,110.51813958333337,139.21618539275676,0.5552718477967038,0.05065016828105085,0.06380240605002434
