Model,MAE,RMSE,R2,MAE / Mean,RMSE / Mean
M36,223.27433958333344,281.88529158467736,-0.043661039597828744,0.04491631831955175,0.05670714113428798
M48,255.40070208333336,310.54083366331196,0.10425510391012927,0.048498408472323326,0.05896904775706148
ALL_MODELS,239.3375208333334,296.5593759975255,0.2264522471521052,0.046759023075874234,0.05793837362964727
