Model,MAE,RMSE,R2,MAE / Mean,RMSE / Mean
M36,203.75964999999997,234.63131526038174,0.33424375765745395,0.08174227496865857,0.09412706337232196
M48,271.12127291666667,275.487058231045,-2.072250629839527,0.11691931342425387,0.11880203039449949
ALL_MODELS,237.44046145833332,255.8759204708523,-0.06891677365872861,0.0986953545264033,0.10635830359549794
