Model,MAE,RMSE,R2,MAE / Mean,RMSE / Mean
M36,493.8886916666667,521.3060968143745,0.022300363675212487,0.07024944053291611,0.07414922079715162
M48,254.1092770833333,320.91599285930954,0.07501688099643977,0.035226497753081565,0.04448773626505221
ALL_MODELS,373.998984375,432.8666775398139,0.07710889448754177,0.05251288912355422,0.060778453398519464
