Model,MAE,RMSE,R2,MAE / Mean,RMSE / Mean
M36,178.16377708333334,191.14515644832974,-0.07954272495014458,0.08575271791992138,0.09200083738124908
M48,107.41417708333336,136.237187612338,0.4115207141690964,0.04698097845895904,0.05958763126359731
ALL_MODELS,142.78897708333332,165.97747154685757,0.3678597388721794,0.06543980694224975,0.07606703204022669
