Model,MAE,RMSE,R2,MAE / Mean,RMSE / Mean
M12,188.33540000000005,196.77768480077765,-0.0895751851617883,0.03546166024650292,0.03705125750389261
M18,415.3492250000001,461.617425891543,-0.47645109915914374,0.06647138599006436,0.07387602588201934
M24,875.1034291666666,881.4779373469586,-2.8511009067166615,0.17543734953848722,0.17671528627429317
M36,490.7609833333333,523.3221473412759,-4.454205414869523,0.09986149254743695,0.10648713424949233
ALL_MODELS,492.387259375,570.6753738005568,0.16519554783105295,0.0917689504143944,0.10635994145643463
