Model,MAE,RMSE,R2,MAE / Mean,RMSE / Mean
M18,268.2287375000001,282.3967586473101,-0.8326503448311999,0.06838136093731745,0.0719933101149918
M24,99.0162458333333,110.84056141563764,0.7712541682455838,0.020363761707670285,0.02279556007416903
M36,450.82969375,480.60206487687213,-8.318872437499378,0.09978201465387258,0.10637152553402651
ALL_MODELS,317.2260927083334,372.1526060896481,0.08315673859300654,0.07120192677731824,0.08353027451983994
