Model,MAE,RMSE,R2,MAE / Mean,RMSE / Mean
M12,100.43694166666667,118.34762260257212,0.6279763773534228,0.016023549197654786,0.01888099061689333
M18,244.18137916666672,272.737489178915,0.26641987376017473,0.033698007567219454,0.037638865033776246
M24,259.5993541666666,280.22496212389564,-0.2769602422051336,0.0356370196020111,0.03846844111087688
M36,153.76408333333345,180.6134460937387,0.6500870611786056,0.022125920329999778,0.025989415942692093
ALL_MODELS,189.49543958333336,223.34902288038683,0.7916574861352006,0.027316339594479544,0.03219643581138949
