Model,MAE,RMSE,R2,MAE / Mean,RMSE / Mean
M12,148.65669166666655,170.4299002670256,0.5564776291853777,0.025244899027779724,0.028942428190202898
M18,173.07623333333325,193.22589878190922,0.12470260669605027,0.028482882141583683,0.031798880734289346
M24,414.53451250000006,445.17380677774094,-0.28914991441702864,0.07219235396560483,0.07752827343926989
M36,323.28071249999994,377.9858992223293,-3.6201234745536466,0.05230938418597124,0.061161117427630744
ALL_MODELS,264.88703749999996,319.153433757575,-0.0013845905797851277,0.044356066674109004,0.05344312473962351
