Model,MAE,RMSE,R2,MAE / Mean,RMSE / Mean
M12,133.56572916666684,167.35484672850978,-0.2444696356653402,0.01675488182226824,0.020993489099446143
M18,113.76093749999988,137.25924758057428,0.9543725323317369,0.011816044472527081,0.014256751124942799
M24,168.27235416666676,211.14183904390848,0.8606560214395458,0.017730687839979636,0.022247802121665196
M36,161.21216666666683,205.003587079999,0.6437663547868694,0.017540300023120566,0.022304919644396782
ALL_MODELS,144.20279687500008,182.65752973831854,0.9483110181549267,0.015898509888141128,0.020138184595721545
