Model,MAE,RMSE,R2,MAE / Mean,RMSE / Mean
M18,87.33327916666663,112.30019961653927,0.4170129002600288,0.013737587662380216,0.01766490221660927
M24,174.88431249999996,200.28180314596418,0.6012501760036707,0.023108646699333806,0.02646458886474228
M36,136.02665624999995,166.97842767383338,0.7543732186204274,0.019024263711801583,0.023353081887205432
ALL_MODELS,133.56772604166662,164.6873751401155,0.9029017761818091,0.018928660401646258,0.023338807126905177
