Model,MAE,RMSE,R2,MAE / Mean,RMSE / Mean
M24,152.7069458333333,164.73756879385084,-0.40012496216008775,0.028925422243970194,0.031204237048967833
M36,207.23737291666671,248.62901310288973,0.4216828502009927,0.03303958781034627,0.03963860376629978
M48,129.5505333333333,166.76657822235646,0.49630855120821615,0.020754512746230195,0.02671667174426473
ALL_MODELS,174.18305625000002,211.29501324992023,0.823818450212942,0.028950693920233802,0.035119014370091385
