Model,MAE,RMSE,R2,MAE / Mean,RMSE / Mean
M36,107.03367916666669,124.62569361958768,0.7424797062400985,0.04124943075070254,0.0480291713668423
M48,55.65205833333334,70.44827319126898,0.6858213317915443,0.02178784552016639,0.027580580834231157
ALL_MODELS,81.34286875000002,101.22875753903878,0.7335937315906462,0.03159521514838867,0.03931929648903612
