Model,MAE,RMSE,R2,MAE / Mean,RMSE / Mean
M36,167.77676458333332,198.025210609983,-1.077511811973809,0.04458837465534233,0.0526272055836158
M48,206.69226249999997,227.32972243451982,0.62384528666531,0.062167371184730764,0.0683745538655982
ALL_MODELS,187.23451354166664,213.18159716458166,0.6395913311768991,0.05283467018221473,0.06015653397471463
