Model,MAE,RMSE,R2,MAE / Mean,RMSE / Mean
M18,145.88805833333336,170.37386972119825,-0.27372734359800965,0.03884478343835982,0.04536448115413107
M24,450.7206458333333,508.1290467654825,-3.2941312075960525,0.0985585668078903,0.11111199601267896
M36,281.9763354166667,326.3326214786408,-2.0100654785881122,0.07254615772180803,0.08395803070700256
ALL_MODELS,290.14034375,353.627043413261,0.11439809483187158,0.07207336593696631,0.0878440101632072
