Model,MAE,RMSE,R2,MAE / Mean,RMSE / Mean
M24,233.7283625,239.64475760183637,0.31145886054387983,0.05947286577608143,0.060978309822350224
M36,148.41884374999998,176.10713029405153,0.3174120675074522,0.035639589680479054,0.04228833553008096
M48,115.10603333333329,133.26545489055536,0.46193650571627987,0.025696417907671118,0.02975035037135562
ALL_MODELS,161.41802083333332,185.21388581451018,0.6186951501111733,0.03857445484417007,0.04426101025140142
