Model,MAE,RMSE,R2,MAE / Mean,RMSE / Mean
M36,228.56603958333335,277.7714124953455,0.24737608151972845,0.03774376846994065,0.045869193428318855
M48,281.05759375,312.1161993509299,-0.9739079672776279,0.043929835101498546,0.04878435407864797
ALL_MODELS,254.8118166666667,295.4432936258063,0.1702831705145299,0.04092177866849122,0.04744703455672539
