Model,MAE,RMSE,R2,MAE / Mean,RMSE / Mean
M18,62.13946666666667,74.33575093036214,0.8949370092691015,0.02916490075290897,0.03488917614801391
M24,96.97143333333332,120.99816267089898,0.11730325252569918,0.04383880349608197,0.054700796867495016
M36,256.0909854166667,267.09720619552263,-0.8423931784579994,0.1206541680980752,0.1258396158006408
ALL_MODELS,167.82321770833332,201.7722691247618,-0.06914251482278866,0.07816941398517253,0.09398234792132679
