Model,MAE,RMSE,R2,MAE / Mean,RMSE / Mean
M18,35.974154166666644,44.66426494101576,0.9750100727571542,0.008436468013171904,0.010474426744294729
M24,59.969283333333316,73.14376049707973,0.9645480055844521,0.013513824023736416,0.016482636657464234
M36,146.90313333333333,191.7991627320653,0.5738028883038336,0.030659378233836253,0.040029391761116286
ALL_MODELS,97.43742604166665,142.23110060023612,0.8678942475101473,0.021315658156196446,0.03111483587710711
