Model,MAE,RMSE,R2,MAE / Mean,RMSE / Mean
M36,395.6263208333333,420.5906160485232,0.3074501942166512,0.05801858604992209,0.061679599066111986
M48,573.1585604166667,599.5537959079536,-2.2179274686897723,0.078541993382418,0.08215902809926308
ALL_MODELS,484.392440625,517.86157440754,-0.11364719321661387,0.06862814228094022,0.07337000916945795
