Model,MAE,RMSE,R2,MAE / Mean,RMSE / Mean
M18,54.50267500000003,63.86757953193079,0.9278219871801022,0.02103605866649514,0.02465057265392459
M24,135.2928208333333,162.06350631996213,0.4393779791666306,0.04878127037543379,0.058433726720236334
M36,362.5250291666666,382.06778698140613,-3.0469442838111416,0.11845045777260442,0.12483580615700746
ALL_MODELS,228.71138854166665,283.85526042938073,0.03887891756108697,0.07965221837679393,0.09885691016651629
