Model,MAE,RMSE,R2,MAE / Mean,RMSE / Mean
M36,179.7777520833334,226.42177376817835,0.48298814785914246,0.035181699615539866,0.04430972541828922
M48,77.01281458333335,99.8840673849887,0.8838891721182078,0.01516124641128702,0.019663830836188407
ALL_MODELS,128.39528333333337,174.99092341275463,0.6699289195084075,0.025201333881279667,0.03434709260829493
