Model,MAE,RMSE,R2,MAE / Mean,RMSE / Mean
M36,153.8781250000001,194.5539471944929,0.6922418506628282,0.03390910927270893,0.04287257240010495
M48,139.94564999999997,155.15380107926376,0.40302908199674914,0.02785981402987798,0.03088739124150676
ALL_MODELS,146.91188750000003,175.96013804026933,0.7796683193984548,0.03073095420712257,0.03680725254036697
