Model,MAE,RMSE,R2,MAE / Mean,RMSE / Mean
M18,114.41445000000003,138.62949709625596,0.4448993839323767,0.022512742984103048,0.027277413282530916
M24,158.01362083333342,184.01616996999553,0.6091696875886572,0.0264975328395752,0.030857937949132847
M36,179.77834166666662,208.8112676047599,0.5009440238399291,0.03042299344958151,0.03533609091976786
ALL_MODELS,157.99618854166667,187.27278181372247,0.8317104847430081,0.027640889566806808,0.032762728827579884
