Model,MAE,RMSE,R2,MAE / Mean,RMSE / Mean
M18,49.70017916666666,56.853287711687486,0.6595969759775275,0.0254378089612079,0.02909895086648823
M24,104.72088749999999,124.27342236916716,0.410944740939307,0.04122599074863854,0.0489233340473068
M36,300.99099375,311.9078111151604,-4.691386456623145,0.1195941202764786,0.12393174896343445
ALL_MODELS,189.10076354166662,230.89453496145947,0.3221711664514719,0.07939155645937197,0.09693814115411575
