Model,MAE,RMSE,R2,MAE / Mean,RMSE / Mean
M12,243.0473083333334,291.4151825993801,-1.7675455754310794,0.04059188737804625,0.048669916788806854
M18,222.04038333333344,268.52811380758016,0.24764516109182955,0.030370899847831184,0.036729536890295525
M24,107.0480833333334,139.54046557360763,0.6281333480750262,0.015212806650836989,0.019830360868105846
M36,187.59512083333343,223.3382089660591,0.5057407559113318,0.02658613911081981,0.031651679776939765
ALL_MODELS,189.9327239583334,237.89790545061183,0.8276345294718586,0.027736135766581037,0.034740556901668766
