Model,MAE,RMSE,R2,MAE / Mean,RMSE / Mean
M24,114.21920833333338,131.88687398434507,0.1689220914275289,0.025775601545824686,0.029762625416068316
M36,135.1879604166667,164.7038195143312,0.6934509250961587,0.02756816438030258,0.03358717711577357
M48,90.7692833333333,109.02464820532553,0.6398429273611317,0.019174583670739,0.023030943535258714
ALL_MODELS,118.84110312500002,144.51229858638007,0.7800887683814428,0.025055223962542606,0.030467472206271492
