Model,MAE,RMSE,R2,MAE / Mean,RMSE / Mean
M18,172.2103375,174.75325530724385,-17.55422018559795,0.0944135622258772,0.09580770576055035
M24,77.15575416666667,97.49377070172866,-1.8823532790033761,0.04100848411028679,0.05181819282120447
M36,145.87341458333333,167.3710807173122,-0.22814778360995458,0.07345086333501175,0.08427546863913
ALL_MODELS,135.27823020833333,154.9757181682683,-0.3729400635216096,0.07048073689751926,0.08074324154670195
