Model,MAE,RMSE,R2,MAE / Mean,RMSE / Mean
M36,244.45952708333343,294.97226066505857,0.6811393003885213,0.037899477730047496,0.04573065634805985
M48,149.28400416666668,182.8182556116172,0.7054072008222951,0.023423834959073197,0.028685622889450643
ALL_MODELS,196.87176562500008,245.38861948624455,0.6906425392382063,0.030705140514880064,0.03827208039790532
