Model,MAE,RMSE,R2,MAE / Mean,RMSE / Mean
M18,50.518829166666656,59.849753756187255,0.04498181027300874,0.0244727186484468,0.02899287669597106
M24,85.21773749999997,103.84031175919627,0.1687109590685777,0.03780524039261353,0.04606679388197028
M36,71.52513958333333,88.79778548857392,0.43626387221224205,0.031452871172838376,0.039048442599002774
ALL_MODELS,69.69671145833333,86.79702873121997,0.602971998477983,0.03144271649843042,0.039157290354128446
