Model,MAE,RMSE,R2,MAE / Mean,RMSE / Mean
M36,173.20561249999992,230.25273179702714,0.8685161508461668,0.020023770231213864,0.02661881292451181
M48,142.9913333333334,169.71166688616685,0.7474477890426647,0.01462509002731717,0.017358033868459986
ALL_MODELS,158.09847291666665,202.26019180411524,0.9290057522593868,0.01715932061205062,0.021952441501766038
