Model,MAE,RMSE,R2,MAE / Mean,RMSE / Mean
M12,77.40075416666673,89.44446252710628,0.7809672295917973,0.015405178962383083,0.017802254865077877
M18,171.86617500000008,202.28798226346768,0.12972058562199962,0.03065731316659855,0.03608392414674068
M24,481.83447499999994,484.79313254548316,-3.8278684210395753,0.08591721386381365,0.0864447801262424
M36,244.61579583333332,293.1636471597739,-0.25708547671960114,0.044341566779205276,0.05314184798853899
ALL_MODELS,243.9293,304.0929319403325,0.14982418392868369,0.04484999281778432,0.05591196225079516
