Model,MAE,RMSE,R2,MAE / Mean,RMSE / Mean
M18,185.48619583333337,232.11932258643674,-0.06035538741629054,0.030830225149418605,0.03858125907817195
M24,194.5454791666666,216.47903373182098,0.0972656465896049,0.0282243120874338,0.031406393171432304
M36,212.96276875000004,248.71683535132843,-0.014202641564562413,0.0327793672578716,0.038282656339650806
ALL_MODELS,201.48930312500002,236.88746291108822,0.6323823242974189,0.031114535203564594,0.03658081689556271
