Model,MAE,RMSE,R2,MAE / Mean,RMSE / Mean
M24,172.9687333333333,177.76630576490726,0.4052898848050287,0.03733742512277166,0.03837304004567083
M36,167.2589374999999,205.63316802142563,0.3932812673795826,0.034034630548136824,0.041843198376482385
M48,91.02016666666661,122.13184701882292,0.572587241967111,0.017463717252792048,0.023433005255955857
ALL_MODELS,149.62669374999993,181.0297262209907,0.668406502935911,0.030422299691417493,0.03680720629536895
