Model,MAE,RMSE,R2,MAE / Mean,RMSE / Mean
M18,67.76704583333331,77.68889230437267,0.8128497518107884,0.016845775632593447,0.019312183861797304
M24,105.99763749999995,122.53483868490045,0.4381619004996724,0.023610778226367802,0.027294409285234682
M36,119.18743333333327,148.67610413811875,0.5024050612714653,0.027114756957609752,0.03382333452751621
ALL_MODELS,103.03488749999997,127.72971322522456,0.763683844919032,0.023818276649232806,0.029526908018660862
