Model,MAE,RMSE,R2,MAE / Mean,RMSE / Mean
M24,87.93843750000012,102.46760021389088,0.9460285561340913,0.00963018520968987,0.011221281570442108
M36,416.5153125,462.2119771618817,0.5491566613924961,0.03744631057268723,0.04155461450704681
M48,223.92537500000026,271.59968519472756,0.7362775299239506,0.020397183066517912,0.02473979779971558
ALL_MODELS,286.2236093750001,357.6121578453606,0.8801438805197102,0.027030410540077664,0.03377220859519863
