Model,MAE,RMSE,R2,MAE / Mean,RMSE / Mean
M18,148.12484166666664,165.46879081468302,0.0769410929588884,0.020138198606469152,0.022496181836245355
M24,402.1460291666667,436.6036555645011,0.24025722936384775,0.045609223913464676,0.04951722121773249
M36,595.6110770833334,631.3400536386765,-4.015760200329988,0.06856842780599887,0.07268164840208678
ALL_MODELS,435.37325625,503.7815001175938,0.4565383176078641,0.051914549323118314,0.060071649235412486
