Model,MAE,RMSE,R2,MAE / Mean,RMSE / Mean
M24,40.80584166666665,52.89096949396624,0.6789357379449569,0.016177547615507864,0.02096871777351355
M36,139.57988125,159.65074721231795,-0.12031983568617854,0.046701433142108305,0.053416858004553584
M48,219.68923333333336,226.61343037071416,-0.9461201235952958,0.0782357455522087,0.0807015910984396
ALL_MODELS,134.913709375,162.11710555127817,0.5350345171986498,0.04772345472031128,0.05734619841086368
