Model,MAE,RMSE,R2,MAE / Mean,RMSE / Mean
M36,154.53673958333331,185.61876493327944,0.8148569556800369,0.03471061941105179,0.04169197772982791
M48,233.92374166666673,271.23043099188436,-0.30318719696469176,0.04972648426497553,0.05765697685410426
ALL_MODELS,194.230240625,232.40080958486288,0.6062170569817071,0.04242523543531928,0.05076273926382371
