Model,MAE,RMSE,R2,MAE / Mean,RMSE / Mean
M18,66.2385125,79.28282667266548,0.5395117747625495,0.023944515905530785,0.0286598963752255
M24,152.43467916666657,165.25780462085459,-0.07917684497569155,0.047222029610315824,0.051194445947627044
M36,305.878225,329.3871705934048,-2.6200586242850363,0.10243387635785199,0.11030665784211194
ALL_MODELS,207.60741041666665,250.29368994062256,-0.2187625032007965,0.06939571793675442,0.08366421156936944
