Model,MAE,RMSE,R2,MAE / Mean,RMSE / Mean
M36,128.83004791666667,157.30933936135526,0.3609994193974091,0.04237191692590207,0.05173869269535193
M48,159.97563958333333,190.19971082860565,0.54132937641356,0.05408046186676433,0.06429784081705675
ALL_MODELS,144.40284375000002,174.5310262526283,0.49646456784673265,0.04814581618512769,0.05819095033272665
