Model,MAE,RMSE,R2,MAE / Mean,RMSE / Mean
M24,114.29234166666663,135.4359053089043,0.7331474797390816,0.02452844674953053,0.029066097893353335
M36,175.98454791666663,220.28664632805655,0.6067051710944005,0.03880977634637825,0.04857969394070842
M48,119.08021666666673,144.72681032501953,0.582850663292861,0.02395478144252128,0.029113980535605957
ALL_MODELS,146.33541354166667,184.6220105882701,0.7234755479333308,0.03130218096093299,0.03949195512513325
