Model,MAE,RMSE,R2,MAE / Mean,RMSE / Mean
M36,428.43445,453.59058207780197,-0.5655409900872304,0.10367126221227428,0.10975846636890643
M48,308.63104999999996,334.39631892845165,-0.023678984766590583,0.07510527612587263,0.08137524681524018
ALL_MODELS,368.53275,398.47541596852494,-0.3180991496269687,0.08942866892645085,0.09669459783419249
