Model,MAE,RMSE,R2,MAE / Mean,RMSE / Mean
M36,149.91196250000004,180.29946490596674,0.72529964308173,0.04351607230329164,0.05233688106172875
M48,139.4451145833333,163.7642779594913,-0.004781195247683501,0.040357946940006016,0.04739635418785398
ALL_MODELS,144.67853854166665,172.23042092059617,0.591084630686245,0.041934668743904904,0.049920504600953576
