Model,MAE,RMSE,R2,MAE / Mean,RMSE / Mean
M24,238.12064583333333,264.3903384167849,-0.4915335681756936,0.03235389810741804,0.03592321043724043
M36,223.0951645833334,254.84352095154196,0.6294503962448017,0.025608352404661302,0.02925264070496719
M48,257.8147916666667,301.50896904714955,0.4120403533404646,0.03129896505675495,0.036603480450051545
ALL_MODELS,235.53144166666672,269.58317353183185,0.8358495098718852,0.028531397508630967,0.03265629688863522
