Model,MAE,RMSE,R2,MAE / Mean,RMSE / Mean
M12,36.742341666666675,45.85071223070954,0.8598863996403219,0.009599566731983455,0.011979284710832016
M18,106.61434166666668,122.32383809398449,0.7290615872400625,0.02307045532413669,0.026469859473948497
M24,82.87033749999996,106.56745661064673,0.7898471633358707,0.021356041017931916,0.027462890139112225
M36,178.3696458333333,217.31125848926828,-0.3749383234913166,0.04468877162214357,0.054445212110931264
ALL_MODELS,101.14916666666666,137.51928505918573,0.865640388209193,0.024790639608060393,0.0337045884549426
