Model,MAE,RMSE,R2,MAE / Mean,RMSE / Mean
M36,321.6959875,349.15179758910136,-1.1712435337384437,0.061540391766135946,0.06679268391398228
M48,297.18072291666675,326.89897719443945,-1.1833809284447003,0.0547495804931221,0.06022457206971987
ALL_MODELS,309.43835520833335,338.20845572699056,-0.8270757845485639,0.05808106241164981,0.06348116222373855
