Model,MAE,RMSE,R2,MAE / Mean,RMSE / Mean
M12,55.290116666666655,67.41631758299815,0.5292574275986923,0.017542903980645414,0.021390404965454652
M18,50.591762500000016,65.72872884197025,0.8679698225134234,0.013323555940833082,0.01730994044032048
M24,225.70352499999998,258.52393707878224,0.11829461375133421,0.07322588171679621,0.08387393700426866
M36,70.16035416666669,90.15213036060447,0.5560875884678848,0.021790339695891305,0.02799936756589463
ALL_MODELS,100.43643958333332,144.76468692580255,0.8173033443627254,0.030318241762388252,0.043699386349028355
