Model,MAE,RMSE,R2,MAE / Mean,RMSE / Mean
M18,62.692433333333305,72.906098937526,0.8336846366272755,0.012574743844752365,0.014623383877685862
M24,50.883458333333316,60.64220447306065,0.9488377526803675,0.008935021510726095,0.01064863551284392
M36,147.95049583333335,173.3127581569024,0.6745098536563439,0.02713557348046877,0.03178726139158881
ALL_MODELS,102.36922083333332,131.40338704305407,0.874986675548179,0.018970473651597656,0.02435091789640006
