Model,MAE,RMSE,R2,MAE / Mean,RMSE / Mean
M36,218.99360208333334,255.26253363504625,0.45776054227753193,0.045629806527788024,0.053186850724195614
M48,344.73424583333326,360.95362964929205,-2.52390653617015,0.0648146454577146,0.06786410638096216
ALL_MODELS,281.8639239583333,312.6071686916196,0.33074455114148416,0.055714655424465166,0.06179152139188231
