Model,MAE,RMSE,R2,MAE / Mean,RMSE / Mean
M12,105.15437916666666,113.97034860996925,-1.83881733639359,0.051206352845693415,0.0554994088797659
M18,98.41288333333331,116.47679165056515,-0.14290425655346772,0.04669742778623538,0.05526884674694168
M24,96.21008749999999,110.44406250091605,0.3029206078451063,0.05202302805001689,0.05971966880752473
M36,197.45794999999998,216.82265924679473,-7.1002137498990585,0.09877012922050853,0.10845651983999736
ALL_MODELS,124.308825,146.42919778859422,-0.11633423199305337,0.06208036872688304,0.07312737925965929
