Model,MAE,RMSE,R2,MAE / Mean,RMSE / Mean
M18,103.59067083333338,109.2422111812497,0.04428644982888208,0.03632052270967555,0.03830204187447945
M24,73.03197083333335,89.38943265494486,0.8608585385010734,0.021480254659983582,0.026291331802089198
M36,269.48695833333335,303.9441774898456,-1.0267368342052028,0.09911632326235374,0.11178956316145944
ALL_MODELS,178.89913958333338,226.21254244299715,0.5707987780725994,0.061215073585759776,0.07740460610331493
