Model,MAE,RMSE,R2,MAE / Mean,RMSE / Mean
M12,293.7226541666666,327.5086642623399,-0.6800694951980628,0.0765185040053839,0.08532019128472046
M18,321.1540833333333,362.029988909624,0.027922057243832676,0.06790145622087337,0.07654382963916888
M24,295.3438041666667,310.45199736396245,-0.40677363027042324,0.06401209485880452,0.06728660775681232
M36,297.67187500000006,352.3704761205527,-2.1177053148132803,0.06476055150658111,0.07666060613957418
ALL_MODELS,301.97310416666664,338.700838921866,0.43158288326682803,0.0679405514099295,0.07620387856349167
