Model,MAE,RMSE,R2,MAE / Mean,RMSE / Mean
M36,102.13956041666664,128.39957156278712,0.6025994222977233,0.053345870691155976,0.06706105757109354
M48,103.00012291666663,114.24539877944481,0.5501870024744466,0.049571423271669905,0.054983497682993446
ALL_MODELS,102.56984166666662,121.52872318876237,0.6475566882143258,0.05138152881198501,0.06087882647123596
