Model,MAE,RMSE,R2,MAE / Mean,RMSE / Mean
M12,81.25377083333332,100.36038990155056,0.8557823053454547,0.029005391777724886,0.035825936423685346
M18,100.33394583333332,115.18546468080834,0.3472763624202958,0.03457903299922455,0.039697451855874664
M24,90.38635833333335,104.5026794297081,0.7148557220270128,0.0322166008257344,0.03724811100354938
M36,300.8089208333333,331.6012633787999,-3.035232970117275,0.09598497753077884,0.10581049167829391
ALL_MODELS,143.19574895833333,189.88161247032946,0.3692134993876386,0.049197946803713435,0.06523786870263057
