Model,MAE,RMSE,R2,MAE / Mean,RMSE / Mean
M24,57.40637083333329,70.8940178980656,0.9094305002043963,0.019032102056885512,0.02350370114452866
M36,147.26413958333333,180.56694929966707,0.38321416765196425,0.05086368359321595,0.06236616872618436
M48,194.60117499999998,214.33617079979953,-1.0554387295528622,0.06099792599945146,0.06718387946759294
ALL_MODELS,136.63395624999998,170.42212462414403,0.519894477355735,0.045555566437792384,0.056820988236479665
