Model,MAE,RMSE,R2,MAE / Mean,RMSE / Mean
M18,95.4412166666667,103.12624107946131,-0.19107636415531992,0.042221285851212875,0.045620986984941964
M24,66.21512083333333,80.4816187825596,0.7604713946199033,0.023459049039000913,0.028513460641572883
M36,111.06837916666666,147.55734003895458,-0.03323865232248169,0.040793032419983014,0.05419464478709184
ALL_MODELS,95.94827395833333,123.1448839373603,0.7744310191856222,0.03645263589053565,0.04678516278364996
