Model,MAE,RMSE,R2,MAE / Mean,RMSE / Mean
M36,494.8143437500001,526.3200062756647,0.3737810799213064,0.060528982497094756,0.06438296474248177
M48,658.1355354166667,677.1879533181179,-2.29647214227078,0.08344230502045744,0.0858578829377076
ALL_MODELS,576.4749395833334,606.463631689979,-0.1811016530302838,0.07178056351437062,0.07551464642182511
