Model,MAE,RMSE,R2,MAE / Mean,RMSE / Mean
M18,98.0461708333333,118.86901990682678,0.554699067359693,0.026024199292191987,0.031551166531340887
M24,296.6636375,332.23324732293935,-0.43774831071845144,0.06547119789607261,0.07332111500566023
M36,552.4842791666666,585.9799547502429,-4.1881029994967705,0.12803312637596073,0.13579543967021193
ALL_MODELS,374.9195916666666,450.34814012565556,-0.44869006382917087,0.08858613477333081,0.10640841909259219
