Model,MAE,RMSE,R2,MAE / Mean,RMSE / Mean
M18,228.60764166666664,231.1874042267946,-3.3314467027466463,0.08344105909906621,0.08438266419446833
M24,212.47903333333332,231.5927854967403,-1.093415416253293,0.06649927365195278,0.0724812786323501
M36,97.51360833333335,117.74964318800683,0.608202930319639,0.03452496588553769,0.04168959064875991
ALL_MODELS,159.0284729166667,183.58430700162552,0.42120247885369666,0.05491393680848309,0.0633932832832973
