Model,MAE,RMSE,R2,MAE / Mean,RMSE / Mean
M18,247.8894500000001,265.4097070792392,-0.963736186227568,0.05656240421364875,0.06056010505506399
M24,142.24190000000007,150.806313764005,0.7152326088830117,0.027153173618402228,0.028788071731221727
M36,810.2172041666666,838.9304203102563,-4.746215779656689,0.18360475979151716,0.19011151270391427
ALL_MODELS,502.64143958333335,612.5343576336885,-0.6954928301788104,0.10899295313989366,0.13282217358259607
