Model,MAE,RMSE,R2,MAE / Mean,RMSE / Mean
M18,105.08781666666668,130.8889864570068,-0.042180561541120376,0.02357837089943628,0.029367334551480023
M24,738.5351833333331,753.1467560239951,-6.486118857341752,0.1331994018185917,0.13583468959627176
M36,501.36061249999995,552.48712142524,-3.356329625475313,0.1036288331194612,0.11419643721379828
ALL_MODELS,461.58605624999996,546.5450579702248,-0.4052191911448526,0.09382962755922017,0.11109980151979211
