Model,MAE,RMSE,R2,MAE / Mean,RMSE / Mean
M24,94.36145833333353,120.38589782332976,0.24110498249278978,0.010732497357957664,0.013692468865414193
M36,379.89337499999993,451.38101888227186,0.4872218975604098,0.03861072891853263,0.04587642561293537
M48,144.4890624999999,170.04865851907027,0.8052888581726605,0.015532004711910553,0.018279560540246913
ALL_MODELS,249.65931770833336,335.74505174062523,0.7377488426414207,0.026437917930616076,0.035554051036456924
