Model,MAE,RMSE,R2,MAE / Mean,RMSE / Mean
M18,513.1834500000001,527.5485157945848,-7.449754044253584,0.06790835649067091,0.06980925179232299
M24,210.77802083333336,256.22141325052013,0.7648154595969987,0.023271103597387068,0.028288315015238215
M36,118.18053125000006,154.1944496013036,0.8466141570627953,0.013495838953957283,0.017608513326202155
ALL_MODELS,240.0806333333334,312.8532825866068,0.7992209459683294,0.028138742850166352,0.03666808915949608
