Model,MAE,RMSE,R2,MAE / Mean,RMSE / Mean
M18,137.29503333333332,161.40113068255593,0.2841666207869833,0.03567726455748284,0.04194143589490182
M24,159.62445416666665,183.09271065127888,0.6661585331661737,0.032601646682381774,0.037394795765691935
M36,357.98158125000026,422.32594175737046,-0.4968065356696558,0.06970583589240154,0.08223490908791882
ALL_MODELS,253.22066250000012,322.6033430707671,0.7237570682393375,0.05326569232387332,0.06786053809751967
