Model,MAE,RMSE,R2,MAE / Mean,RMSE / Mean
M12,302.56044583333323,317.56020151686124,-2.1608919322124263,0.04108828651939703,0.04312528199495649
M18,126.29369999999994,159.36834671973241,0.5686648671157895,0.014980644587334608,0.01890387692085532
M24,161.9736916666666,196.132459500153,0.7878637171647738,0.021486552694269866,0.026017869832709702
M36,409.11388333333315,457.27369926932425,-3.2067626992356955,0.05247881175206706,0.05865648016538721
ALL_MODELS,249.98543020833324,305.69998742093605,0.6173401120098622,0.03212324439584032,0.03928259098757944
