Model,MAE,RMSE,R2,MAE / Mean,RMSE / Mean
M36,453.14132916666676,513.6383821776712,0.38339675090787073,0.09374974160485156,0.10626588772214966
M48,381.8641708333333,423.64834209900437,-0.15413056377756695,0.08157057946570422,0.09049615909051437
ALL_MODELS,417.50275000000005,470.7984204568504,0.254888411246022,0.08775752108531343,0.09896007226341455
