Model,MAE,RMSE,R2,MAE / Mean,RMSE / Mean
M24,149.89872500000004,160.80509319148086,0.037305143724526646,0.02749510409342424,0.02949559961936001
M36,273.4923020833333,382.2258899982861,0.6434170958348631,0.048751942259557174,0.06813447536679268
M48,187.39624583333315,225.66600190438047,-0.07739082631215788,0.03290684329133556,0.03962702522575714
ALL_MODELS,221.06989374999998,303.71725518226344,0.6008456021745214,0.03953618869133668,0.05431686108864754
