Model,MAE,RMSE,R2,MAE / Mean,RMSE / Mean
M36,178.3678041666667,212.86734411242685,-0.4884199766942279,0.04041127804288621,0.04822754571301496
M48,224.46171041666662,283.5741494682126,0.4465619805982569,0.04943909043353767,0.062458973488832115
ALL_MODELS,201.4147572916667,250.7257510070501,0.3156816375438227,0.04498888227068506,0.0560032017810443
