Model,MAE,RMSE,R2,MAE / Mean,RMSE / Mean
M18,465.28417500000006,485.65333973719106,-5.1977421524021015,0.10506388611858572,0.1096633625660255
M24,238.58993333333333,280.53365132589863,-6.28467060990294,0.05260112437993754,0.06184831555963226
M36,566.6209687500001,591.1805681721806,-3.6053283425976437,0.1335996035897965,0.13939034012813173
ALL_MODELS,459.27901145833334,503.3754126625805,-2.8322310323935973,0.10529821648201794,0.11540813286016705
