Model,MAE,RMSE,R2,MAE / Mean,RMSE / Mean
M12,73.45977499999988,88.82753406503045,0.7806302914742607,0.015617278766941245,0.01888440798618771
M18,198.8337625,234.13302748021349,-0.4400582413675511,0.038110532284470706,0.04487635394741144
M24,390.098275,395.9237145157785,-5.232341691194066,0.07511941941540362,0.07624119734242683
M36,254.40050416666665,275.7601743412297,-0.2905091649529561,0.047708294394349024,0.05171392101915573
ALL_MODELS,229.19807916666664,271.80317641346727,0.24425878630880604,0.04483859421742922,0.05317353608949547
