Model,MAE,RMSE,R2,MAE / Mean,RMSE / Mean
M18,86.48317083333332,101.14069856399094,0.6063561777232191,0.023483578661537587,0.02746367331035563
M24,217.34157916666672,257.27211705216837,-0.44072755210488146,0.0490000084544353,0.05800241241911492
M36,234.40422708333332,308.7250491472222,-0.5889868701674263,0.06157560760705978,0.081098932051261
ALL_MODELS,193.15830104166665,258.3799020146625,0.5045206136110884,0.04911285507319308,0.06569624299363974
