Model,MAE,RMSE,R2,MAE / Mean,RMSE / Mean
M18,349.1320333333333,357.42057358891753,0.12198471491729834,0.042983542544077886,0.04400398979236592
M24,111.4032291666665,156.04135588178866,0.935749422409556,0.010768842713237914,0.015083807092677703
M36,258.2863541666665,328.0968793392368,0.4503850727756543,0.026556903158918406,0.03373479438922657
ALL_MODELS,244.2769927083332,303.06496648175505,0.898735675176855,0.025768323123327698,0.031969756533669375
