Model,MAE,RMSE,R2,MAE / Mean,RMSE / Mean
M18,129.05879583333333,141.02996514774054,0.45172839384343255,0.031013808675104136,0.03389057156706357
M24,132.84101666666675,156.00206720157064,0.036610188152268575,0.02909458295309365,0.03416727151704413
M36,99.55556666666668,119.56729123938436,0.675136455145368,0.02158639767994435,0.025925492512627723
ALL_MODELS,115.25273645833336,134.9247663601681,0.7515165430547868,0.025681511097287543,0.030064985796066482
