Model,MAE,RMSE,R2,MAE / Mean,RMSE / Mean
M18,334.17417083333333,339.0576729066009,-15.359382238954474,0.12715912132166413,0.1290173793404113
M24,85.02769583333334,114.63529375361634,0.7446641916921254,0.025667124080246528,0.03460470473664288
M36,330.54006875000005,366.305599889082,-1.8331499671044278,0.12425539831464197,0.1377002443038965
ALL_MODELS,270.07050104166666,314.82572208724383,0.18060175503703102,0.09593091262279614,0.11182827713679318
