Model,MAE,RMSE,R2,MAE / Mean,RMSE / Mean
M24,180.97518333333332,192.81497859017378,-0.481996690157092,0.06286043186291536,0.06697289982291552
M36,103.19519166666664,133.8615841583076,0.541319097044739,0.030143184362981346,0.03910079864416755
M48,47.10763333333333,56.82832922472149,0.8897708564038259,0.014970249728555917,0.018059372121942162
ALL_MODELS,108.61829999999999,138.06241559340637,0.7737366123347632,0.03375138956322464,0.0429006748654037
