Model,MAE,RMSE,R2,MAE / Mean,RMSE / Mean
M36,239.49064166666665,263.55995435450177,0.7208710405895828,0.0489745480881883,0.05389659307281323
M48,128.24052708333326,150.9110061348761,0.7779575548605153,0.025541787725260258,0.030057088595695634
ALL_MODELS,183.86558437499994,214.75332513373067,0.7437607838977267,0.037103648544113806,0.0433367230008117
