Model,MAE,RMSE,R2,MAE / Mean,RMSE / Mean
M12,123.40334583333335,131.52530272066633,-0.009635903691800118,0.04704365429824005,0.050139895566681365
M18,83.01522083333333,102.65845867273715,0.7213599283273426,0.025386594207515194,0.03139362403824737
M24,240.53001249999997,252.84535234260863,-0.8056936621428641,0.0880659084668192,0.09257495737944481
M36,85.37956666666669,102.57805202181007,0.37168046293262136,0.029612694191944743,0.03557774540115094
ALL_MODELS,133.08203645833333,159.9145813791476,0.7054708040508252,0.04625856494221244,0.05558540615096519
