Model,MAE,RMSE,R2,MAE / Mean,RMSE / Mean
M18,31.547716666666656,44.273057679558335,0.891690016429699,0.01686855742452935,0.023672794570778657
M24,101.574775,121.933769963715,-3.726243880937667,0.05380969892283242,0.06459496907842927
M36,75.51785833333332,97.9956142730335,0.7520318373660906,0.041547069813288706,0.053913481095116254
ALL_MODELS,71.03955208333333,94.91341939810196,0.6488119891543861,0.03843524989291913,0.05135197063852763
