Model,MAE,RMSE,R2,MAE / Mean,RMSE / Mean
M24,170.45374999999999,194.157994844038,0.48925627079151224,0.03725866826962485,0.042440065541471186
M36,168.74859999999998,221.97748326111065,0.604243217668476,0.03155567987471122,0.041509383788556925
M48,195.58921666666666,217.10249113855767,0.6064810507838045,0.036431618651434246,0.04043880997241233
ALL_MODELS,175.88504166666667,214.1137692736611,0.7960030489752739,0.03408817520370176,0.04149726213988086
