Model,MAE,RMSE,R2,MAE / Mean,RMSE / Mean
M36,314.26625000000007,385.54917099776327,-0.637007545795687,0.06454099707347129,0.07918040170411526
M48,334.2927625,382.14908769133433,-1.869823129778276,0.06612021015328828,0.0755857763688151
ALL_MODELS,324.27950625,383.85289401044093,-0.8522193682129544,0.0653454475613135,0.07735005966575076
