Model,MAE,RMSE,R2,MAE / Mean,RMSE / Mean
M12,94.64397499999997,119.87542576428733,0.7299031893950645,0.023971373091170037,0.03036198083880764
M18,86.03807916666672,99.98376904958337,0.8871646691642149,0.01784914381045408,0.020742265398791575
M24,431.46073750000005,460.74275917691637,-1.7013944972504715,0.09874184895585011,0.10544317936727371
M36,176.5075208333334,204.02296405133853,0.19228888528740407,0.040150325093831755,0.04640928780028173
ALL_MODELS,197.16257812499998,263.75942247139784,0.573547668244202,0.04497770435005774,0.06017010649931371
