Model,MAE,RMSE,R2,MAE / Mean,RMSE / Mean
M18,45.81098333333333,59.73004836318429,0.7245831832415234,0.016885210553797953,0.022015559798452298
M24,107.89462083333332,114.51535136561203,0.6227514232221615,0.03229169347798977,0.034273206544141274
M36,100.96337500000003,125.98638455390396,0.47994258881711505,0.03204402361855896,0.03998589272854784
ALL_MODELS,88.90808854166669,110.03020331003012,0.8492940645027351,0.028782449981621435,0.03562036790110943
