Model,MAE,RMSE,R2,MAE / Mean,RMSE / Mean
M24,300.53785416666665,314.7035718624558,-2.7378308392783577,0.03978021332568567,0.04165523593610675
M36,650.2269375,728.1010786345046,-0.2762967092609492,0.078836090791521,0.08827786028264044
M48,575.4857291666667,586.2477780519105,-4.21437793370842,0.0712793521118038,0.07261233368381699
ALL_MODELS,544.1193645833333,612.9818832623131,-0.2066269775095373,0.06775176495460988,0.07632627540838391
