Model,MAE,RMSE,R2,MAE / Mean,RMSE / Mean
M24,242.5258958333333,270.09564620359413,0.09508874333040729,0.06427648637307301,0.07158328005749215
M36,385.16973750000005,458.71150933867233,-0.5174515498547967,0.08779089238483712,0.10455310693259638
M48,236.6342708333333,280.7027996197587,-0.9784151437215953,0.056009768533585795,0.06644049814959228
ALL_MODELS,312.37491041666664,378.34449163825326,0.11991709983779064,0.07449581265246703,0.09022837439018724
