Model,MAE,RMSE,R2,MAE / Mean,RMSE / Mean
M24,107.95164583333326,142.78652153593222,0.8520141428261421,0.015479435153818109,0.020474488220097467
M36,138.0183541666667,171.05086117351053,0.8949823591924168,0.016436422774716488,0.02037022023050731
M48,222.49707916666674,259.49886969093023,0.548538842063014,0.026861760222945487,0.0313289344825136
ALL_MODELS,151.62135833333335,191.20960247827566,0.9361911140016835,0.018922438239947378,0.023863075318357862
