Model,MAE,RMSE,R2,MAE / Mean,RMSE / Mean
M18,29.273591666666714,42.40822732744005,0.9587107989216158,0.006112407235016236,0.008854955636879453
M24,98.3386333333334,113.2860720292217,0.5650343203972606,0.020240360190386362,0.023316888029684152
M36,94.40314999999998,120.56954583340928,0.8699601003737338,0.0189100193216958,0.024151444536732694
ALL_MODELS,79.10463125000003,104.53016625096197,0.8664999029837362,0.016117316993970374,0.021297688874558494
