Model,MAE,RMSE,R2,MAE / Mean,RMSE / Mean
M36,269.1477937499999,308.6496568171768,0.4358799443622826,0.06352351124769512,0.07284663074234535
M48,242.51838124999995,272.52059804642164,-0.8275321396441933,0.05676873031044873,0.06379165263597732
ALL_MODELS,255.83308749999992,291.14608619466304,0.1931874737483158,0.06013220381311008,0.0684323359637631
