Model,MAE,RMSE,R2,MAE / Mean,RMSE / Mean
M36,374.69089583333334,429.2831531853869,0.23538648615015112,0.07788954379704295,0.08923800747013316
M48,559.7375354166667,582.0456675904849,-1.765948994226834,0.12684311713940402,0.13189840259632546
ALL_MODELS,467.214215625,511.4006182874838,-0.1818369055411484,0.10131090097171588,0.1108922966457471
