Model,MAE,RMSE,R2,MAE / Mean,RMSE / Mean
M36,241.08256458333335,299.9675805886255,0.4466121950673517,0.0606773691358219,0.07549796746028861
M48,472.9272645833334,499.47743944482477,-7.557572665695288,0.11831685638636105,0.12495917426771111
ALL_MODELS,357.00491458333335,411.98195465247755,-0.7676545181591159,0.08958366803894662,0.1033791221241269
