Model,MAE,RMSE,R2,MAE / Mean,RMSE / Mean
M18,63.841687500000035,75.2592410781643,0.7255773530735651,0.013921375419085787,0.016411097353975914
M24,157.1086625,200.6417295790736,-1.4234488443540894,0.03141178543461238,0.040115642628982214
M36,624.7406479166666,691.2522760790991,-1.4213586909274771,0.14922000726505508,0.16510638454930165
ALL_MODELS,367.6079114583333,500.39496285065,-0.12941816944924933,0.08186859748388278,0.11144111026899302
