Model,MAE,RMSE,R2,MAE / Mean,RMSE / Mean
M36,90.2701,115.82799934141751,0.6866806432750168,0.04615724055649062,0.05922559993595714
M48,184.68909583333334,205.1239771132032,-2.842398173229857,0.08894517452768665,0.09878649230386333
ALL_MODELS,137.47959791666668,166.57126315510328,0.091152403091456,0.06819177857117023,0.08262164616074937
