Model,MAE,RMSE,R2,MAE / Mean,RMSE / Mean
M18,577.8673666666667,598.3277659338963,-2.0283693816086825,0.11653782382548927,0.12066404818551439
M24,460.2010625,483.83108490060994,-0.7617823164259414,0.0792857742778384,0.08335687444448572
M36,502.4866166666666,581.1508267231809,-1.9542310964759526,0.08994826569008789,0.10402965419233735
ALL_MODELS,510.76041562499995,562.9301024562512,-0.4415003429059223,0.09313753404830014,0.10265071446497179
