Model,MAE,RMSE,R2,MAE / Mean,RMSE / Mean
M36,208.42272500000004,260.20861544548416,0.7852005585233304,0.03378869104713528,0.04218402055289458
M48,397.9168770833333,438.35128660402535,0.02626347487298042,0.07281381441255293,0.08021280591123282
ALL_MODELS,303.1698010416667,360.45830134667466,0.6581018692573902,0.052121162721146426,0.061970241475654
