Model,MAE,RMSE,R2,MAE / Mean,RMSE / Mean
M24,484.64714583333335,498.1490287801789,-0.2532003311739799,0.05369208665306462,0.05518790536445939
M36,316.9371458333333,389.433786546691,0.7148524655570713,0.0279283862724292,0.03431676394262157
M48,571.1032708333336,605.6446816904506,-0.7237979455871588,0.05050063556511873,0.0535550099500789
ALL_MODELS,422.40617708333343,479.1334061466468,0.8322176503870178,0.03926468201711919,0.04453775029055937
