Model,MAE,RMSE,R2,MAE / Mean,RMSE / Mean
M36,195.38122291666673,232.73996167387432,0.7983583658763846,0.03294561476849576,0.03924512808384025
M48,112.53229375000001,144.917960496529,0.7378404767070622,0.017390023888323697,0.02239469854298415
ALL_MODELS,153.95675833333337,193.8673580498146,0.8481135224651823,0.024828731739440127,0.031265146643521285
