Model,MAE,RMSE,R2,MAE / Mean,RMSE / Mean
M18,45.65777083333336,68.16341373072083,0.8091264748278892,0.012081039215902457,0.018036028902432114
M24,132.73074583333337,161.70429243598613,-0.5723796763059426,0.03358961059502094,0.04092182395545691
M36,387.35715,418.6675036288019,-1.8529939464754048,0.10602418470978006,0.11459419488377227
ALL_MODELS,238.27570416666666,308.77155242719255,-0.7055395889520955,0.06338050411878961,0.08213215325003528
