Model,MAE,RMSE,R2,MAE / Mean,RMSE / Mean
M24,83.13549583333337,90.82376546317373,0.07615260833327064,0.03677748101452483,0.040178617767384975
M36,137.8713375,163.4735945666443,0.08556153026190094,0.04969045284237242,0.058917807639219756
M48,64.67254583333334,86.99436327355498,0.5057718708753838,0.023786873965548953,0.03199694597200575
ALL_MODELS,105.8876791666667,131.59047064221636,0.7424298622748559,0.04022881136592993,0.04999380723688692
