Model,MAE,RMSE,R2,MAE / Mean,RMSE / Mean
M18,81.78482083333328,94.71762745278501,0.8740128449175556,0.020253376189198657,0.0234560853836065
M24,168.35779583333328,223.9992622263026,0.4955490819110475,0.040864369222678436,0.0543698526813979
M36,387.7628104166667,432.47915623615967,-4.618074478605661,0.08112228043183592,0.09047720526735063
ALL_MODELS,256.417059375,329.09859449171677,0.4081480553463882,0.057888624535840524,0.07429718216970262
