Model,MAE,RMSE,R2,MAE / Mean,RMSE / Mean
M12,100.34862500000003,106.60989896025917,0.8178456805665442,0.025485365079365087,0.027075529894668996
M18,114.43717500000007,153.22930346211803,0.6026022501423431,0.027993438111546004,0.03748270632634981
M24,150.2911833333334,176.85232248673375,-0.06711056794928916,0.03510655999377094,0.04131098399596677
M36,356.6719458333335,392.9794929422755,-3.218889288499761,0.07585940252742776,0.08358153728766428
ALL_MODELS,180.43723229166673,234.81615991979885,0.5728298722196679,0.04243522579728467,0.055224061245524696
