Model,MAE,RMSE,R2,MAE / Mean,RMSE / Mean
M24,87.18870416666671,99.21474346708128,0.1038698179693881,0.014843472863598002,0.01689085032743824
M36,220.42520208333335,258.4659879624256,0.34315732201414806,0.03468463674331085,0.04067048059045661
M48,143.2619624999999,264.07887156173854,0.37396754563002255,0.023660760687054402,0.04361455667291782
ALL_MODELS,167.82526770833334,230.86281077370677,0.5691962874767387,0.027245513456839187,0.037479313475907654
