Model,MAE,RMSE,R2,MAE / Mean,RMSE / Mean
M36,180.61856666666668,215.31881608943766,0.7264757307755606,0.03715268798772675,0.04429042340271181
M48,88.57366249999994,116.57430323505402,0.7343560705488675,0.016816852705941906,0.022133135646295668
ALL_MODELS,134.5961145833333,173.13543937752232,0.8020389460264077,0.026577754146209016,0.034187845288228415
