Model,MAE,RMSE,R2,MAE / Mean,RMSE / Mean
M24,81.61398333333325,96.81387256552297,0.838663709298613,0.027521154386556484,0.03264672822981722
M36,287.4387854166667,302.62642527331,-1.139574122627756,0.10020162027118301,0.10549605581343192
M48,85.13249583333335,103.68209017496105,0.685254465166172,0.02679826213554032,0.032637359025734364
ALL_MODELS,185.4060125,225.43757910538488,0.15719195507080852,0.062428894313733746,0.07590810357519588
