Model,MAE,RMSE,R2,MAE / Mean,RMSE / Mean
M12,286.2033791666666,300.988806004381,0.40789343726271277,0.04142371909299239,0.04356369161805056
M18,151.15250000000012,215.64268661801032,0.7970612739885394,0.017455695045255303,0.02490327964369456
M24,128.6613416666667,149.39922696811382,0.7733298378005066,0.01613072382305619,0.018730705263779235
M36,261.1487958333333,315.3340040307874,0.5490122128838058,0.03184854695034883,0.03845673421686187
ALL_MODELS,206.79150416666667,254.38734871674288,0.8898349274817543,0.02605719198490015,0.03205460500301539
