Model,MAE,RMSE,R2,MAE / Mean,RMSE / Mean
M18,89.17541666666664,100.61146467296024,-3.569827087494642,0.041078098309053554,0.046346042343737084
M24,43.98390833333332,58.61666131114801,-0.9454758377875045,0.019327214471419673,0.02575707406839416
M36,126.7046458333333,147.89557204221126,0.597962933165453,0.05749284390834151,0.06710832884014728
ALL_MODELS,96.64215416666666,119.6920843939669,0.5171137907878236,0.043658897992028343,0.05407189593474362
