Model,MAE,RMSE,R2,MAE / Mean,RMSE / Mean
M18,251.1233791666666,259.43472765637904,0.193043270433099,0.063899078668363,0.06601392561231019
M24,127.39643750000005,157.19038683957032,0.31780018630181495,0.0312367391348767,0.03854201266984418
M36,136.9739375,166.85119349290332,0.43804167530583094,0.03138035395526876,0.03822515147939251
ALL_MODELS,163.11692291666668,192.15477951961398,0.5895808421322176,0.03898044558398885,0.04591969240735573
