Model,MAE,RMSE,R2,MAE / Mean,RMSE / Mean
M24,82.50957083333329,102.2090927364158,0.8176018209847257,0.012975923280561954,0.016073981872994726
M36,218.88957083333335,290.15025461012794,0.25512457541221323,0.03343346178446304,0.04431790611278712
M48,110.25915416666673,135.8215960932592,0.1686473525550759,0.01616653755689282,0.019914581704115957
ALL_MODELS,157.6369666666667,222.07461871180027,0.5232952583657011,0.023999918801046707,0.03381042486136361
