Model,MAE,RMSE,R2,MAE / Mean,RMSE / Mean
M18,541.3377499999999,564.2355315448209,-1.1948421978892396,0.06535626216742374,0.06812073483480324
M24,491.12462500000015,522.9344534102323,0.339892841635164,0.046343077431175356,0.049344688969362414
M36,233.51070833333333,275.61454099256383,0.7306792503533113,0.02381167797924434,0.028105112366597757
ALL_MODELS,374.87094791666664,431.2043970190379,0.8110665170689557,0.038954123306265326,0.04480792482061689
