Model,MAE,RMSE,R2,MAE / Mean,RMSE / Mean
M18,356.00084166666664,386.19988894136907,-1.8928101673516684,0.07029511868032416,0.07625815405481803
M24,284.7362666666666,310.1398882186808,-1.4806956171275178,0.049685689773008176,0.05411855136215693
M36,404.9699520833333,473.95066719056643,-3.370908065597101,0.07425276730496697,0.08690064145226571
ALL_MODELS,362.669253125,416.7120031698715,-0.6604295032346736,0.06684223436852048,0.07680265459519356
