Model,MAE,RMSE,R2,MAE / Mean,RMSE / Mean
M36,410.1330458333332,446.868821466548,0.41675157888117953,0.0574136266466795,0.06255618740399696
M48,551.8185708333334,591.9747523472777,-1.3170957414011033,0.07389334557110697,0.07927061040825249
ALL_MODELS,480.9758083333333,524.4644177708925,-0.007188319637087659,0.06583636695468674,0.07178912382867893
