Model,MAE,RMSE,R2,MAE / Mean,RMSE / Mean
M24,187.4618208333333,206.87570130652824,-3.7825771407769775,0.03958091723264242,0.043679987607388865
M36,216.04924791666676,263.9825109234887,-0.20849607757959987,0.03988202679732029,0.048730359749899844
M48,84.96585,102.5478028082717,0.8441289882343083,0.016116563263177033,0.019451557907786646
ALL_MODELS,176.13154166666672,219.48071657825184,0.6191719893258071,0.033802315376603546,0.04212167980055251
