Model,MAE,RMSE,R2,MAE / Mean,RMSE / Mean
M12,208.82693749999999,221.46336928327915,0.7699677272079324,0.02338694873099052,0.024802128141253186
M18,269.4627916666666,310.605829753792,0.8880640933893417,0.02348157306144975,0.027066866781734304
M24,520.1280416666667,527.7307411732728,-2.0711519919626484,0.04331347348917256,0.04394658552533647
M36,846.4450416666668,874.5727268731715,-0.4164646545624695,0.07317625975728803,0.07560793422842632
ALL_MODELS,461.21570312500006,545.1832708321602,0.8427104923854213,0.041947409782204,0.04958423122423674
