Model,MAE,RMSE,R2,MAE / Mean,RMSE / Mean
M24,76.21004583333335,89.10832888275888,0.8868566717481755,0.016444366425116434,0.019227517785285933
M36,172.64766666666665,209.2645278324911,0.6978615570054731,0.03306516005729584,0.040077953213552994
M48,77.54326666666661,95.31245456419452,0.7821172386834778,0.014480873347494873,0.017799193177094615
ALL_MODELS,124.76216145833332,161.7158337093499,0.8532261703965456,0.02442465617939034,0.03165906706764984
