Model,MAE,RMSE,R2,MAE / Mean,RMSE / Mean
M18,43.50287083333334,50.95051399584946,0.760019424672199,0.016762497190379862,0.01963221808914342
M24,43.837116666666624,56.50000657643765,0.3254776614354534,0.016732522225933154,0.02156591691452365
M36,97.54499166666669,113.58071190565511,0.5899584327351646,0.04035405207408622,0.04698797841426087
ALL_MODELS,70.60749270833334,88.86698185148632,0.7253175560208023,0.028103649819644264,0.03537140950181469
