Model,MAE,RMSE,R2,MAE / Mean,RMSE / Mean
M18,66.99207500000007,77.99377347868871,0.8841439086706615,0.0155688412042103,0.018125616712228305
M24,73.93938333333342,89.51529990311721,0.8451293284798675,0.015328327963444466,0.018557361622496635
M36,93.1822145833333,112.70849318070577,0.6904942775015923,0.01926039961244482,0.0232964050927931
ALL_MODELS,81.82397187500003,99.37608677181903,0.9005916804798492,0.017406848082612218,0.02114080269928895
