Model,MAE,RMSE,R2,MAE / Mean,RMSE / Mean
M18,245.51984583333333,250.943447531973,0.1157232343343555,0.052855379743996844,0.05402296978702898
M24,217.8080166666667,235.81197027156335,0.5424994261387488,0.04396978954628805,0.047604320832709664
M36,434.0853395833333,459.5002831463797,-4.710749642332907,0.08161384522583147,0.08639219427666255
ALL_MODELS,332.87463541666665,367.7162355695608,0.07398150527282743,0.0657976918483744,0.07268465957270953
