Model,MAE,RMSE,R2,MAE / Mean,RMSE / Mean
M24,167.50241250000005,170.36753791125506,-2.2852254434709507,0.06984966726321827,0.0710444444228819
M36,259.13748125,280.4670035967277,-0.3174784801783168,0.09937761434905926,0.10755735367429338
M48,266.63017083333335,276.7272866401994,-6.482810476298765,0.1061954279929636,0.11021698163504905
ALL_MODELS,238.10188645833333,256.38182919146385,-0.5621952261007617,0.09407423408073225,0.1012966531771884
