Model,MAE,RMSE,R2,MAE / Mean,RMSE / Mean
M18,124.77740416666661,161.59576309708345,0.3319892249678038,0.018354116817847505,0.023769908766425613
M24,195.91472916666655,230.7791274479985,0.7637076293214705,0.023990782692994525,0.028260110509474787
M36,237.6360041666667,279.86592336757434,0.3334036827044471,0.02968308850126342,0.03495802330517717
ALL_MODELS,198.99103541666668,242.91051152706333,0.8619038108195923,0.025696052739542688,0.031367449805560034
