Model,MAE,RMSE,R2,MAE / Mean,RMSE / Mean
M18,66.08969166666665,79.39305301621691,0.6178599070501154,0.03387550135617111,0.04069438678404216
M24,56.76812499999995,74.88412955694724,0.7116703705840479,0.023641072358146775,0.031185478212159185
M36,96.23008750000002,112.42026019006948,0.439006624947346,0.03949453802349643,0.04613927261250864
ALL_MODELS,78.82949791666665,96.42032919610797,0.8513742965682178,0.03417973144480527,0.04180695101250803
