Model,MAE,RMSE,R2,MAE / Mean,RMSE / Mean
M18,217.59067083333332,220.6121378323835,-1.6130224094924688,0.08171524402647597,0.08284994301058107
M24,100.76684999999996,125.0979918791731,-0.013058025941115714,0.03530775093072486,0.04383315285933505
M36,192.22184166666662,225.76410929935807,0.14320506787807885,0.07625392275969221,0.0895600562514499
ALL_MODELS,175.70030104166665,203.8737900188749,0.27002588033416686,0.06656338727945035,0.07723680586032411
