Model,MAE,RMSE,R2,MAE / Mean,RMSE / Mean
M24,105.75329583333325,123.02138055294652,0.68335349113705,0.022235180074815793,0.025865884633592795
M36,206.89556874999994,241.84461113919346,0.7008964359320651,0.04432625567413397,0.051813898826034675
M48,119.82195416666673,148.7483944337258,0.47074027978758515,0.024224399386751142,0.03007245658745046
ALL_MODELS,159.84159687499996,196.36571543544684,0.7103611655967472,0.033584430140380206,0.041258538333828476
