Model,MAE,RMSE,R2,MAE / Mean,RMSE / Mean
M24,49.92554583333325,60.35144075781931,0.9079240598184003,0.011117108766851283,0.013438681940116194
M36,260.0928333333334,298.0892428644769,-0.6071529150346211,0.048751409693694264,0.055873399577852936
M48,139.1835041666666,167.37866905324898,0.7914460572927888,0.026009126230222987,0.03127793740872972
ALL_MODELS,177.32367916666666,228.78609479086344,0.7465350329063358,0.03457886844729909,0.04461425745012237
