Model,MAE,RMSE,R2,MAE / Mean,RMSE / Mean
M12,100.06075833333334,123.21454962608242,0.5345698876900147,0.018033974902938506,0.022206988360325152
M18,83.23560000000002,105.99643498670919,0.6513166813919723,0.013564110677304366,0.017273226546807133
M24,143.90604583333334,160.69183517261513,0.5286021297978961,0.025611374692255214,0.02859879011169848
M36,232.73057916666656,267.71087615417844,-0.9322294231459052,0.041496663496827665,0.04773377087784938
ALL_MODELS,139.9832458333333,176.00287538264166,0.6756337286079548,0.024438238054017875,0.030726535459205805
