Model,MAE,RMSE,R2,MAE / Mean,RMSE / Mean
M24,210.4470499999999,233.88045145933526,0.7374113169101223,0.03297035837848422,0.036641626966669144
M36,203.69689791666664,245.49363098729725,0.6781335107441364,0.02539037121674435,0.030600242251425706
M48,383.6327875,443.6443631247082,0.024243342399739687,0.04769154653806907,0.05515192256687401
ALL_MODELS,250.3684083333333,304.98140607986454,0.868012278684005,0.032865192826240335,0.040034095299627245
