Model,MAE,RMSE,R2,MAE / Mean,RMSE / Mean
M12,296.9708458333334,310.68157412581814,-2.434632451811418,0.06332057232207111,0.06624399451860478
M18,116.93547083333333,134.67632178117987,0.7190139549625938,0.021697576230826323,0.02498942140917489
M24,119.80798333333337,145.04730545423223,0.8217007164404584,0.025805160329184135,0.031241398681662196
M36,180.96925416666673,210.94750500700903,0.20999191495700398,0.0361345299799496,0.042120353421202
ALL_MODELS,178.67088854166673,212.24886503702416,0.7112958871117023,0.03622265530793388,0.043030051176710764
