Model,MAE,RMSE,R2,MAE / Mean,RMSE / Mean
M18,34.982437500000024,43.153048137824705,0.9654536030305861,0.00699981241089518,0.00863471111534473
M24,57.44835833333332,76.13903837953849,0.8890037283434995,0.011292893006036479,0.014967007569017567
M36,217.0328729166666,262.85780427222073,0.31396261686202454,0.04232757417173875,0.0512647372604466
ALL_MODELS,131.62413541666663,190.9501173491211,0.542519359014424,0.025885209934610524,0.037552260905446715
