Model,MAE,RMSE,R2,MAE / Mean,RMSE / Mean
M18,57.67940416666664,66.01008582074468,0.6496472698943889,0.02148508792351507,0.024588196050005003
M24,94.30122500000003,105.86080444858554,0.7282754320577645,0.030013120623806504,0.0336921720078248
M36,206.38101666666662,234.64291421776406,-0.7369830961262127,0.08253658715412877,0.09383917984430214
ALL_MODELS,141.18566562499998,177.25577263785638,0.6794740220313537,0.05215777566554555,0.06548304166532318
