Model,MAE,RMSE,R2,MAE / Mean,RMSE / Mean
M24,92.17117083333342,107.56161815629804,0.6803839354858776,0.020145419690912256,0.023509237441612582
M36,136.17548541666665,160.09160879717365,0.6849567322620062,0.027954578035522593,0.03286416315873261
M48,86.4877708333333,116.22868631705305,0.7240158579199718,0.017241519229171852,0.023170433355006837
ALL_MODELS,112.752478125,138.14598767058322,0.7823780189838693,0.02332709344424809,0.028580696556993208
