Model,MAE,RMSE,R2,MAE / Mean,RMSE / Mean
M36,87.34682500000001,107.71754441277197,0.8975243934311389,0.029534422857464885,0.03642233711247731
M48,203.88475416666665,225.5499842792576,-0.04201982502394164,0.07817542057418561,0.0864825079913438
ALL_MODELS,145.61578958333334,176.74255964918416,0.719958419278379,0.05232801709939209,0.06351363207229689
