Model,MAE,RMSE,R2,MAE / Mean,RMSE / Mean
M18,115.69999999999993,137.55734565109861,0.7290672886944345,0.041301761066158946,0.04910424047516609
M24,86.17269166666667,97.21012004941066,0.5351027877103789,0.029698506562508973,0.03350243948973054
M36,201.82815833333333,251.17986790211376,-0.05635971464024614,0.06796132951707495,0.08457946557862236
ALL_MODELS,151.38225208333333,196.56708960380632,0.3240132502031613,0.05201059416358288,0.06753480664082274
