Model,MAE,RMSE,R2,MAE / Mean,RMSE / Mean
M24,69.05102916666674,77.46390105870023,0.8840759058447198,0.015845417690535168,0.017775953277260132
M36,122.50317083333329,165.08360536296448,0.7569938123455822,0.02432327693898655,0.032777716886958824
M48,115.41299166666658,137.27432015128502,0.6641548869658174,0.023096841385521052,0.027471804976659277
ALL_MODELS,107.36759062499998,140.845738717488,0.8807420620733037,0.022106169050514404,0.02899906472715795
