Model,MAE,RMSE,R2,MAE / Mean,RMSE / Mean
M24,177.42915000000002,213.2915734094997,-0.13993939984621084,0.041040686983172384,0.04933593324686283
M36,532.9861500000001,674.4415241339854,-0.22621084853144535,0.11425161195242968,0.14457417195542757
M48,430.1202666666666,453.316378059906,-2.8970164345114138,0.10226754903903308,0.10778277267126754
ALL_MODELS,418.3804291666667,538.6863124438001,-0.15861062684021143,0.09370681467690421,0.12065234157749613
