Model,MAE,RMSE,R2,MAE / Mean,RMSE / Mean
M18,61.839183333333416,72.9680418629737,0.5861424288302786,0.01199053451396072,0.014148405221621066
M24,144.66091250000002,170.6657662009982,0.6580149084175775,0.023490905707867604,0.02771372965996344
M36,121.1606749999999,137.99826289780628,0.6899288634619074,0.020056117142344763,0.022843297349725844
ALL_MODELS,112.2053614583333,134.66456476363277,0.9164928469182613,0.01918231643468721,0.023021879349274046
