Model,MAE,RMSE,R2,MAE / Mean,RMSE / Mean
M18,148.4128708333333,166.49698332669448,0.2577023356251841,0.019374416087377475,0.021735189233601314
M24,256.62600416666675,314.9089616319301,0.11731844801413105,0.0321304625224323,0.03942769020056718
M36,149.16065624999996,183.03069041097825,0.5855276578408626,0.019193702013811438,0.023552031879254302
ALL_MODELS,175.840046875,220.16435158628016,0.47235676039852703,0.022550883832648905,0.02823532411955105
