Model,MAE,RMSE,R2,MAE / Mean,RMSE / Mean
M36,292.84366250000005,395.6998400767204,0.1988967627279662,0.04599006615582937,0.062143266709688394
M48,162.75671041666666,196.86595611478205,0.6096247028071485,0.02642011423894811,0.03195702983303642
ALL_MODELS,227.80018645833334,312.517653992322,0.3822444163763915,0.03636693157591903,0.049891566445597835
