Model,MAE,RMSE,R2,MAE / Mean,RMSE / Mean
M18,72.08412500000004,83.46789091039744,-0.7436300554144897,0.030313451665469344,0.035100653253833616
M24,53.685616666666704,64.54392965351845,0.8156263892030978,0.019094159664488224,0.022956094661812455
M36,107.30273958333332,123.89658209097635,0.02824979399140004,0.042009147261530926,0.04850565588978316
ALL_MODELS,85.09380520833335,102.26623804535936,0.7281050213373257,0.03305215472072182,0.03972227489775444
