Model,MAE,RMSE,R2,MAE / Mean,RMSE / Mean
M36,75.32580416666673,103.62929341817201,0.5324469732665014,0.027516484904755768,0.03785573774589043
M48,115.52698333333335,131.7949486396071,-0.030583085254425546,0.0443584580556911,0.05060480705458832
ALL_MODELS,95.42639375000003,118.55154773613515,0.42256085802527166,0.03572767754767756,0.04438574385815286
