Model,MAE,RMSE,R2,MAE / Mean,RMSE / Mean
M24,52.26977083333335,62.9180093385332,0.7983846064498362,0.010512209326685383,0.01265372459148445
M36,182.88659166666665,212.4759463025197,0.6337982741878816,0.0335433246213337,0.03897032349993484
M48,109.38902083333342,127.46144495045525,0.6706480266381218,0.0195857784442306,0.022821592166774287
ALL_MODELS,131.85799375000002,166.2055589941896,0.792853832168074,0.024575250346544075,0.030976834282900722
