Model,MAE,RMSE,R2,MAE / Mean,RMSE / Mean
M36,77.09693750000001,89.65998121602014,0.8983661798371033,0.032008969579545556,0.03722487175636795
M48,67.42932291666669,87.02751842118076,0.49643475225879796,0.029082905767865656,0.03753579315311195
ALL_MODELS,72.26313020833335,88.35355452443903,0.8410025415191557,0.03057381821226786,0.03738151816355143
