Model,MAE,RMSE,R2,MAE / Mean,RMSE / Mean
M36,162.83110416666668,198.12842707032962,0.7748597429129747,0.030495571526672288,0.03710617605961787
M48,76.85680625000003,99.32852398538508,0.891587555013488,0.01425529077630512,0.018423312922827326
ALL_MODELS,119.84395520833336,156.71794614924949,0.8158281394219646,0.022336114163460086,0.029208564842235957
