Model,MAE,RMSE,R2,MAE / Mean,RMSE / Mean
M24,101.90367916666662,114.20975115699952,0.6918176862217714,0.023269886109551757,0.02607999950303031
M36,187.48516666666671,223.16636651117864,0.3874444720297361,0.03614273493632352,0.04302123189220811
M48,149.11614166666664,171.25084551482755,0.5941685350809367,0.028327758736692125,0.032532712964387235
ALL_MODELS,156.49753854166667,188.39929248307334,0.8230541534190341,0.03127155875269811,0.037646212194465865
