Model,MAE,RMSE,R2,MAE / Mean,RMSE / Mean
M24,91.04986666666666,99.18073506542237,0.18588468862059337,0.03123271349960694,0.034021834368186045
M36,160.88090000000003,188.97129551693718,0.5856798121983979,0.04663777750936104,0.05478090460691499
M48,97.95288749999996,118.58039681468044,0.4250627779478586,0.030609878777620073,0.03705589150600032
ALL_MODELS,127.69113854166666,154.3684146575521,0.7635457797573144,0.03924605821748958,0.04744535805524964
