Model,MAE,RMSE,R2,MAE / Mean,RMSE / Mean
M18,198.1181541666666,209.163131862006,0.294627262588946,0.03751527251783121,0.03960672824503048
M24,172.0178750000001,211.467306988078,-0.9875301996525736,0.032126352076945836,0.03949399535985769
M36,319.6871854166666,399.182034513509,-0.45006059041938706,0.05999829877579107,0.0749177447993542
ALL_MODELS,252.37759999999994,319.04554181644727,-0.3257896840065675,0.04741275481549176,0.05993728464459183
