Model,MAE,RMSE,R2,MAE / Mean,RMSE / Mean
M18,72.10526249999998,96.88075091539297,0.5369664438681385,0.01612161409327197,0.02166102757512839
M24,113.25413749999991,142.01025926901514,-0.7733485455679148,0.022482954771042864,0.028191554910471508
M36,148.6876458333334,172.86626146302746,0.4503162390383848,0.03152819953262153,0.036655109799598525
ALL_MODELS,120.68367291666668,149.43082207161183,0.7036131307063542,0.02548494105898062,0.031555517004522006
