Model,MAE,RMSE,R2,MAE / Mean,RMSE / Mean
M18,97.02481250000005,105.74185840832898,-0.8896110951454272,0.0414326091598164,0.045155058570867504
M24,200.61541250000002,217.19266682479656,-0.4001214029087192,0.06944613376411707,0.07518460722901903
M36,123.76868749999998,139.3067881527793,0.4300171723703964,0.051547465965588145,0.058018809653134516
ALL_MODELS,136.2944,155.85791413415686,0.6795463089643373,0.054340248521496444,0.062140174417233116
