Model,MAE,RMSE,R2,MAE / Mean,RMSE / Mean
M36,70.42479999999999,84.37680771928436,0.8824447207576214,0.02707518021337263,0.03243910206104547
M48,108.37318541666666,129.7081762981673,0.26064992491641736,0.044538069470962435,0.053306099149053744
ALL_MODELS,89.39899270833332,109.41585049592572,0.7541680110490199,0.03551557548344913,0.04346768100678616
