Model,MAE,RMSE,R2,MAE / Mean,RMSE / Mean
M12,231.45581249999995,341.20529206996775,0.5624524337144483,0.02502101022021431,0.036885230955579794
M18,165.76929166666687,209.5395751551683,0.8719725621338231,0.016819622300105287,0.021260732163357273
M24,351.5190208333333,375.0241930378875,0.3629700834104913,0.03544178636094388,0.03781168739695635
M36,299.15985416666666,340.5247397219749,-0.02509643121114835,0.02810959271482991,0.03199631103435242
ALL_MODELS,261.97599479166666,322.8498600817406,0.7825656829400947,0.026417525377938,0.03255601483164752
