Model,MAE,RMSE,R2,MAE / Mean,RMSE / Mean
M12,63.79414166666671,78.51814650563806,0.8776551578679959,0.014969879541632456,0.01842500211325544
M18,131.0528708333333,153.65968949510489,0.700896186995267,0.02591193906889761,0.030381787794687205
M24,104.47435833333338,121.77739396527653,0.791272847774358,0.022640450391880677,0.026390160139836718
M36,137.9548083333333,172.30939657728084,0.5775068670063739,0.028071213341585622,0.03506172702870561
ALL_MODELS,109.31904479166667,136.28706957761412,0.8845530686826534,0.02320003426519938,0.028923273983320487
