Model,MAE,RMSE,R2,MAE / Mean,RMSE / Mean
M12,218.53917499999991,230.01519973005762,0.0018347766724131631,0.05540468806118351,0.05831412327046018
M18,86.2009625,98.88365655089534,0.6702762024991847,0.021279809709936228,0.024410694890161365
M24,84.58547083333332,122.58275497653102,0.7440520485944444,0.021729906231936796,0.031491363056204584
M36,346.65759166666663,364.1366451134381,-6.163301490335636,0.08675476746611052,0.09112908741107939
ALL_MODELS,183.9958,229.29620459780833,-0.2105749447699936,0.04633585024448595,0.05774389740348996
