Model,MAE,RMSE,R2,MAE / Mean,RMSE / Mean
M18,173.0206666666667,187.81231142985325,-12.119721411384255,0.07524273392766545,0.08167528220476332
M24,141.86818333333332,167.78023675071705,0.17161059823099223,0.053661724192277376,0.06346297371185515
M36,213.45220416666666,228.96333449695064,-1.5463259538202374,0.09444352491127805,0.1013065405895159
ALL_MODELS,185.44831458333337,205.10490563165223,0.07462414793631622,0.07838500812335167,0.08669342576770567
