Model,MAE,RMSE,R2,MAE / Mean,RMSE / Mean
M24,101.00912499999998,109.49231379677599,0.3994780019854496,0.041424062745634115,0.044903036996729845
M36,248.90077291666663,267.3133436537404,-2.412108504677051,0.08861883678495133,0.09517446367923348
M48,251.60265416666667,261.57040754175455,-2.220251979962573,0.0920539613092062,0.09570086712810202
ALL_MODELS,212.60333125,236.2839881756785,-0.2673603958906483,0.0788225608743507,0.08760215059711948
