Model,MAE,RMSE,R2,MAE / Mean,RMSE / Mean
M12,53.755137500000025,68.56918364244432,0.954475181946922,0.015207800030648456,0.019398823658466204
M18,292.77937083333336,305.9591377263331,-0.8406331444558812,0.07830506379896363,0.08183004742220977
M24,466.0581333333333,497.5697008757576,-0.38572671675575765,0.1289248977051372,0.13764189099710902
M36,205.310625,259.62471143500574,-1.8918529643924331,0.05360882336941739,0.06779081841310056
ALL_MODELS,254.47581666666665,321.4394674433016,-0.014566871530412806,0.0691584760589058,0.08735707779527055
