Model,MAE,RMSE,R2,MAE / Mean,RMSE / Mean
M12,66.83416249999993,82.02252145007941,0.8958784904048047,0.011527023492127359,0.014146590549983871
M18,144.01764166666666,160.34467682979846,0.7804408268519547,0.023726949716835418,0.026416833663395662
M24,201.36839583333335,238.4363064469184,0.5376336549970211,0.03216233761912368,0.038082783332841146
M36,205.17129999999977,240.9459587248489,-0.8340157998410951,0.03243985980815849,0.03809623042977478
ALL_MODELS,154.34787499999993,191.92767952445433,0.7077063620814248,0.02524757192221971,0.0313947172428412
