Model,MAE,RMSE,R2,MAE / Mean,RMSE / Mean
M12,29.122829166666662,36.8960127828254,0.9664293091548343,0.014239831717056471,0.01804058973978913
M18,54.79940833333334,71.46886401307916,0.7959188833135522,0.025969745078293152,0.033869493045710165
M24,177.21259999999998,187.20221663527386,-0.2970593428320458,0.08128396911551104,0.08586601175840097
M36,169.21748333333332,194.0596205345366,-1.7857481467624616,0.07072831069313827,0.0811116491262431
ALL_MODELS,107.58808020833334,140.68841505056375,0.5458159937209734,0.049307329892920734,0.06447712497125674
