Model,MAE,RMSE,R2,MAE / Mean,RMSE / Mean
M18,53.07404166666669,66.1752349447662,0.9066736154381371,0.012913392133008926,0.016101030400186424
M24,231.6936916666667,261.8287944756061,-0.13115631503399228,0.04822681826854695,0.05449941082907969
M36,267.2195354166667,297.3661122356472,-0.060749077144738095,0.05730686751078984,0.06377198571771796
ALL_MODELS,204.8017010416667,249.8933216138595,0.5520423833410283,0.04491224335486701,0.05480066628350096
