Model,MAE,RMSE,R2,MAE / Mean,RMSE / Mean
M24,212.9215333333334,220.8027005640047,-1.9295852713515278,0.05666071761209918,0.05875798125622159
M36,234.72955625000006,273.35193786471615,0.578164317575552,0.05469718625751862,0.06369705672393368
M48,142.14560833333334,182.9574284145108,0.10384655573843338,0.03529339237127694,0.04542657619875916
ALL_MODELS,206.13156354166668,240.66045430086749,0.6162083396173991,0.050373513000269834,0.05881152946732057
