Model,MAE,RMSE,R2,MAE / Mean,RMSE / Mean
M18,91.3398708333333,105.33291830004796,0.8925717517170664,0.025840850848136917,0.02979960674738782
M24,323.4142666666666,331.90299654998086,-1.1660213266039108,0.0864984944558979,0.08876884066640152
M36,408.1329625,508.2259619085499,-1.2954692850106837,0.10964316128815609,0.13653271416999896
ALL_MODELS,307.75501562499994,399.3250178464288,-0.5657964965961557,0.08363807672926774,0.10852390631141588
