Model,MAE,RMSE,R2,MAE / Mean,RMSE / Mean
M36,108.74858124999999,118.26809825484867,0.881294383620264,0.03565381131920822,0.03877483652468298
M48,92.25827708333334,105.37188792231599,0.43810270081969716,0.030542145482885384,0.03488341244247079
ALL_MODELS,100.50342916666666,112.00575393508063,0.8182181149204669,0.03311037168967635,0.03689975730104682
