Model,MAE,RMSE,R2,MAE / Mean,RMSE / Mean
M18,71.64319999999991,81.36987374769498,0.8609137385420149,0.018128531213427918,0.02058976003399875
M24,145.36400833333337,166.95791829075281,0.6103470063031285,0.030034144577690935,0.034495734630791135
M36,138.52156250000016,184.37769929255515,0.54956388734837,0.030322675532206023,0.04036068500904179
ALL_MODELS,123.5125833333334,160.06738801714835,0.8523340733433942,0.027556830171840806,0.03571255420781311
