Model,MAE,RMSE,R2,MAE / Mean,RMSE / Mean
M36,221.3843770833333,248.53169549619105,-0.49791610922328666,0.04794507304704067,0.05382435044449585
M48,237.5002166666666,265.84111471092086,-0.756567118009736,0.05082528778678364,0.056890268776913756
ALL_MODELS,229.44229687499993,257.33198590241017,-0.5955760166505748,0.04939377063076314,0.05539779395839622
