Model,MAE,RMSE,R2,MAE / Mean,RMSE / Mean
M12,242.31553750000012,263.06020223188864,-0.40372288782008847,0.053573580647241464,0.058160021865497284
M18,120.37496666666664,172.18391414324483,0.5263050918917251,0.022834869622264196,0.03266291438650834
M24,210.02660416666666,243.4240180399497,0.4462818795483806,0.04523348379338813,0.05242629341468459
M36,194.85516250000003,243.20969699363434,-0.47569979940916496,0.0381813156218873,0.04765624930885537
ALL_MODELS,191.89306770833335,233.05266548487472,0.6634844139947516,0.03927975662490298,0.04770496449066495
