Model,MAE,RMSE,R2,MAE / Mean,RMSE / Mean
M36,170.51135624999998,218.4620679427576,0.6741426688989842,0.047005738062693106,0.06022455611282214
M48,120.34087708333334,164.61351915179043,0.32302620272312854,0.035990916227919875,0.049231745034337145
ALL_MODELS,145.42611666666664,193.42089573952825,0.6700392528545438,0.04172254873540477,0.0554921834806021
