Model,MAE,RMSE,R2,MAE / Mean,RMSE / Mean
M36,208.88088749999994,273.4449208863284,0.5963893612797089,0.044319958448447334,0.05801903504273959
M48,256.53855625,303.36153779974825,-0.20062064292298132,0.05555788982133189,0.06569822150508896
ALL_MODELS,232.70972187499993,288.79088227882,0.3740387375654167,0.04988140019872058,0.061902414117572746
