Model,MAE,RMSE,R2,MAE / Mean,RMSE / Mean
M18,37.66663333333336,49.02895979630305,0.9359671998194036,0.009142571653957408,0.011900473665641226
M24,203.74179583333338,236.35781261815833,-0.8496895955005892,0.043846478241766136,0.05086564416420047
M36,337.3958645833333,364.1130696507288,-1.9062463959241915,0.06847346468511512,0.0738956402056317
ALL_MODELS,229.05003958333336,284.3525582201173,0.45529374808682144,0.049201420855019086,0.06108075734734481
