Model,MAE,RMSE,R2,MAE / Mean,RMSE / Mean
M24,62.091116666666686,70.93341756027272,0.20668169557846305,0.022211757340885385,0.025374899708548893
M36,208.21890833333336,231.71465878633646,-0.3240043251362297,0.06190006069539583,0.06888496130200387
M48,86.86326249999996,122.76677203560106,0.33893355325712704,0.027838186868214765,0.039344646318512234
ALL_MODELS,141.34804895833332,178.52632595485596,0.6110884600217468,0.044718749732236135,0.05648096418610058
