Model,MAE,RMSE,R2,MAE / Mean,RMSE / Mean
M18,192.7307291666666,235.27694599189277,0.7449829382661406,0.022712279900617693,0.02772612273421828
M24,157.56914583333332,184.73188800272698,0.9206723852133449,0.016773307105124258,0.019664793340040218
M36,902.8669791666667,912.0517959790865,-4.730800730448887,0.09244115457549172,0.09338155342747781
ALL_MODELS,539.0084583333334,662.0343776681235,0.13809622996607196,0.05762690549799094,0.07077995146174287
