Model,MAE,RMSE,R2,MAE / Mean,RMSE / Mean
M18,122.5249791666666,135.39468577985397,0.9261667906607974,0.01989068777986714,0.021979954130308142
M24,156.76272916666665,194.5011882919388,0.9113604182183415,0.022613406461307283,0.02805727133888223
M36,146.07833333333335,192.32437046583243,0.6848337719315363,0.019260484165593093,0.02535804186348529
ALL_MODELS,142.86109374999998,180.3744439593364,0.9430721549480495,0.020220305722567382,0.025529878749062002
