Model,MAE,RMSE,R2,MAE / Mean,RMSE / Mean
M18,148.29727083333322,178.99234994787363,0.4053489503689577,0.028637339780983703,0.034564794853270096
M24,137.79685000000003,159.41243006906907,0.7175117102598433,0.02259613003730579,0.02614068463396369
M36,235.9674854166668,279.3250868624985,-0.21021033702229297,0.03792419239268736,0.044892533882675716
ALL_MODELS,189.5072729166667,231.02791633365032,0.7940275048759242,0.031956202782008114,0.03895773934707726
