Model,MAE,RMSE,R2,MAE / Mean,RMSE / Mean
M24,69.35930000000002,88.45253807940821,0.8901284514636683,0.017176292382937455,0.0219045846204449
M36,330.4496145833333,392.78890697786625,0.020977564028001328,0.07435058241732485,0.08837681362616344
M48,273.2330916666668,309.7358802692089,-0.5646511810645314,0.05703148492807572,0.06465065076673752
ALL_MODELS,250.87290520833335,321.06324061957196,0.4366968320682163,0.056636978254172445,0.07248312352457584
