Model,MAE,RMSE,R2,MAE / Mean,RMSE / Mean
M24,98.54269583333333,122.81089889794495,0.38254028719416444,0.021321127077999352,0.026571901243650418
M36,190.11157083333333,223.3031967488496,0.6409609713836903,0.039398639990328825,0.04627725823753446
M48,116.70508333333332,152.14256467691192,-0.21998410723272865,0.025125334146647766,0.03275463815502508
ALL_MODELS,148.8677302083333,185.7138337813721,0.6149422775163004,0.03147739098449841,0.03926832866320657
