Model,MAE,RMSE,R2,MAE / Mean,RMSE / Mean
M36,110.95833125000003,140.06639325290456,0.9062975467489514,0.025096952176310104,0.03168071773769028
M48,359.96490833333337,393.7716067293541,-0.5529998079551783,0.07354822007023519,0.08045562253063318
ALL_MODELS,235.46161979166672,295.52890957154636,0.5852121086704671,0.05055287917484827,0.06344913991275355
