Model,MAE,RMSE,R2,MAE / Mean,RMSE / Mean
M12,221.1536666666666,259.1004024054509,0.7749608003655184,0.024848144940427416,0.02911172331046006
M18,151.5926249999999,181.40606042740586,0.945771655973025,0.015068100492023251,0.01803151537472351
M24,450.33812500000005,543.245473805159,-0.26784326127530567,0.04415241981935611,0.053261318313679085
M36,178.7061041666665,215.9942749147483,0.43297110700641717,0.016834582172155263,0.02034722533247227
ALL_MODELS,250.4476302083333,332.3440795667187,0.8444015264622413,0.025185961819282683,0.03342177880409231
