Model,MAE,RMSE,R2,MAE / Mean,RMSE / Mean
M24,146.36642916666668,157.75887560725255,0.16339095129802028,0.037828521122968736,0.040772908051540054
M36,325.1655666666666,377.7593680083173,-0.9232705570115258,0.07328397259823738,0.08513726547875251
M48,214.8060041666666,223.85694033564621,-0.8845064959496733,0.050250446911582654,0.05236776941950727
ALL_MODELS,252.87589166666666,300.168316451532,0.1424085977620385,0.059437130692182066,0.07055296310373323
