Model,MAE,RMSE,R2,MAE / Mean,RMSE / Mean
M12,39.692795833333356,48.96178767495209,0.952919808537608,0.009022115202485137,0.011128943669724308
M18,105.60929166666672,120.04433598046188,0.848710727026291,0.019956718580224565,0.02268447209998807
M24,174.73181666666667,212.1053086152352,0.6681510709732112,0.03523499668114639,0.04277143102889205
M36,143.5028833333333,175.39361076267863,0.6113419869984722,0.027582563429010755,0.033712252196824444
ALL_MODELS,115.884196875,152.11794757066906,0.8903409526421909,0.023348303478671496,0.030648665652519502
