Model,MAE,RMSE,R2,MAE / Mean,RMSE / Mean
M36,69.92017708333333,84.2999993880746,0.48130136215903985,0.02626870455452674,0.03167114086729007
M48,187.8031479166667,215.84657054944677,0.49770296222502763,0.07972681129939506,0.09163189749861539
ALL_MODELS,128.8616625,163.85394703025415,0.6497690030487473,0.05136680742927613,0.06531542415596164
