Model,MAE,RMSE,R2,MAE / Mean,RMSE / Mean
M12,68.47142916666668,80.72745124714136,0.04523201418281675,0.036983262816761946,0.04360307039499916
M18,158.53428749999998,184.53506757410295,-0.051165006572239324,0.06262464447955757,0.07289554318550383
M24,76.38681666666669,91.5399059366779,-0.011295953650661383,0.034423335899506184,0.04125199959592673
M36,69.1598833333333,88.68756906355303,0.48005006256038596,0.028592248329084254,0.036665431983829544
ALL_MODELS,93.13810416666665,119.17964573988364,0.8278853603607131,0.04129930392288186,0.052846645901499914
