Model,MAE,RMSE,R2,MAE / Mean,RMSE / Mean
M12,354.28266666666656,362.481775646504,-1.150242413177832,0.0766078691065041,0.07838079317706928
M18,415.9481333333333,429.4069685508493,-0.6963138081766624,0.07455770802058359,0.07697017204200655
M24,305.388,375.1124479626631,-4.013929428074683,0.05860167905972655,0.07198128049175594
M36,289.9833416666667,342.9774555251932,-0.09167025674038265,0.0560860050931597,0.0663356564100045
ALL_MODELS,341.4005354166666,378.8556010972222,0.25407926829322947,0.0663394031276693,0.07361750155924665
