Model,MAE,RMSE,R2,MAE / Mean,RMSE / Mean
M24,71.54202916666672,87.4727803598521,0.6412453257943698,0.022941780016568256,0.028050382520996904
M36,370.3586270833334,420.4181895132277,-2.9117034403281754,0.09708488941073673,0.11020737860649298
M48,184.66785833333333,202.89456486964067,-1.1656078186788252,0.052211537827203544,0.05736481347773928
ALL_MODELS,249.23178541666667,317.14373709119815,0.1168841675433403,0.06978879645780223,0.0888052046761299
