Model,MAE,RMSE,R2,MAE / Mean,RMSE / Mean
M18,306.5498333333332,311.8997162406196,0.5644266497474486,0.034096135843320434,0.03469117884944189
M24,312.4431250000002,325.3276914057196,0.8536086424413103,0.027646470009180316,0.02878655839716137
M36,681.917020833333,713.4465603243859,-0.3278597436433275,0.059761256351410295,0.06252441496836943
ALL_MODELS,495.70674999999983,552.5241009819729,0.7958570850234675,0.04599086133113756,0.05126228220691643
