Model,MAE,RMSE,R2,MAE / Mean,RMSE / Mean
M18,79.07693333333343,87.84958875120024,0.8509079630642725,0.01814610228804729,0.020159198849080726
M24,75.08666666666666,92.40045532546998,0.911352035399713,0.014456308109452335,0.01778970236578194
M36,148.91046041666658,181.1878101545045,0.5356426772694562,0.030156662967947702,0.036693323688886614
ALL_MODELS,112.99613020833333,143.10262007147068,0.8768895149186433,0.023265042476027478,0.02946373940643196
