Model,MAE,RMSE,R2,MAE / Mean,RMSE / Mean
M24,150.0001208333334,172.31887897198882,0.0796870197687668,0.028983663693159877,0.033296189418779244
M36,324.8247604166666,371.52494143032783,-1.0900075612040645,0.061688032395776034,0.0705569445918905
M48,267.15281666666664,302.5066453906812,-6.75291872059743,0.04851333277846295,0.054933373859373254
ALL_MODELS,266.70061458333333,315.14505817373345,-0.6777774280242821,0.05028924222187304,0.05942395817229418
