Model,MAE,RMSE,R2,MAE / Mean,RMSE / Mean
M18,124.53061249999996,134.43586193694279,0.6547384877979892,0.027228981532939144,0.02939479320432775
M24,161.97079166666677,185.12011947266168,0.710913287291653,0.03097523446775622,0.03540230338051013
M36,399.75318124999995,437.57544800862706,-2.6712825236762368,0.07391430161787364,0.08090763291376772
ALL_MODELS,271.5019416666667,329.8814199861075,0.41746277497192097,0.05266981853453503,0.06399510228886214
