Model,MAE,RMSE,R2,MAE / Mean,RMSE / Mean
M36,180.4752479166667,224.09641385859322,0.8373132661530446,0.026708881057649028,0.03316446178790436
M48,130.59688124999997,164.89047357112594,0.7420993631164097,0.01834993662493377,0.023168468581522716
ALL_MODELS,155.5360645833333,196.7334122344144,0.8383536004929877,0.022420993184265093,0.02835971519943988
