Model,MAE,RMSE,R2,MAE / Mean,RMSE / Mean
M36,288.49867500000005,371.8904150695998,0.35083302664613314,0.06739868686819525,0.0868805571968714
M48,297.42132916666674,338.8348257813152,-0.9098132459558994,0.07183041826625544,0.0818322187155816
ALL_MODELS,292.9600020833334,355.74676385238797,0.10543571294657827,0.06957774682592303,0.08448954838013033
