Model,MAE,RMSE,R2,MAE / Mean,RMSE / Mean
M36,208.6489645833333,255.52875331868927,0.622372031756723,0.03733778086798319,0.0457269299942851
M48,196.56326666666666,249.59880817953473,0.16349954143207968,0.036960285182646165,0.04693269138230405
ALL_MODELS,202.606115625,252.58118379765318,0.55042604177705,0.03715370425553862,0.046318081635310204
