Model,MAE,RMSE,R2,MAE / Mean,RMSE / Mean
M12,189.44030833333338,210.71776159588453,0.2680245730808225,0.03324583491766358,0.03697992247726775
M18,176.01886666666664,198.80973193225054,-1.5772893525673788,0.030259389146753763,0.03417736495311166
M24,429.3875666666666,454.0470841158978,-0.9593778262464849,0.07956410185142292,0.08413342921497156
M36,629.9849916666666,656.5236386082846,-18.657424130860772,0.10695991595806391,0.11146569226077639
ALL_MODELS,356.2079333333333,424.59078157932373,-1.0910200298030137,0.0624875952956999,0.07448362162328885
