Model,MAE,RMSE,R2,MAE / Mean,RMSE / Mean
M36,102.33401458333333,123.9096054295454,0.7794251490372222,0.03886378539611206,0.04705763116533755
M48,100.78673541666664,114.2001256045892,0.2555918634035187,0.03601241141615054,0.040805190187442546
ALL_MODELS,101.56037499999998,119.15380607813076,0.7183715578285168,0.03739465417850855,0.043872577000082666
