Model,MAE,RMSE,R2,MAE / Mean,RMSE / Mean
M18,71.26205,87.29031778334586,0.8187385771308776,0.015623359824609483,0.01913736756006486
M24,197.66717916666664,235.35487520966518,-0.2157370799897953,0.0390862242838193,0.04653849707127586
M36,476.68474375000005,531.2796381305633,-0.9395341052543427,0.1062333967861902,0.11840035021458072
ALL_MODELS,305.57467916666667,396.08320610951154,-0.03658205223257549,0.06574060946695172,0.08521239861978708
