Model,MAE,RMSE,R2,MAE / Mean,RMSE / Mean
M18,96.33248333333336,99.74121622372321,-1.7177050212198375,0.03482526360185577,0.03605755843479781
M24,73.25087083333335,86.61381875914539,0.7233994069983081,0.022496044684444907,0.026599934102209774
M36,119.99899375,138.13999475024949,0.15008626970811545,0.04212430944075122,0.04849250567155909
ALL_MODELS,102.39533541666668,117.9147786677178,0.7496338031503951,0.03494808317897559,0.04024495330906595
