Model,MAE,RMSE,R2,MAE / Mean,RMSE / Mean
M24,43.69014999999998,51.144986001765915,0.8286526613270329,0.012192741776067158,0.014273185316601147
M36,287.47312916666664,329.2551720160172,0.6302483900253419,0.07360175700615539,0.08429921514401063
M48,117.01830833333327,136.1173703363663,0.42061818177981636,0.033176291168548866,0.038591136512696585
ALL_MODELS,183.91367916666664,243.90658288523213,0.6861086520314843,0.04929987015851829,0.06538155792181667
