Model,MAE,RMSE,R2,MAE / Mean,RMSE / Mean
M24,40.375587499999995,54.08626729262012,0.3121862759645879,0.0188180001553579,0.025208187653374816
M36,139.04383125,179.19918606121362,0.5539110020253848,0.06213265963488089,0.08007634667639438
M48,136.39178333333334,172.3496795678677,-1.0422782261389405,0.06279788972873422,0.07935372577272043
ALL_MODELS,113.71375833333332,155.6072242272176,0.42816518066904186,0.05172799461705766,0.0707851870800518
