Model,MAE,RMSE,R2,MAE / Mean,RMSE / Mean
M12,548.2700791666666,569.0579291907068,-1.7393245556589658,0.11056897409396085,0.11476123505824835
M18,417.59769583333326,442.2661574627841,-0.4720824267966597,0.0719458500832711,0.07619585782968773
M24,589.4605291666667,598.6349426909355,-1.790797894923437,0.10648811600966497,0.10814550605251337
M36,271.3898124999999,319.9426990289504,-0.07697057342674785,0.0481415230309839,0.05675426307277976
ALL_MODELS,456.67952916666667,495.0134862011895,-0.11465345408954764,0.0832758449866846,0.0902660699909854
