Model,MAE,RMSE,R2,MAE / Mean,RMSE / Mean
M12,128.44337083333332,154.5485172400658,0.4816832535760259,0.028092195602052252,0.03380172248787128
M18,117.66150416666665,137.75643446692877,0.41238103264219295,0.025234583798757874,0.029544295851001212
M24,135.65766666666661,181.45295536109353,0.4360699066047071,0.029073913004652483,0.03888867889470942
M36,291.74785833333345,304.19405886382117,-3.209041915982503,0.06234206116725284,0.0650016241172747
ALL_MODELS,168.3776,205.13488237953646,-0.013932374153237559,0.03624791360195185,0.04416093051118434
