Model,MAE,RMSE,R2,MAE / Mean,RMSE / Mean
M36,137.86848750000004,171.65235916319602,0.7927078681882863,0.03657150736106814,0.045533142710958756
M48,112.51335208333337,144.23470935926875,0.4526762217227418,0.02607946968379982,0.03343216303164368
ALL_MODELS,125.19091979166672,158.53735173492015,0.8469042155240545,0.030972199228937534,0.039222097348061355
