Model,MAE,RMSE,R2,MAE / Mean,RMSE / Mean
M18,40.22470416666662,49.397979686694484,0.6152628883975492,0.014389520047697108,0.01767106144702143
M24,61.10494166666666,78.9551086896377,0.8084195064964361,0.017674222356131364,0.02283727157036824
M36,203.43451666666667,229.07551266966715,-0.6114066948736574,0.06366696310978393,0.07169158141630279
ALL_MODELS,127.04966979166666,168.54172376229369,0.6533739820959659,0.040195124225956454,0.053322102568160966
