Model,MAE,RMSE,R2,MAE / Mean,RMSE / Mean
M12,122.38348750000007,131.1037202811751,0.10265345381516933,0.02336138599686629,0.025025962878478334
M18,237.4798833333333,257.8244378084274,0.5158989796338227,0.03747562037268387,0.04068610199099363
M24,209.33360833333325,245.70183948308662,0.6355589630818101,0.039099457557999255,0.045892337696170835
M36,197.49389583333334,245.67366791016786,0.10863799717585909,0.033557435254803675,0.041743964642142285
ALL_MODELS,191.67271874999997,226.04566531599545,0.8241604558247672,0.033605052652341136,0.03963149546955289
