Model,MAE,RMSE,R2,MAE / Mean,RMSE / Mean
M24,105.6072708333334,122.59900180513478,0.6603695397577329,0.01595888716085608,0.018526599735064663
M36,452.7598500000001,480.09732628694985,-1.4599831618941224,0.05936714881620679,0.06295171582891092
M48,468.41413333333344,534.5804768737289,-0.5950136192616204,0.06371103302881238,0.07271060370508406
ALL_MODELS,369.88527604166666,436.403966215339,0.30264165734385917,0.050630202897310864,0.059735336294340184
