Model,MAE,RMSE,R2,MAE / Mean,RMSE / Mean
M36,151.43749999999997,170.4574959401695,0.7942270286788381,0.04426945352894962,0.049829534924866394
M48,193.89025208333337,228.72021420712315,-0.6989427639253962,0.05745428342130445,0.06777522784172554
ALL_MODELS,172.66387604166664,201.7036121505329,0.5298189257084056,0.05081712193117994,0.059363876727402815
