Model,MAE,RMSE,R2,MAE / Mean,RMSE / Mean
M36,128.85992083333335,162.10682931523377,0.6710768927805251,0.05129603748548681,0.06453083270137021
M48,110.29488333333332,143.94345476513945,-0.21682674954115,0.04362858602673347,0.05693871927155979
ALL_MODELS,119.57740208333333,153.2943937010778,0.5157201959808715,0.04745017319345585,0.06082959994090536
