Model,MAE,RMSE,R2,MAE / Mean,RMSE / Mean
M18,277.53033333333326,306.19397541636897,-1.423157441873856,0.05110467641078757,0.056382824337229874
M24,135.76681250000013,162.06104100538926,0.05410850093037245,0.0223594882246377,0.02668989476373341
M36,530.6700375,570.3328841800064,-3.4219041723102928,0.09457076166255175,0.10163908162631684
ALL_MODELS,368.65930520833336,438.91278437384335,-0.7559080903700259,0.06488957496039663,0.07725524249715619
