Model,MAE,RMSE,R2,MAE / Mean,RMSE / Mean
M36,199.21521041666665,239.58418857362406,0.42186669301551627,0.032022055341792324,0.038511005909020436
M48,165.19613541666675,194.52255207337305,0.3803703424679078,0.025443822117544392,0.029960732436760878
ALL_MODELS,182.2056729166667,218.21962180292127,0.516994187829406,0.0286627272593202,0.03432807223971455
