Model,MAE,RMSE,R2,MAE / Mean,RMSE / Mean
M18,651.5578999999999,659.3391867035805,-13.522609489282813,0.07674039161800068,0.07765687039743796
M24,276.9367833333334,322.04639096893203,-1.0309423958692574,0.03185485096981055,0.03704361575303197
M36,240.64955833333352,297.9319908751312,0.5886921058277483,0.029706765764839032,0.036777943529488474
ALL_MODELS,352.44845000000004,423.0747520925504,0.0756764657007617,0.042227358694254924,0.05068919812555596
