Model,MAE,RMSE,R2,MAE / Mean,RMSE / Mean
M12,107.08049166666666,140.98786198208697,0.49812722971565637,0.0334923082938018,0.0440977517537675
M18,96.55595,113.62227171290331,-0.3086416895552848,0.029828454478755036,0.035100651586578276
M24,403.356775,442.77602816992027,-1.014591492261467,0.14886073718688012,0.1634086001457472
M36,146.2605916666666,170.94791844480244,0.23418419331258966,0.04841195730126329,0.05658341207418849
ALL_MODELS,188.31345208333332,253.99872036981884,0.2790971868488282,0.0619197540759008,0.08351786941876493
