Model,MAE,RMSE,R2,MAE / Mean,RMSE / Mean
M12,42.68064583333332,48.471448038970166,0.657050363502244,0.020102353010440378,0.022829789483775887
M18,67.07676249999997,83.46438647184844,0.7887055643895611,0.025325126244749623,0.03151234564041661
M24,75.58090416666668,91.50450951430162,0.3042816635649481,0.03339301006977045,0.04042834683351262
M36,81.72507083333335,101.87868932928474,0.1258939436569544,0.03283944782091852,0.04093774245990647
ALL_MODELS,66.76584583333333,83.76772601220367,0.8764877225538802,0.02804170782820218,0.035182510892333464
