Model,MAE,RMSE,R2,MAE / Mean,RMSE / Mean
M36,196.31275625000004,211.44959743453404,0.876968746270661,0.034901984554697486,0.037593128051031106
M48,157.34665416666664,195.7763594444628,0.7727117582037059,0.02843892625031064,0.03538473364611827
ALL_MODELS,176.82970520833337,203.7637298104768,0.8451530300295828,0.03169707109767552,0.03652504777588608
