Model,MAE,RMSE,R2,MAE / Mean,RMSE / Mean
M12,35.35591666666662,42.33038264909929,0.3177214463750685,0.012408668821198236,0.014856458236380139
M18,72.83697500000005,86.85191315387554,0.7831923860537984,0.020722739342785353,0.02471010853635797
M24,76.57974583333329,89.78199294137201,0.6391767301409601,0.023951441975630403,0.028080638959965182
M36,223.48090000000002,240.3640983573168,-0.23239759425992945,0.07355680568317402,0.0791137644249709
ALL_MODELS,102.063384375,137.08648925893274,0.7820513371776541,0.03240203875115331,0.04352081566203208
