Model,MAE,RMSE,R2,MAE / Mean,RMSE / Mean
M12,90.64199166666668,98.63831043685141,-1.2992161368656956,0.03990402450656689,0.043424305717301964
M18,126.66468749999997,143.1733843082735,-0.21520549691010693,0.04433097821331699,0.050108805427692193
M24,199.01703750000001,230.38675104599568,-1.3103073116404897,0.07416899175453036,0.08585974976480841
M36,224.38673749999998,234.49247807877103,-3.091096942329272,0.0827829877177071,0.08651129807834389
ALL_MODELS,160.17761354166666,185.9387745960843,0.44012156597811203,0.06088908339998891,0.07068179693367477
