Model,MAE,RMSE,R2,MAE / Mean,RMSE / Mean
M18,107.54609583333324,136.44363500204483,0.8918954802127348,0.0138566521001546,0.0175799220497395
M24,117.30852083333328,146.9631747032016,0.9460685391642295,0.012001127475010118,0.015034916314826993
M36,189.8468958333334,225.23170546306773,0.6629611890612068,0.019142374896543617,0.022710246199374118
ALL_MODELS,151.13710208333333,188.19782314297578,0.9664456648197588,0.016176777234804266,0.02014352676538937
