Model,MAE,RMSE,R2,MAE / Mean,RMSE / Mean
M12,29.97143749999995,40.439487661551155,0.8538172588566477,0.01425655534634821,0.019235907320924145
M18,94.73479999999999,114.29158572463167,0.7019516032378222,0.038833032161095835,0.046849614124770025
M24,63.630245833333326,74.64348596017659,0.6134623725627709,0.033711388520971296,0.039546217727245876
M36,93.61920833333333,108.48219779623213,0.3264034142454867,0.04388743261192281,0.050855003264113824
ALL_MODELS,70.48892291666665,89.49574845316326,0.8675284214761438,0.03292913187347931,0.04180823285403247
