Model,MAE,RMSE,R2,MAE / Mean,RMSE / Mean
M24,166.58937916666667,187.24147679007424,0.660535490307948,0.04712959697287612,0.052972256586019374
M36,473.02409791666673,541.5490327488415,-1.4727352065685069,0.1286454876653031,0.1472817975225469
M48,274.2911125,310.0242171645971,-3.123589195147578,0.07162037425882609,0.08095067412229048
ALL_MODELS,346.732171875,423.59328830892156,-0.7618966021349305,0.09423083466858415,0.11511925444215713
