Model,MAE,RMSE,R2,MAE / Mean,RMSE / Mean
M36,84.04884583333332,97.2638548034246,0.8491778851870528,0.038488309482923096,0.044539830476668395
M48,173.2451,180.36506525916866,-1.2487966383800178,0.07594167047177221,0.0790626941283273
ALL_MODELS,128.64697291666667,144.89964495671796,0.48757974981726115,0.05762408618807215,0.06490405052138802
