Model,MAE,RMSE,R2,MAE / Mean,RMSE / Mean
M36,236.90526666666668,253.6066755378436,0.3575787608206117,0.10332048700708706,0.11060440147025707
M48,114.5908395833333,133.88422627215476,0.2219241429988097,0.048913831036015994,0.057149336247785044
ALL_MODELS,175.74805312499998,202.78231175555058,0.33885736217880524,0.0758249656195227,0.08748866086258081
