Model,MAE,RMSE,R2,MAE / Mean,RMSE / Mean
M36,343.2507895833333,399.7033030359172,0.3185857216545318,0.08200011894867289,0.09548621412614544
M48,376.39605000000006,389.2870934260874,-3.9237644622058445,0.09001504850257336,0.0930979392482335
ALL_MODELS,359.8234197916667,394.52957529566373,-0.1736551870444778,0.08600542852020975,0.09430093573910764
