Model,MAE,RMSE,R2,MAE / Mean,RMSE / Mean
M36,166.23666666666668,183.355100710377,0.4486132286671044,0.08239055014042623,0.09087482275419312
M48,131.8403125,151.91493444588212,-0.022374788616893238,0.06915532898403436,0.07968524247235072
ALL_MODELS,149.03848958333336,168.37048474155017,0.36814163239673936,0.07596051646607242,0.08581346345072823
