Model,MAE,RMSE,R2,MAE / Mean,RMSE / Mean
M18,135.14325,142.23235699676425,-3.787202218922628,0.05427712234549927,0.05712429619830885
M24,76.19984583333336,86.39975612068926,0.6679728560094407,0.025563984176242005,0.028985911639919235
M36,71.94791666666666,87.60180402118822,0.6130993967925433,0.027563171420818232,0.033560159249581265
ALL_MODELS,88.80973229166666,103.73417152763948,0.7874283479675304,0.033227201088121466,0.03881101865884114
