Model,MAE,RMSE,R2,MAE / Mean,RMSE / Mean
M18,85.36694999999997,100.80778788036828,0.7727142712894245,0.020884880733944948,0.024662455750548814
M24,173.21740416666663,200.2826499830208,0.34825277099683594,0.03596115758241567,0.04158009393867373
M36,269.04357708333333,300.0751354910525,-0.595107651296729,0.0571921050300706,0.06378865777792278
ALL_MODELS,199.16787708333334,239.98204300608703,0.5801065310246423,0.04350375126562838,0.052418689499742564
