Model,MAE,RMSE,R2,MAE / Mean,RMSE / Mean
M24,71.97962916666673,87.54248074760856,0.8763806664812059,0.014035562759483604,0.017070218294802656
M36,222.06004999999996,262.27951784648405,0.6703891876715431,0.04255263706300126,0.050259761411295734
M48,126.13864583333343,144.55238778695573,0.37399844602144605,0.02275706994016299,0.026079151057573878
ALL_MODELS,160.55959375,203.80147798404465,0.7286994330661893,0.030426061398037094,0.03862040341113685
