Model,MAE,RMSE,R2,MAE / Mean,RMSE / Mean
M36,151.2806791666667,185.7454896798092,0.7884600153955698,0.031005566206516687,0.038069263765561946
M48,302.99487500000004,314.44968101081236,-1.018687247227421,0.05547091961081213,0.057568013244436195
ALL_MODELS,227.13777708333336,258.24405978085326,0.6509026220816156,0.043927964527605536,0.04994385365212136
