Model,MAE,RMSE,R2,MAE / Mean,RMSE / Mean
M36,259.73228750000004,280.5812333458515,-0.8052794927624087,0.04884289833496573,0.05276356200039519
M48,323.8392208333334,393.04636961391884,-0.4058265901027116,0.06077754509162996,0.07376621457660242
ALL_MODELS,291.7857541666667,341.47567788391643,-0.5187588665083311,0.054816142244626796,0.06415110766947611
