Model,MAE,RMSE,R2,MAE / Mean,RMSE / Mean
M24,299.9872833333334,315.993441262038,-2.091014548370158,0.0775645299605697,0.08170307244283588
M36,335.8927875,384.68250806563844,0.16384742602547553,0.08856472430045154,0.10142909147770698
M48,432.8754041666666,440.6375419284704,-6.211947609923501,0.11403837169734689,0.11608325930871549
ALL_MODELS,351.162065625,384.04900803827417,-0.4138498464613798,0.09211588495200414,0.10074269889437171
