Model,MAE,RMSE,R2,MAE / Mean,RMSE / Mean
M12,111.9447083333334,140.71296970287017,0.8425015225333852,0.023197770601643998,0.029159280866796332
M18,464.20802083333336,481.8717850443116,-3.4573161344318857,0.09448885995861181,0.09808429318675135
M24,302.60824583333334,323.6477131761909,-0.2571981239208412,0.06043251121262804,0.0646342071796482
M36,298.90085833333325,340.02713218711307,-7.402530182888283,0.05855873407181863,0.06661592918125037
ALL_MODELS,294.41545833333333,343.6447474980385,-0.4845068405799047,0.05932755392482011,0.06924773041328725
