Model,MAE,RMSE,R2,MAE / Mean,RMSE / Mean
M36,173.21972916666672,221.11487779896703,0.8071420039102377,0.02579161781036933,0.0329229842802162
M48,124.27155624999993,150.8279969750746,0.6875633510037813,0.017141987999241323,0.02080517692153981
ALL_MODELS,148.74564270833332,189.26287783868926,0.8471140684889634,0.02130161721006277,0.02710402336759519
