Model,MAE,RMSE,R2,MAE / Mean,RMSE / Mean
M18,34.75675416666669,43.41259661389104,0.9405793558732761,0.007925605943999473,0.009899403497737602
M24,76.77271249999997,94.37996704844859,0.8812134143141461,0.01516285869466823,0.018640348339432067
M36,147.55072500000003,169.62592650113345,0.6090954128109195,0.028139516071357628,0.03234949529998969
ALL_MODELS,101.65772916666667,130.70782456261227,0.9092776610051582,0.02039715668734429,0.02622592497117975
