Model,MAE,RMSE,R2,MAE / Mean,RMSE / Mean
M24,173.52519583333333,195.16314352895995,-0.07176882440520393,0.03267304786487059,0.03674725563257603
M36,496.4984125000001,547.0731094928897,0.47512161415211396,0.08837112058736282,0.09737284654278666
M48,697.5120791666668,718.1669719655367,-9.271742351075867,0.14193181540705072,0.1461347339220735
ALL_MODELS,466.008525,536.7565617844583,0.2614817747988617,0.08685259906540423,0.10003830392671557
