Model,MAE,RMSE,R2,MAE / Mean,RMSE / Mean
M12,75.47927083333336,89.97290107587254,0.6006433496440797,0.016875989826908393,0.020116539898836813
M18,132.2864291666666,158.1430904864707,-1.1991512810699416,0.026261202190312326,0.0313942080108134
M24,275.07270833333325,285.8055386344883,-1.0524769608515183,0.06023599883209546,0.06258629653121152
M36,122.64720833333342,147.59029814149093,0.10231920859780652,0.025207739935429192,0.03033430522472003
ALL_MODELS,151.37140416666668,184.77828742594795,0.5468098486276538,0.031965312456693366,0.0390198910111173
