Model,MAE,RMSE,R2,MAE / Mean,RMSE / Mean
M18,88.59302500000001,96.26457274775338,0.17164254138428703,0.042141167376870486,0.04579030316016413
M24,68.6823041666667,86.5449255243363,0.8291002251873523,0.02815377376214796,0.035475895618782075
M36,142.69362083333334,165.91913481479466,0.11283942956303916,0.07098008000331621,0.08253314615227723
ALL_MODELS,110.66564270833335,133.99180077126027,0.703056139619368,0.05169781849148419,0.06259470984934787
