Model,MAE,RMSE,R2,MAE / Mean,RMSE / Mean
M18,208.88815833333334,224.8243763247512,0.5798322678509293,0.05338880748013887,0.0574618754850166
M24,431.95268749999997,442.2715010533174,-3.5227836692753662,0.10811656029034478,0.11069933071855764
M36,659.8641875,687.861123319689,-4.745514507535224,0.1712913363257801,0.17855894175190673
ALL_MODELS,490.14230520833325,545.9981526486644,-2.4867527719397615,0.12557756192987418,0.13988818369532738
