Model,MAE,RMSE,R2,MAE / Mean,RMSE / Mean
M18,36.777145833333314,43.63553415925774,0.9356316115921295,0.01333713357509821,0.01582430975857035
M24,61.114133333333335,72.16694743652847,0.783850852515543,0.021119659030367607,0.024939261018541423
M36,110.8432520833333,128.89359673711246,0.6544299811923855,0.039432256701772056,0.0458536293209024
ALL_MODELS,79.89444583333331,100.4231630443509,0.7467993744455501,0.028348537086592046,0.03563263668984494
