Model,MAE,RMSE,R2,MAE / Mean,RMSE / Mean
M18,51.212483333333324,65.63462736661319,-0.15002886588482656,0.028834504762351613,0.03695470034248385
M24,115.68127500000001,140.1945303828042,-0.01336273890104045,0.0511063156925909,0.061935917702481386
M36,137.08481041666667,148.94170719388075,-0.27143541864461884,0.06462581174252097,0.07021550163336812
ALL_MODELS,110.26584479166667,130.6997273739167,0.634845893951157,0.0532553924404711,0.06312439982037442
