Model,MAE,RMSE,R2,MAE / Mean,RMSE / Mean
M12,153.7388708333333,172.95422234526268,0.8259710572334683,0.0199721392846317,0.022468395922391547
M18,317.4138833333333,350.7953431965899,0.7370813560920602,0.03267269631453214,0.0361087851496968
M24,121.80295833333336,141.42015426395795,0.6325553407232857,0.012685110371492178,0.014728133783765567
M36,166.19993749999995,201.3339356800713,0.8664215097534779,0.017202959023923194,0.02083959535562073
ALL_MODELS,189.7889125,231.03330361872975,0.9451201839100128,0.02069909374826038,0.025197362414805927
