Model,MAE,RMSE,R2,MAE / Mean,RMSE / Mean
M18,219.82557083333322,234.55053991945144,-0.5480264775941934,0.04139094246957939,0.04416350594342543
M24,415.60453333333345,465.22648714834054,-0.4996280090967924,0.06651224485713335,0.07445361045284014
M36,535.1894333333333,569.377730354651,-1.5457720811081619,0.108091326721675,0.11499628065615836
ALL_MODELS,426.45224270833324,479.53926840471536,0.410539313714816,0.07948027486512038,0.08937439892300685
