Model,MAE,RMSE,R2,MAE / Mean,RMSE / Mean
M12,242.4134291666667,265.5161275657792,-1.1404301880885979,0.03207799777248468,0.03513512340423173
M18,233.3375,270.7679282388333,0.7373530452004371,0.025761799613579908,0.02989433378292391
M24,244.15524999999988,280.3367616287596,-0.21277415237280106,0.02737089767663461,0.03142700727319969
M36,160.90187500000025,194.17979972341365,0.8034008627003377,0.01872394431757025,0.02259645363124659
ALL_MODELS,220.2020135416667,255.00420560326162,0.8666074246182509,0.025808861581662245,0.02988786587054069
