Model,MAE,RMSE,R2,MAE / Mean,RMSE / Mean
M24,85.58177083333344,101.70155769940105,0.7290013019370543,0.01433960848104891,0.017040550868739398
M36,318.96908333333334,408.7216245987553,0.11097551662049199,0.04955853925383087,0.06350347960024424
M48,215.5330375,239.04927723569102,0.17454790149349808,0.03467879366867119,0.03846250513637152
ALL_MODELS,234.76324375000002,316.8574192814027,0.3649684102718854,0.03747854185167078,0.05058438390890757
