Model,MAE,RMSE,R2,MAE / Mean,RMSE / Mean
M36,187.36797708333333,220.26350875475597,0.2153177329637005,0.03908605817495947,0.04594825888086557
M48,378.55857499999985,428.11716977127395,0.07122338576197274,0.09041914192732951,0.10225626809556608
ALL_MODELS,282.96327604166663,340.44112878875416,0.47722723349752516,0.06301770399085048,0.07581838385685645
