Model,MAE,RMSE,R2,MAE / Mean,RMSE / Mean
M18,244.54263333333333,264.91479545082353,-2.7829237358377297,0.037116352252964425,0.04020841164154792
M24,322.7198458333334,369.0877556909293,-0.6919122823554551,0.04158292020337055,0.04755749263980277
M36,169.6626020833333,215.31321845855788,0.4846873327027207,0.023897824083855667,0.030327941187204433
ALL_MODELS,226.6469208333333,273.4616903405686,0.6922059100081134,0.031756145845799964,0.03831549658722257
