Model,MAE,RMSE,R2,MAE / Mean,RMSE / Mean
M18,105.5421166666667,124.3172592106382,0.5809463074157719,0.023606590805304712,0.02780602437121105
M24,171.24255000000005,190.65574917525004,0.37670606958606523,0.03327090005343006,0.03704271149560417
M36,123.70245625000001,155.14452114603566,0.6974438767886066,0.024379071514793193,0.03057562065302602
ALL_MODELS,131.04739479166668,158.06963695985883,0.8193253163592575,0.02651970424865879,0.031988121774816754
