Model,MAE,RMSE,R2,MAE / Mean,RMSE / Mean
M36,181.80798124999993,219.61931645750428,0.8818324173962068,0.027847110236069703,0.03363858546425833
M48,447.41731458333334,477.5778841999737,-1.2500660095885237,0.061397102538959206,0.0655359043354672
ALL_MODELS,314.6126479166666,371.6942827366227,0.6533879188945242,0.04554302615765767,0.05380610904686089
