Model,MAE,RMSE,R2,MAE / Mean,RMSE / Mean
M36,218.71422916666666,256.22832440447036,-0.436406994010893,0.05770760545728389,0.06760567480246797
M48,139.90370208333331,172.99262805492427,0.667903269005332,0.03961944872180628,0.048989929890419094
ALL_MODELS,179.308965625,218.60855837371952,0.43551947454808193,0.04898329543934733,0.05971908634387177
