Model,MAE,RMSE,R2,MAE / Mean,RMSE / Mean
M12,152.40901249999993,176.4874567613009,0.6007578685235083,0.03344289188571427,0.03872639051219402
M18,144.39162500000018,177.49930076795152,0.5180029985925216,0.030911255218182502,0.037998922632023015
M24,83.71567916666659,106.33618398741129,0.7820560841643257,0.01663073975051939,0.02112447058378683
M36,119.80147916666674,142.2354879985463,0.2831749297384363,0.022394195121191365,0.0265877290794217
ALL_MODELS,125.07944895833334,153.45369190603805,0.8464341588512246,0.02551090769642607,0.03129805097874092
