Model,MAE,RMSE,R2,MAE / Mean,RMSE / Mean
M18,94.2474958333333,108.91662305437085,0.5704419030588492,0.022045553248930337,0.02547682770781459
M24,203.58844999999997,242.471695465115,0.3839461681397691,0.03963660168893431,0.04720677432335353
M36,239.81437499999993,279.20246056754144,0.18391546724010854,0.05148026404057207,0.05993559139561359
ALL_MODELS,194.36617395833332,237.9933727298065,0.6703163866145048,0.041512938786770426,0.05083088334036688
