Model,MAE,RMSE,R2,MAE / Mean,RMSE / Mean
M36,55.65073750000001,69.0375114880641,0.9393652781757379,0.023394130526168292,0.02902158403477787
M48,68.50490833333333,87.9984677746721,0.3793167582010101,0.025823298988502857,0.03317150258516256
ALL_MODELS,62.07782291666667,79.08826816650681,0.9027366269422413,0.024674855084465055,0.03143621126194374
