Model,MAE,RMSE,R2,MAE / Mean,RMSE / Mean
M12,130.02075000000005,153.2407812656822,0.8585604365589273,0.014199636874940282,0.016735509127618765
M18,468.7592291666665,514.3619862344533,0.5853784426508388,0.040674869571819545,0.04463188221377885
M24,215.2234166666667,247.19383037894914,0.7710934067463813,0.019576220632989593,0.02248417499154768
M36,233.64987499999992,287.2699443590325,0.688424514856989,0.021015222890550335,0.025837984764430378
ALL_MODELS,261.9133177083333,328.5117199718402,0.9073475004671318,0.0244816458333739,0.030706753099967343
