Model,MAE,RMSE,R2,MAE / Mean,RMSE / Mean
M36,268.19209166666656,298.6314245845055,0.17160332403623269,0.04856865973469355,0.054081117592231956
M48,143.67156041666655,168.18841087006714,0.672714774933399,0.026734981081458255,0.031297175096388505
ALL_MODELS,205.93182604166657,242.35105663104682,0.42708804327280037,0.037800105736137644,0.044485088788872834
