Model,MAE,RMSE,R2,MAE / Mean,RMSE / Mean
M24,135.27798750000002,182.31903185269886,0.13835000516384444,0.024947722819446905,0.03362294749817328
M36,273.0939125,299.73461642064996,0.24037052209593002,0.04884090360368416,0.05360540399188947
M48,531.9028625000001,548.9683576576155,-2.946944544256054,0.09179641678351852,0.09474159985462029
ALL_MODELS,303.34216875000004,358.5694380614002,-0.2218265482703381,0.054168647460174565,0.06403073321582456
