Model,MAE,RMSE,R2,MAE / Mean,RMSE / Mean
M24,78.22755833333338,95.25398841730116,0.7539784463394855,0.017497147277285404,0.021305446566343537
M36,121.61224375000002,144.30294282948273,0.7175542894484902,0.024134301755894674,0.02863733666216773
M48,82.42560416666659,109.65800051117455,0.7702260029422464,0.015798794853569505,0.02101852053914681
ALL_MODELS,100.96941250000002,125.24463861180847,0.8865724166734248,0.02043290491900039,0.025345416290004138
