Model,MAE,RMSE,R2,MAE / Mean,RMSE / Mean
M18,260.3375083333332,286.83720482931153,-1.8261015184315688,0.04527444802724537,0.04988292392234685
M24,240.7508875000001,263.96744984878904,-0.6124264554260626,0.037510850061024704,0.04112817001461306
M36,524.5164395833334,572.5635589308202,-2.4435576206224496,0.09007409020006298,0.09832511959658036
ALL_MODELS,387.53031875000005,449.3363035313914,-0.4579321358362285,0.06509092000216954,0.07547206495113065
