Model,MAE,RMSE,R2,MAE / Mean,RMSE / Mean
M24,37.83148749999998,44.20105560141729,0.771231141303414,0.01314030565726442,0.015352697431639795
M36,273.47448333333335,310.9640945888903,0.18675107752758746,0.08641550989776371,0.09826189436855581
M48,95.1560041666666,113.5367758058686,0.03191312349177566,0.0324953983408984,0.038772359016788036
ALL_MODELS,169.9841145833333,228.16752015988618,0.36702147968201815,0.05602352040483522,0.07519966058435065
