Model,MAE,RMSE,R2,MAE / Mean,RMSE / Mean
M12,51.95432499999995,65.52150271935534,0.9236578704014078,0.012936565476313973,0.01631477668193024
M18,74.66594583333337,91.49006183681237,0.9130667682922576,0.017186315072697286,0.02105882422299744
M24,290.90685833333333,334.4507550386392,0.450202278916619,0.06900408780478162,0.07933284694380593
M36,109.16204583333335,159.5744866010293,0.5202152170352288,0.023493602654351436,0.034343251387030475
ALL_MODELS,131.67229375,193.63937038565024,0.7575528387110932,0.030580866969236575,0.04497270957406937
