Model,MAE,RMSE,R2,MAE / Mean,RMSE / Mean
M36,156.38942291666663,193.23925006971223,0.7785310843298825,0.031031828046779075,0.038343815510126736
M48,158.77812499999996,191.64040226394823,0.6953313287492695,0.032903973681483775,0.03971410263474215
ALL_MODELS,157.5837739583333,192.4414866230677,0.7626661829465673,0.03194758123612802,0.039014423075800324
