Model,MAE,RMSE,R2,MAE / Mean,RMSE / Mean
M24,237.32677083333328,257.04022012977606,0.8058056515579958,0.027922302182960844,0.03024165657518114
M36,164.38711458333333,209.4451110331957,0.9276639716605362,0.01720066508696704,0.021915313849969358
M48,196.7433750000001,229.66314640881296,0.7538414523718061,0.01913667662304504,0.0223386905152791
ALL_MODELS,190.71109375,227.23850061893944,0.9389251866018434,0.020130719133912206,0.023986409717558475
