Model,MAE,RMSE,R2,MAE / Mean,RMSE / Mean
M36,255.51619791666667,312.26856469758826,0.8466790621680733,0.03704744061427674,0.04527599894121912
M48,143.80088541666666,185.25037574066877,0.6049417291207214,0.01954912031765992,0.025184002683660174
ALL_MODELS,199.65854166666668,256.73854230554366,0.8408141711609292,0.0280165989902622,0.03602621117571629
