Model,MAE,RMSE,R2,MAE / Mean,RMSE / Mean
M12,129.80636666666666,153.82886671358204,0.6960913868853639,0.019386019999875544,0.022973676586492735
M18,98.94207083333329,121.83841076293594,0.7348250229789973,0.01406359388325594,0.017318072220639052
M24,77.60145833333338,90.76863629601094,0.7558286399177507,0.011158987417615346,0.013052410252272393
M36,144.22055000000003,168.66695387760956,0.4628114666586187,0.020868386559992288,0.024405725768029213
ALL_MODELS,112.64261145833335,137.1089030998827,0.734832703953613,0.016327185223882403,0.01987349572042895
