Model,MAE,RMSE,R2,MAE / Mean,RMSE / Mean
M18,129.6555291666667,149.10259309662845,0.8990669574633103,0.020447308175026126,0.023514204834436718
M24,179.13660416666667,213.09454360551547,0.9066330177698608,0.025959161801022843,0.030880097130924794
M36,364.7133541666667,418.2944955921296,-0.058809191492783075,0.04613947867798219,0.0529179689748095
ALL_MODELS,259.5547104166667,323.1027073037032,0.8530569708813542,0.03573800550758728,0.04448790898304052
