Model,MAE,RMSE,R2,MAE / Mean,RMSE / Mean
M24,56.68897916666666,71.90481642493594,0.7917733273393905,0.011713708254052982,0.014857774016121211
M36,182.47768958333336,225.15515835174597,0.4979736276377381,0.035528280480582805,0.04383755425573676
M48,77.3977416666667,103.04203572341648,0.7689932381328943,0.014693913745095566,0.01956246723011324
ALL_MODELS,124.76052500000003,171.1561088713526,0.6842370010689595,0.024487906129433926,0.03359439796779353
