Model,MAE,RMSE,R2,MAE / Mean,RMSE / Mean
M12,39.13574583333332,50.608885105125076,0.7014471792392645,0.020191712707182313,0.026111168874239567
M18,113.30933333333336,139.66010724954714,-0.6704745833616834,0.047669886234157806,0.058755807912583155
M24,299.5027375,306.69950498001776,-7.079338859978536,0.13389337245040514,0.13711070353954413
M36,176.62208333333334,197.8045909237553,-1.5582246706051888,0.07794299898869174,0.08729080044442636
ALL_MODELS,157.142475,197.01360825717148,-0.01687527497891428,0.0712819187843163,0.08936799565612549
