Model,MAE,RMSE,R2,MAE / Mean,RMSE / Mean
M36,136.9272479166667,185.37568661312548,0.6327670831682406,0.030915336999110997,0.041853991154296735
M48,90.71401250000004,111.43927299678181,0.8312750041479529,0.019234351974556065,0.02362878833751006
ALL_MODELS,113.82063020833336,152.94256561425107,0.7755200696460073,0.024891464700884106,0.033447051437701984
