Model,MAE,RMSE,R2,MAE / Mean,RMSE / Mean
M18,245.82972500000005,297.3719156694835,-0.21867716048313435,0.03834623518936169,0.046386145601281716
M24,99.2250958333334,116.07409778080162,0.8717976319073353,0.013729539178211724,0.016060895277278532
M36,478.5432770833334,503.48735039330836,-1.2693269186496954,0.06557651843244956,0.0689946951398137
ALL_MODELS,325.53534375000004,390.1609528184214,0.36786787973973156,0.0461214585833005,0.05527753766747756
