Model,MAE,RMSE,R2,MAE / Mean,RMSE / Mean
M36,95.99195000000007,117.40842183927869,0.8310498926599229,0.014725044261928362,0.018010304075566065
M48,217.19477083333337,276.6878036205578,0.36448265416273684,0.03282127250975948,0.04181153058111943
ALL_MODELS,156.59336041666674,212.5333834849932,0.5633776791486457,0.023841031797636993,0.03235779052344675
