Model,MAE,RMSE,R2,MAE / Mean,RMSE / Mean
M12,110.61081666666668,122.20272133496044,0.7886972264137142,0.02840605645558243,0.03138298320070891
M18,99.9601,116.19050330923136,0.7735872993364894,0.02406599121240696,0.02797355776559951
M24,250.15571249999996,285.7042720936757,0.1680062233607943,0.05645422155773082,0.06447668980082387
M36,361.8971208333334,388.70918836148104,-3.051688611651592,0.0815014769773574,0.08753972093831738
ALL_MODELS,205.65593750000002,255.51687927128262,0.4434051653566372,0.048621298540102845,0.060409451922993705
