Model,MAE,RMSE,R2,MAE / Mean,RMSE / Mean
M12,125.36501666666663,134.53289279415395,0.35479591383256814,0.03832522864494432,0.0411279319677438
M18,213.10844583333338,235.95353491998432,0.309520142005134,0.050756722935087886,0.05619781116912902
M24,84.98187500000002,100.96531109972459,0.883916105630269,0.02310205584187575,0.02744710275124189
M36,147.6911083333333,184.84402670385145,0.04002975734957259,0.03837794066695538,0.04803222868008266
ALL_MODELS,142.78661145833334,171.85348275373843,0.8256289135734907,0.038085104662728735,0.04583803628704007
