Model,MAE,RMSE,R2,MAE / Mean,RMSE / Mean
M24,121.64171666666665,131.15785764565663,0.41743226857698945,0.05599588000613778,0.06037648809835352
M36,93.00889791666668,107.91692472317442,0.7956606810267732,0.044717607876918156,0.05188521562074174
M48,47.38586249999997,57.23607936919027,0.7968695011795827,0.02308034054470916,0.027878108228691936
ALL_MODELS,88.76134375,104.60697597097571,0.7391960215731554,0.042341656480128796,0.049900468547020405
