Model,MAE,RMSE,R2,MAE / Mean,RMSE / Mean
M36,172.28586875000005,193.63792407295946,0.7326662463399705,0.031021072907601366,0.03486563467988347
M48,209.97833541666674,248.8038581651733,0.30583707267540394,0.039962412821011,0.04735156353976757
ALL_MODELS,191.1321020833334,222.93385283213593,0.6375820118437694,0.0353678848099924,0.0412526139841075
