Model,MAE,RMSE,R2,MAE / Mean,RMSE / Mean
M24,311.4035333333334,322.8034776745534,-4.604932856537526,0.05489060195657923,0.05690005188305532
M36,419.7434958333333,536.7928495702726,0.537098397563855,0.06974148658144422,0.08918954477423348
M48,318.1506125,357.0356420835945,-0.4716199617797907,0.057259952755905515,0.06425838327713737
ALL_MODELS,367.2602843750001,449.4356632534787,0.4684774120607338,0.06313964312129185,0.07726729132200559
