Model,MAE,RMSE,R2,MAE / Mean,RMSE / Mean
M12,121.83782916666667,132.32701378001485,0.46208618355535236,0.027718501701534698,0.03010482525589713
M18,190.10296250000002,211.98806106052788,0.40979498952072124,0.03665960467638906,0.04087994428068514
M24,163.61277083333337,187.5313750846653,0.7080379828162133,0.03725916841416088,0.04270609837869197
M36,275.8766416666666,317.98776892228096,-0.5273033476588205,0.05691894535951308,0.06560732483524245
ALL_MODELS,187.85755104166665,222.89774249274808,0.7316949126273458,0.03992889556547942,0.04737664593423788
