Model,MAE,RMSE,R2,MAE / Mean,RMSE / Mean
M18,195.07190833333334,237.04360824084844,-0.5780328989741732,0.04020615923670809,0.04885692225192036
M24,143.67780416666665,181.2575404372199,-2.3989699451776962,0.029531180042306468,0.03725522596703929
M36,371.94435625000006,413.95626373937625,-0.24149119727974777,0.07886303404834266,0.08777078176677708
ALL_MODELS,270.65960625,328.5435833916557,-0.2637876274116979,0.056535381662946,0.06862618747328936
