Model,MAE,RMSE,R2,MAE / Mean,RMSE / Mean
M18,168.3912458333332,180.73732265451443,0.9053620908406951,0.019655227270516582,0.021096305425254827
M24,252.96524999999997,296.4912584471997,0.8987910350019522,0.026388227981796922,0.030928670726570465
M36,281.5523541666667,325.66751350300393,0.21886949055465088,0.027180803607343408,0.031439640247430026
ALL_MODELS,246.11530104166664,288.39716747845523,0.9087852135888963,0.02532666543751534,0.029677710174619922
