Model,MAE,RMSE,R2,MAE / Mean,RMSE / Mean
M12,65.273875,81.8396216360134,-0.5664467163954932,0.04156027484480289,0.05210778689617238
M18,94.48033333333336,109.9625191007259,-2.989638306855876,0.05897495383495021,0.06863898822901561
M24,153.39480833333334,175.2058764451505,-0.07341897511717232,0.09623262756168968,0.10991585724287986
M36,85.14093750000004,112.35838049126001,-0.16429550864871212,0.0435345782644822,0.057451501625375295
ALL_MODELS,99.57248854166669,124.61037685926827,0.580915138698391,0.059248765929488786,0.07414709784852577
