Model,MAE,RMSE,R2,MAE / Mean,RMSE / Mean
M24,242.30768749999996,274.6270809415508,-1.2114151547466308,0.06389479206724165,0.0724171833499667
M36,269.9406854166666,311.79729971017395,0.06159376522506743,0.07493192130419443,0.08655075721053412
M48,425.8604708333333,430.6139713843425,-6.195339843069574,0.11537937640405042,0.1166672534597408
ALL_MODELS,302.0123822916666,337.3735089448283,-0.5614979675676117,0.08224621422512955,0.09187601408925956
