Model,MAE,RMSE,R2,MAE / Mean,RMSE / Mean
M18,287.83297916666675,303.54125016222054,-3.0214383966604332,0.06491680057887667,0.06845958674121858
M24,405.4585125000001,425.12689553848173,-0.9744360228564031,0.07844484276374661,0.08225012287824619
M36,788.1880770833333,859.7327254541451,-3.933464323955409,0.17833738421724968,0.19452525335174373
ALL_MODELS,567.4169114583334,661.6552890844778,-1.1104939753818681,0.12307141469255885,0.14351150066562707
