Model,MAE,RMSE,R2,MAE / Mean,RMSE / Mean
M24,227.89992499999997,249.7587553206177,0.047499103317387714,0.03870199538655307,0.04241406484082777
M36,423.8165645833333,515.835615640537,-1.1092710298298027,0.07172036658369939,0.08729229233180011
M48,307.16328333333337,331.18683004198454,-2.5468963836748366,0.04970145627140585,0.05358865673126149
ALL_MODELS,345.67408437499995,419.59412441640137,-0.7308548833705457,0.05788408099829756,0.07026219604527946
