Model,MAE,RMSE,R2,MAE / Mean,RMSE / Mean
M18,250.0688666666667,256.530116285707,-2.258341278071384,0.06763645051502244,0.06938403307477368
M24,198.21580833333334,214.6307645468686,-4.139726038284888,0.051776005659555945,0.05606376087423646
M36,190.21509999999998,214.6586405855847,0.6646094559109921,0.057211492020126695,0.06456343951091907
ALL_MODELS,207.17871875,225.84880429594602,0.5954880123335915,0.058462614968121975,0.06373102298454399
