Model,MAE,RMSE,R2,MAE / Mean,RMSE / Mean
M36,120.37207083333332,147.66563201115892,0.7713401894118821,0.034033453495906224,0.041750311224218815
M48,138.86274375000002,164.01557622780643,0.2163929809764522,0.041710961827284114,0.04926625568795187
ALL_MODELS,129.61740729166667,156.05487516030118,0.6780004094306149,0.03775607943684194,0.045457013731191896
