Model,MAE,RMSE,R2,MAE / Mean,RMSE / Mean
M18,81.11043333333332,86.21472520280392,0.5608190584985078,0.03772870765175594,0.04010298094556349
M24,64.56375000000003,72.97140657915838,0.7479324991782289,0.024500047433829816,0.027690506243869987
M36,232.39007500000002,243.6960796926582,-1.698969338049824,0.10386342017542227,0.10891647726445179
ALL_MODELS,152.61358333333337,181.33764331701562,0.4125942523190984,0.0659237940964723,0.07833159538531992
