Model,MAE,RMSE,R2,MAE / Mean,RMSE / Mean
M36,222.6918166666667,248.19305010538932,0.7706433624602345,0.05045339299452949,0.05623099080565595
M48,137.95987499999993,170.6312785406664,0.26034515820813386,0.03017398832605039,0.037319736675211705
ALL_MODELS,180.32584583333332,212.97279560666752,0.7169356128567168,0.04013502826168605,0.04740124262910207
