Model,MAE,RMSE,R2,MAE / Mean,RMSE / Mean
M24,87.38794583333329,104.47305922402712,0.8375681569218087,0.014443293850285786,0.017267085058719447
M36,231.76928749999993,292.77651023603096,-0.08008696609235866,0.036512277396698274,0.046123182550557904
M48,235.2672375,258.055362584862,-1.0432392852803383,0.03706868759149964,0.04065918280257537
ALL_MODELS,196.5484395833333,249.47112065047187,0.23322363721723738,0.03133166650891779,0.03976803872061562
