Model,MAE,RMSE,R2,MAE / Mean,RMSE / Mean
M36,149.06146458333333,170.46194308452021,-1.211106772052188,0.08363374244602635,0.09564088401137298
M48,205.28768125000002,211.67779125786075,-2.9095121604967504,0.12591600368018196,0.12983546494725476
ALL_MODELS,177.17457291666668,192.1779921738656,-1.0433802314234222,0.10383350630005861,0.11262628961156414
