Model,MAE,RMSE,R2,MAE / Mean,RMSE / Mean
M12,244.76115833333338,275.1673030492495,-0.9369445261418774,0.03600311228242217,0.04047570037498154
M18,174.31534166666674,207.42335509095489,0.8091149328824966,0.021345824786978936,0.025400074096550422
M24,312.450075,362.31697297801736,-0.059073291818039664,0.039490864566821327,0.045793589616310845
M36,266.2105291666667,302.2935718542993,0.022100909159631255,0.032867188126961266,0.03732211391791338
ALL_MODELS,249.43427604166672,292.14571937518167,0.8002493820016616,0.03220987467498491,0.03772527640241401
