Model,MAE,RMSE,R2,MAE / Mean,RMSE / Mean
M18,79.353675,91.53073327366151,0.718827802619495,0.02647402207456421,0.030536539778251777
M24,85.79280000000004,100.70664898553126,0.6054516720933174,0.02419140446930001,0.028396733506271005
M36,165.0081395833333,201.8741334595917,-0.3108008255468906,0.05059109908851089,0.06189412422351221
ALL_MODELS,123.79068854166667,158.13446477889573,0.627447683305581,0.03789402121750333,0.048407120391232364
