Model,MAE,RMSE,R2,MAE / Mean,RMSE / Mean
M18,245.80763333333343,275.1831947818959,0.6364769320774486,0.03851023696063713,0.04311245299801228
M24,131.3141166666666,161.48165308611166,0.9104115708165611,0.016282141786957905,0.020022730520395333
M36,297.5991291666666,353.47493437606596,0.11880275342452373,0.037143402221621276,0.04411727177951024
ALL_MODELS,243.0800020833333,296.5177791626172,0.8752362890569467,0.03190846318771775,0.03892309758032091
