Model,MAE,RMSE,R2,MAE / Mean,RMSE / Mean
M12,144.605225,157.48633739420063,-0.1382873966303957,0.06766475726262429,0.07369218361202602
M18,148.63546666666664,165.9790382965622,0.3089141710050749,0.052179495355810714,0.05826807458666706
M24,204.55561666666668,240.592846992322,-0.4690681766720439,0.08250428206507125,0.09703933059652675
M36,212.27573749999996,228.72875427717597,-1.8025097349756316,0.07890558033639995,0.08502137506818175
ALL_MODELS,177.5180114583333,201.58915439375158,0.5971552412327201,0.06992195753410604,0.07940325703887641
