Model,MAE,RMSE,R2,MAE / Mean,RMSE / Mean
M12,29.522120833333332,37.61361686259713,0.9445760123471522,0.013447415969177626,0.01713311705863332
M18,107.95750000000002,134.00204910232404,0.17538990152120926,0.04097317983427162,0.05085788440849796
M24,184.3361625,193.23488266939862,-1.060416342046064,0.0789265141919255,0.08273664539035497
M36,139.79542500000002,155.44318916343414,-1.909714210899248,0.05888292528826411,0.06547388581622035
ALL_MODELS,115.40280208333336,142.19145392275107,0.5369855170165985,0.04838755312132847,0.05961983943091542
