Model,MAE,RMSE,R2,MAE / Mean,RMSE / Mean
M12,208.8014208333334,225.43077711078618,-0.167848787212592,0.05323115433233131,0.05747058827353511
M18,90.27550000000001,103.97170950818388,0.79872671965513,0.018566132805470578,0.021382906400305175
M24,159.0466208333333,194.99761108442564,-0.6664646553738085,0.035319819936524374,0.04330353248291632
M36,325.168075,344.1256258012835,-3.502979334353663,0.07172957039651463,0.07591145994623802
ALL_MODELS,195.8229041666667,233.49286194045905,0.6390889450905084,0.04395277817394538,0.0524078631646378
