Model,MAE,RMSE,R2,MAE / Mean,RMSE / Mean
M36,176.75109999999995,203.71357129236725,0.7947235680376892,0.0368759629677924,0.04250120146926426
M48,116.1026104166667,140.46220916197905,0.8251340169225438,0.024216212000069532,0.029297038394377983
ALL_MODELS,146.4268552083333,174.9697850078035,0.8056168955830438,0.030545234701283345,0.03649940539317329
