Model,MAE,RMSE,R2,MAE / Mean,RMSE / Mean
M24,138.05167916666653,175.8921282834512,0.10637929743488383,0.027163719019783043,0.034609389609198994
M36,196.3460125,226.1980247922741,0.27253657033316436,0.03287191662568406,0.03786968992744913
M48,97.46688749999994,124.8256054214989,0.8584741315347663,0.01670157076660549,0.021389661000835173
ALL_MODELS,157.05264791666661,192.90578361001667,0.8214342207308752,0.027475820380909677,0.03374820311033406
