Model,MAE,RMSE,R2,MAE / Mean,RMSE / Mean
M36,57.28208958333332,71.65788156451428,0.8368640438710325,0.02027251030384357,0.025360198151550817
M48,101.54865208333335,117.69406580083933,0.7118739646930149,0.036125722057112376,0.04186941945229856
ALL_MODELS,79.41537083333333,97.4339394539866,0.7616487102137257,0.028178549357619126,0.034571985790678134
