Model,MAE,RMSE,R2,MAE / Mean,RMSE / Mean
M12,125.05815416666655,135.53336687056824,-0.6868823407624545,0.023877071963850992,0.02587708075363668
M18,152.02464583333332,174.74736057413114,0.28533913152654977,0.026182931467527808,0.0300964237802594
M24,161.20505,188.55603187094675,0.4981760413869267,0.031091655148027905,0.03636684532532967
M36,184.13542499999994,199.61265449369262,-0.30609349171566147,0.033100022469890335,0.035882195666671335
ALL_MODELS,155.60581874999994,176.28423252792155,0.6968727430808852,0.02856244474187379,0.032358100043366096
