Model,MAE,RMSE,R2,MAE / Mean,RMSE / Mean
M36,68.65768125,81.31170311235056,0.8061338976333373,0.03554093458145503,0.04209134168833797
M48,128.66313750000003,159.96705310353755,-0.5001820050092196,0.06254322345435213,0.07776007442371566
ALL_MODELS,98.66040937500001,126.8878464267974,0.45443715590789113,0.04946649518726074,0.06361920738374245
