Model,MAE,RMSE,R2,MAE / Mean,RMSE / Mean
M18,212.99379583333345,222.24688788684708,-2.3560824280241484,0.04672368151655305,0.048753498978889004
M24,297.51100833333334,323.764356498587,0.0062778537905461285,0.05369790555835483,0.058436385046108465
M36,326.06648958333335,372.28032612512555,-0.21904041903963134,0.06897563120017276,0.07875163900068322
ALL_MODELS,290.6594458333334,328.40612058623105,0.5378496410291715,0.05945906504775341,0.06718075454259914
