Model,MAE,RMSE,R2,MAE / Mean,RMSE / Mean
M18,114.51488333333327,126.9242351522717,0.509987450501536,0.024887326137351482,0.027584229604231753
M24,82.05234166666655,100.11856056650609,0.7596235841684092,0.01619360892053909,0.019759104768608274
M36,152.80111874999997,193.01822706153135,0.7887373262821236,0.03136942418811936,0.03962582663179563
ALL_MODELS,125.54236562499995,158.6234216586977,0.8125914114720347,0.02587124362452988,0.032688448762761634
