Model,MAE,RMSE,R2,MAE / Mean,RMSE / Mean
M36,90.64086875000005,113.93206161126339,0.8800098170233205,0.03222022705729014,0.040499577561916016
M48,117.99987708333329,133.85086850949313,0.49644672085695807,0.04012691354001359,0.04551718493861703
ALL_MODELS,104.32037291666667,124.29112933700928,0.7965821294102622,0.0362611729861252,0.043202895230545185
