Model,MAE,RMSE,R2,MAE / Mean,RMSE / Mean
M18,235.65172083333331,255.7451618448651,-0.3955863838104561,0.03201844064380622,0.034748574105520146
M24,195.25770833333354,219.38574518784273,0.7272083012535226,0.022320374754109314,0.0250785082448201
M36,237.01541666666677,269.4441433702371,0.6561212772294251,0.028027878238418572,0.031862685341928175
ALL_MODELS,226.2350656250001,254.3304866663271,0.8538989068646132,0.027405269301043804,0.0308086434757619
