Model,MAE,RMSE,R2,MAE / Mean,RMSE / Mean
M12,191.4181833333333,201.76817868136646,-1.9787611693758023,0.09207961997915495,0.09705837185025244
M18,64.32654583333336,101.25341123515501,0.4778602800569206,0.02533954469356269,0.03988579374394709
M24,42.2853625,52.900095322279455,0.6972239118107826,0.018473627013743513,0.02311099094811517
M36,110.62585416666666,130.10377709472445,0.3609285305154838,0.05005128567658258,0.058863828569041717
ALL_MODELS,102.16398645833333,132.9361351500893,0.6101199155367769,0.04482535432063218,0.058326907227220295
