Model,MAE,RMSE,R2,MAE / Mean,RMSE / Mean
M12,30.75795833333329,37.7439183253187,0.9648543963237333,0.007008630347682424,0.008600478892273977
M18,56.774608333333276,66.43883735200868,0.9389418987300193,0.01136173870989259,0.013295744917352147
M24,126.1529291666667,147.9128146134278,0.5425246072621956,0.02625382881125188,0.030782303189496173
M36,118.00078333333325,138.99414049621532,0.5308705963027409,0.023583255333677514,0.027778919873333845
ALL_MODELS,82.92156979166663,108.43926214520147,0.8957921901175538,0.017280464678083536,0.022598231605185006
