Model,MAE,RMSE,R2,MAE / Mean,RMSE / Mean
M24,283.56227916666666,342.24301620530855,-2.8171534743669127,0.04735838540869299,0.05715878964055758
M36,174.2422666666666,203.09028863650764,0.5560455822611974,0.024288585832771874,0.028309869939805447
M48,207.99257499999996,243.4555557678341,0.412689017404279,0.02947688355861042,0.034502727172185034
ALL_MODELS,210.00984687499997,254.4072623041901,0.8028812022939626,0.03066802551898179,0.03715144089030801
