Model,MAE,RMSE,R2,MAE / Mean,RMSE / Mean
M36,93.39224999999999,134.18687537151,0.5275228229368667,0.04378189276296513,0.06290624101799473
M48,137.88871666666668,171.9360691925163,-0.569584805404914,0.06831458326882386,0.08518275606379504
ALL_MODELS,115.64048333333334,154.22083097192626,0.2511423705836242,0.05570937849705181,0.07429531939934723
