Model,MAE,RMSE,R2,MAE / Mean,RMSE / Mean
M18,769.9004541666667,774.5883919703896,-28.782238060459036,0.15803095087407207,0.1589932041949416
M24,654.9416625,666.7013731945995,-4.150073930209063,0.11582321312780004,0.11790286014995274
M36,798.6039249999999,833.0209520330877,-5.81703518821832,0.17389307022318995,0.18138725139533757
ALL_MODELS,755.5124916666667,779.7957602871187,-1.2809648291528304,0.15331405355587688,0.15824178987639068
