Model,MAE,RMSE,R2,MAE / Mean,RMSE / Mean
M24,68.96199166666666,76.18358930658886,0.2507848835424258,0.03393590043263415,0.037489617669478434
M36,73.93611875,92.91518251384454,0.8537201472193572,0.033997199896540826,0.042724125728424815
M48,51.86050833333337,71.19784528144682,0.39158829429697695,0.024576013426794368,0.03373972330446685
ALL_MODELS,67.17368437500001,83.87421346206163,0.8097368226320447,0.03164139103554869,0.039507983083623646
