Model,MAE,RMSE,R2,MAE / Mean,RMSE / Mean
M24,72.90228333333333,85.95372132872821,0.012014979089314926,0.030373842094299008,0.03581156363949512
M36,128.13602500000002,154.67001779028905,0.4009011609091321,0.048102870282022814,0.05806385676693525
M48,92.36257916666666,103.01297862439269,0.5224155794998319,0.03876166153738546,0.04323129829659062
ALL_MODELS,105.384228125,128.30173886372597,0.641858738211528,0.04169264013780939,0.05075938138632659
