Model,MAE,RMSE,R2,MAE / Mean,RMSE / Mean
M36,224.29715416666667,263.22644239609,0.7428292683277192,0.06005513044351353,0.07047837228702773
M48,368.31532708333333,421.2626885083139,-1.5752307510026178,0.09786673143458163,0.11193561431757905
ALL_MODELS,296.30624062500004,351.2480695361576,0.2715735792339943,0.07903299946098835,0.0936874918049976
