Model,MAE,RMSE,R2,MAE / Mean,RMSE / Mean
M36,502.72684583333336,542.3411402715545,0.0335637283168001,0.09341796748880225,0.10077919536153945
M48,394.8568166666667,435.3241797911156,-0.6576480466290882,0.07068185435600623,0.07792576694862725
ALL_MODELS,448.7918312500001,491.7525058105234,-0.10001591173265556,0.08183751752276537,0.0896714278400371
