Model,MAE,RMSE,R2,MAE / Mean,RMSE / Mean
M12,79.45266666666673,100.58009633123261,0.6765672553620278,0.009320553114323008,0.011799001461234498
M18,328.8288749999999,401.9090053304199,0.5320937985349866,0.032950711046904876,0.04027379743275775
M24,791.4155208333333,826.7430164289075,-2.5173554473575868,0.07844146203467386,0.08194296071847833
M36,270.6301250000002,302.95512626315656,0.05025012006941931,0.028176085268459453,0.03154153466879414
ALL_MODELS,367.58179687500007,486.552419603166,0.5690674445382873,0.03849217183671956,0.05095045375521016
