Model,MAE,RMSE,R2,MAE / Mean,RMSE / Mean
M36,70.35041250000002,96.94137270395053,0.8590254066403551,0.015601932210907618,0.02149913087374386
M48,123.0435916666667,161.28704735433274,0.270684697520886,0.025484426954559387,0.03340529905980924
ALL_MODELS,96.69700208333336,133.06228125581836,0.7689231537115537,0.020712048265352345,0.028501321988175884
