Model,MAE,RMSE,R2,MAE / Mean,RMSE / Mean
M18,60.90338749999997,71.81813562295447,0.0716596274882283,0.024251012891344372,0.02859713727458244
M24,49.21520416666666,59.400192716055926,0.8626541979586805,0.0167791022089637,0.020251504015702
M36,71.71314166666669,95.33696236759819,0.548852291979206,0.028405697262772225,0.03776313278191064
ALL_MODELS,63.38621874999999,81.95196807585425,0.86536754913223,0.02416160874174604,0.031238515679164927
