Model,MAE,RMSE,R2,MAE / Mean,RMSE / Mean
M12,126.63308333333335,132.56040461504082,0.410028991838714,0.028663258858258437,0.030004901498250323
M18,55.71661666666671,68.95432193669352,0.8400114811565995,0.011382837199404137,0.014087284328415784
M24,78.14904583333323,95.11022480380977,0.700958093163687,0.01674966377023851,0.02038494865277186
M36,137.04735000000002,186.5948206815908,0.40173141175182625,0.027710825224314423,0.03772926994699169
ALL_MODELS,99.38652395833333,128.63761245537674,0.7951396222121454,0.021007416255300785,0.027190244344103342
