Model,MAE,RMSE,R2,MAE / Mean,RMSE / Mean
M36,143.9498270833334,166.02265645480884,0.7685098091465391,0.048089807977394386,0.055463753104661194
M48,152.01163541666662,180.98401421121133,0.12286021360759791,0.046944036260462826,0.05589124873505378
ALL_MODELS,147.98073125,173.6645269712779,0.6763575735896696,0.047494417475728155,0.05573763202159284
