Model,MAE,RMSE,R2,MAE / Mean,RMSE / Mean
M24,247.9703833333333,259.6667836708615,-2.3385097700783852,0.06706887100773096,0.07023241156829035
M36,187.46869166666667,214.31435751897357,0.768014991141894,0.054381441953224155,0.06216890772291492
M48,211.52663749999996,230.167474571652,-0.19111043435912234,0.05903137594623192,0.06423353050290874
ALL_MODELS,208.60860104166667,230.3612340272354,0.5791623393001237,0.05886610553110937,0.0650043605336067
