Model,MAE,RMSE,R2,MAE / Mean,RMSE / Mean
M36,44.03236250000001,53.41328613351193,0.9575165001771316,0.02042712142884757,0.024779040228945882
M48,90.99468333333334,113.27865743228256,0.22032660555897532,0.039245811019659994,0.04885684107347844
ALL_MODELS,67.51352291666667,88.55798486088321,0.8381279687767416,0.030179261501210655,0.03958635940885075
