Model,MAE,RMSE,R2,MAE / Mean,RMSE / Mean
M12,125.79404166666666,137.5516835444893,-1.8951433764715446,0.04971277786925737,0.05435930191120934
M18,98.08568750000002,129.88765256390968,0.398026738833948,0.03028270685396728,0.040101158556316664
M24,46.19759166666669,58.66992901132002,0.8561283762289913,0.016282045935150383,0.02067784152184681
M36,81.3704791666667,96.11703183499577,0.5363573939059303,0.027222932377991844,0.032156471054545055
ALL_MODELS,87.86195000000002,110.08168820636016,0.8581764192793353,0.030308219576786127,0.03797297894642301
