Model,MAE,RMSE,R2,MAE / Mean,RMSE / Mean
M18,247.85464166666665,254.1876491796431,-5.096146275067328,0.0879488940800757,0.0901961023761227
M24,78.75973333333327,100.26359083843691,0.7787946518837401,0.02206773139067898,0.028092908612618917
M36,158.65111875000002,186.46459952491375,-0.22727465766195398,0.047060609450122984,0.05531090964661447
ALL_MODELS,160.979153125,189.8698517374887,0.6616009783785779,0.04904318714099838,0.05784489786677323
