Model,MAE,RMSE,R2,MAE / Mean,RMSE / Mean
M18,194.05770833333335,221.18841889222335,0.7254721111005553,0.020786700646267007,0.023692835958034425
M24,150.7505624999999,189.53729896538488,0.9616627203614511,0.012454435456110146,0.01565884741882698
M36,941.7746145833331,979.9345265727709,-1.348169536369579,0.07619086235810656,0.07927805175243
ALL_MODELS,557.0893749999999,708.0593296274573,0.7628922708792909,0.04827329174606068,0.06135524410715318
