Model,MAE,RMSE,R2,MAE / Mean,RMSE / Mean
M18,223.31471666666675,246.27276792877285,-0.18946745045577718,0.04564196344932129,0.05033422266185128
M24,717.5144875,771.4640782406342,-3.15986822100887,0.13199107583584996,0.14191542530448717
M36,740.0808750000001,810.3912947169553,-2.3319988790850474,0.14106014652451013,0.154461382041471
ALL_MODELS,605.2477385416668,701.6543310892152,-1.6518215966622964,0.1162710497931871,0.1347912275793877
