Model,MAE,RMSE,R2,MAE / Mean,RMSE / Mean
M36,248.7704479166667,325.4282275687916,0.8421270412259638,0.03115212020495054,0.040751541624843464
M48,197.65770416666672,254.6382598388071,0.47690983815663235,0.023607908311166742,0.030413571361330195
ALL_MODELS,223.21407604166674,292.18502243638454,0.8036520255558368,0.027290807865072673,0.03572339813764631
