Model,MAE,RMSE,R2,MAE / Mean,RMSE / Mean
M36,310.22598750000003,382.86224631872494,0.552840835239206,0.06733613424858237,0.08310220502346365
M48,443.58188749999994,476.0539982991267,-1.1821649050307004,0.08952094701126372,0.0960742671357075
ALL_MODELS,376.9039374999999,431.97853474033,0.24174209710760752,0.07883215791365729,0.09035140437066937
