Model,MAE,RMSE,R2,MAE / Mean,RMSE / Mean
M12,72.05611666666665,81.35315604877702,0.7155052377445805,0.04206837598520968,0.04749624757153471
M18,86.34087916666665,95.53576145593553,-0.5467900449490937,0.04971882288017659,0.0550136348899288
M24,79.16557916666666,121.55048868136889,-1.0769738878746868,0.045221323336903485,0.06943262473766162
M36,229.1734375,233.99509381218962,-14.536095215510334,0.11417047223663726,0.11657254284364402
ALL_MODELS,116.68400312499999,146.00825571086474,0.11921850925955257,0.06475848846082694,0.08103316383916276
