Model,MAE,RMSE,R2,MAE / Mean,RMSE / Mean
M18,86.8369,105.64114914087298,0.8129307481073491,0.020890366167817725,0.02541410722793973
M24,178.76729166666658,191.75931936503756,0.568085259565703,0.036303762872204486,0.03894216214756096
M36,159.13180833333337,204.55935153467792,0.48590067332351583,0.03132130561364662,0.04026263531252118
ALL_MODELS,145.96695208333333,181.39786765265634,0.8527370695771558,0.03034301125561373,0.03770824464969665
