Model,MAE,RMSE,R2,MAE / Mean,RMSE / Mean
M36,182.25123333333332,205.39387923252585,0.2368547430227761,0.07709103342527561,0.08688021540189855
M48,110.73878333333333,143.78430145397914,-0.15612647290544657,0.04941443724493116,0.06416018062630496
ALL_MODELS,146.49500833333332,177.28588631190325,0.22141348750851864,0.06362259801127366,0.07699503762086947
