Model,MAE,RMSE,R2,MAE / Mean,RMSE / Mean
M36,217.29147708333335,257.6823050055303,0.8635649878972829,0.033194014569734545,0.03936422312337635
M48,169.65756666666675,201.99278612615836,0.6523495834573825,0.02236941510620824,0.02663282616915745
ALL_MODELS,193.47452187500005,231.51809428203566,0.9062125751214889,0.027384040533009375,0.03276866026856203
