Model,MAE,RMSE,R2,MAE / Mean,RMSE / Mean
M24,127.07303749999998,148.13359230525245,0.36687869736595213,0.01890909198003534,0.022043005954218056
M36,328.04230624999997,385.359369489017,0.07738092145984099,0.0452240827967304,0.053125842917912156
M48,188.72033749999994,228.27968222546377,0.42450326170660935,0.026683681512902076,0.03227708479681354
ALL_MODELS,242.96949687499998,304.57300512035,0.4173805966810956,0.03434182667037689,0.04304899785712607
