Model,MAE,RMSE,R2,MAE / Mean,RMSE / Mean
M36,324.39481875,342.97238964909076,0.48014086818781854,0.07243246236719202,0.07658055329604022
M48,123.17517291666671,144.67801584047118,0.6780117935701061,0.024979544129452032,0.029340254173571407
ALL_MODELS,223.78499583333337,263.2126405866019,0.6479986830288731,0.04756512524852656,0.05594540496281241
