Model,MAE,RMSE,R2,MAE / Mean,RMSE / Mean
M18,68.17320833333333,77.2147340116617,0.6711615175221688,0.03904070724665347,0.044218511925359257
M24,225.896525,236.18999357468027,-6.08278987251538,0.12781471108282055,0.13363886757178317
M36,278.34553124999996,313.4837633824926,-1.3495415310541583,0.15305098230139183,0.17237207906935845
ALL_MODELS,212.69019895833333,254.11216422192405,-1.2715145294811183,0.11897296426428002,0.14214325615923873
