Model,MAE,RMSE,R2,MAE / Mean,RMSE / Mean
M12,253.15926249999995,255.7347166504636,-0.1785341333704391,0.0839306308795292,0.08478447872817238
M18,179.11726666666664,233.51209960400163,-1.6225443266027453,0.058446715884216384,0.07619597817155496
M24,201.7092708333333,235.80867642926026,-1.0168932131128923,0.07399685885481948,0.0865061941594914
M36,304.48907499999996,343.3463013355491,-4.274464176067569,0.0954423942429506,0.10762222931619599
ALL_MODELS,234.61871874999997,270.84154061087236,-0.2125936848756529,0.07822498098502766,0.09030214842668467
