Model,MAE,RMSE,R2,MAE / Mean,RMSE / Mean
M18,91.14119166666666,104.73149038912159,-0.46681573397334386,0.03797285952364419,0.04363509078082978
M24,130.88560000000004,145.81031338058705,0.03646711645957512,0.046589558614143343,0.05190210490528727
M36,103.33536875,129.43222108735858,0.2843924343793163,0.042168378589767574,0.05281780058994791
ALL_MODELS,107.17438229166669,128.1939275848172,0.6424603737811516,0.04240086996299258,0.050716728544109926
