Model,MAE,RMSE,R2,MAE / Mean,RMSE / Mean
M24,75.5015875000001,86.38754996331706,0.5395057130605523,0.013529538123824047,0.015480252658958348
M36,167.79617499999998,188.9513774113473,0.7317931466444131,0.027221778189364387,0.030653812486885194
M48,245.90749583333331,266.684235646864,-0.022283068434281406,0.04193094067495559,0.04547368849395905
ALL_MODELS,164.25035833333334,193.6417674357133,0.7446057016773808,0.02763626077019609,0.032581568985039985
