Model,MAE,RMSE,R2,MAE / Mean,RMSE / Mean
M12,119.48933749999999,136.59818281269187,0.6593932147994168,0.03058763905925017,0.034967269878988905
M18,234.82313333333335,309.25079042210626,0.09596995591347912,0.05331335919023745,0.0702111339526114
M24,271.6256416666667,299.89296726340416,0.621091947636286,0.07214971556322908,0.07965813593556123
M36,188.5214875,266.00914579468014,-0.09959943874692279,0.04425993093733492,0.062452013177394426
ALL_MODELS,203.61490000000003,262.1982896515973,0.622918357215509,0.049859149842492574,0.0642044556276788
