Model,MAE,RMSE,R2,MAE / Mean,RMSE / Mean
M24,103.32855833333326,118.76087218804773,0.5731663840679058,0.02109858428763462,0.024249697395847685
M36,258.0052833333333,303.1666977709664,0.22873738734597637,0.05219037296135529,0.06132581016058993
M48,378.71012500000006,400.7740323320103,-2.7363912524755376,0.0702523864365382,0.07434533785733359
ALL_MODELS,249.51231249999998,299.3927449977829,0.24714388307126678,0.04946909263638335,0.05935854342641477
