Model,MAE,RMSE,R2,MAE / Mean,RMSE / Mean
M12,91.07388750000001,109.69147295720127,0.5891686865551635,0.030751755817552552,0.037038117996747666
M18,100.40432500000004,110.64295053508836,0.7579113637911559,0.02786106833159904,0.030702171497769923
M24,78.60032083333329,95.10387972384675,0.6983214591199178,0.024743667200083933,0.02993904763205123
M36,103.9397458333334,123.96111218384013,0.2948552103108272,0.03229070586255552,0.03851069463208112
ALL_MODELS,93.5045697916667,110.32360016675142,0.8592612878304718,0.02885767233868817,0.03404841401794559
