Model,MAE,RMSE,R2,MAE / Mean,RMSE / Mean
M36,235.59421458333327,308.1364010112847,0.6475838248319552,0.04298135064974552,0.056215806161623645
M48,276.28664375,299.7985760571667,-0.5766699426777873,0.04789869253190114,0.05197486067787527
ALL_MODELS,255.94042916666663,303.9960754961255,0.4971544270951396,0.04550271161204057,0.054046348986484624
