Model,MAE,RMSE,R2,MAE / Mean,RMSE / Mean
M24,139.77493333333334,157.74793480584515,0.8951300875250421,0.022137449434124132,0.024983999969249902
M36,322.0656000000001,362.8197917445577,0.4865609940089892,0.04498986886448167,0.05068288836816535
M48,258.2070208333333,300.3529341162278,0.2701023194709299,0.03293789498301805,0.03831419211543187
ALL_MODELS,260.52828854166665,307.5600341928648,0.8148480007743071,0.0366033685550791,0.04321117429278201
