Model,MAE,RMSE,R2,MAE / Mean,RMSE / Mean
M18,240.2787791666666,268.2588427832303,-0.5035042106703709,0.04878096619746902,0.05446142845974764
M24,463.68151250000005,495.8846373907801,-5.5596067770511395,0.08697969626862173,0.09302051943363963
M36,209.03027083333328,256.40880438337126,0.12290577839265482,0.039950200876770356,0.04900526225627743
ALL_MODELS,280.5052083333333,335.1698562901366,-0.36918161121369497,0.0541486445998146,0.06470109249186742
