Model,MAE,RMSE,R2,MAE / Mean,RMSE / Mean
M18,245.44865416666664,273.1307176380364,-3.3109779916962427,0.04904599815164811,0.05457747860918077
M24,104.1677541666666,140.85021820509215,0.46124662501506386,0.018481065237479197,0.024989134998500917
M36,303.84231458333335,342.4131625084724,-0.5642725599848408,0.06020976645873499,0.06785301308444837
ALL_MODELS,239.32525937499997,286.76328243169394,0.3130868022082568,0.046171240672897795,0.05532310531650878
