Model,MAE,RMSE,R2,MAE / Mean,RMSE / Mean
M24,78.13029999999998,95.47140236389724,0.8062727016145202,0.01880166045000601,0.022974708786884186
M36,217.6535604166667,301.91092268894926,0.06777455989302539,0.046183573518880354,0.06406201335491864
M48,201.77356249999994,224.0801780005643,0.2159381994356948,0.045374237526352765,0.050390482754870396
ALL_MODELS,178.80274583333335,245.77791058182953,0.5339990084984947,0.039672322850387486,0.0545326111892307
