Model,MAE,RMSE,R2,MAE / Mean,RMSE / Mean
M36,72.82730416666668,84.55089609772035,0.9397555927418176,0.030448584145566043,0.035350135555241205
M48,124.46203749999995,141.6369544693786,0.25727747795281775,0.04675435364460234,0.0532061373204321
ALL_MODELS,98.64467083333334,116.64021798309605,0.8506479736975178,0.03903740297215409,0.046158917189344846
