Model,MAE,RMSE,R2,MAE / Mean,RMSE / Mean
M18,137.41346666666666,153.37554865970324,0.7268288743221825,0.037142539221317473,0.04145705271742494
M24,182.71496666666675,249.40259777552944,0.6690961623441811,0.04575595484045997,0.06245604401816301
M36,258.5829270833333,310.109054844589,0.12346998812752785,0.05966150980580656,0.07154986845097228
ALL_MODELS,209.323571875,263.65743233268444,0.6409825072264006,0.0511755776493688,0.06445915899634987
