Model,MAE,RMSE,R2,MAE / Mean,RMSE / Mean
M24,68.19623750000001,81.47628195914085,0.5575639307824213,0.017817436316133247,0.021287075626163512
M36,189.58489583333326,231.81745192473463,0.7198770317768761,0.04459946579102136,0.054534589749006386
M48,135.2130083333334,155.92684822612608,0.2921184968335315,0.033876297850573646,0.039065948006921446
ALL_MODELS,145.644759375,186.0310649820159,0.7541260755006464,0.03569606017978366,0.045594335967897116
