Model,MAE,RMSE,R2,MAE / Mean,RMSE / Mean
M24,106.09251250000001,114.25499480132697,-0.16690419611320517,0.05046517292637004,0.054347832231331834
M36,161.23042916666668,182.21741296820974,0.6847044259341419,0.07452224479773517,0.08422262922583816
M48,107.37855833333333,124.49301399056156,0.11289936614169593,0.05033763184623799,0.05836065973461751
ALL_MODELS,133.98298229166667,154.07716049690782,0.6073600958985081,0.06259059026763991,0.07197765161899343
