Model,MAE,RMSE,R2,MAE / Mean,RMSE / Mean
M18,141.37624583333331,175.28403728543586,-0.2570740445263162,0.028845672337133477,0.0357640413752834
M24,266.1858499999999,306.90365914809206,0.04937215125844674,0.04491356379052157,0.05178388360122196
M36,371.96532499999995,402.61251361288123,-2.1733632352287224,0.06390539144627344,0.06917072252258802
ALL_MODELS,287.87318645833324,335.07761114439415,0.5101906675919998,0.05124834891970929,0.0596518715145986
