Model,MAE,RMSE,R2,MAE / Mean,RMSE / Mean
M36,241.37716666666665,313.8076993196497,0.9368750695785557,0.02397771537014464,0.03117275672407495
M48,664.9737604166668,701.3091015257386,-0.5181499735574722,0.06329579558141427,0.06675438967959295
ALL_MODELS,453.17546354166666,543.2815697385336,0.7019198862921727,0.04405634178648319,0.05281618368223342
