Model,MAE,RMSE,R2,MAE / Mean,RMSE / Mean
M36,282.17257708333335,361.2459290497695,0.5786259508854907,0.048820896592989896,0.06250199905701276
M48,633.3299354166668,658.1232290911119,-2.4012065391305693,0.12791260198349755,0.13292006259492878
ALL_MODELS,457.75125625000004,530.8600596787928,0.2776185324716035,0.08531364599127529,0.09893934005417337
