Model,MAE,RMSE,R2,MAE / Mean,RMSE / Mean
M12,155.41015416666656,165.57841249080568,0.8579237171419845,0.02328561787511392,0.024809161681250462
M18,145.31232916666673,178.35598902581165,0.8656595046810975,0.019530898898428014,0.023972176411795724
M24,94.9970166666667,114.67918833538768,0.8881115113279645,0.012568375210857656,0.015172382443684768
M36,527.7971750000002,548.5706223410097,-2.0969754477628038,0.06814169472925433,0.07082366798381999
ALL_MODELS,230.87916875000005,305.4947272201342,0.71487876479354,0.031392689334978206,0.04153818257843837
