Model,MAE,RMSE,R2,MAE / Mean,RMSE / Mean
M18,29.505491666666654,37.235027818988286,0.8917816781794895,0.0111401031998238,0.014058469427928749
M24,46.036037499999985,58.50369658967069,0.5188580642933172,0.01665432990156916,0.021164720431589762
M36,116.21786041666667,149.96606750878888,0.4991973816916341,0.0440998711421705,0.056905919874319075
ALL_MODELS,76.99431249999999,111.56698953928792,0.5901308588823453,0.02882748641786562,0.04177186302723306
