Model,MAE,RMSE,R2,MAE / Mean,RMSE / Mean
M36,327.7796916666667,387.68860558630473,0.7902881598479383,0.043832656438487445,0.05184403392221781
M48,125.49584583333338,155.5413883865468,0.8038783632021211,0.015904088098469212,0.019711759599940454
ALL_MODELS,226.63776875,295.37736744939343,0.8114120483771083,0.02949328494878006,0.03843864556933198
