Model,MAE,RMSE,R2,MAE / Mean,RMSE / Mean
M24,109.07945000000011,123.72948709404324,0.6483666802037084,0.017596179516995252,0.019959454016797204
M36,448.48845625000007,545.5926504771495,-0.11816421929174248,0.06668188348335699,0.08111946927840953
M48,140.9940458333334,176.11945911776172,0.44171588404372975,0.021831899532891177,0.02727081356180986
ALL_MODELS,286.7626020833334,400.5214508505912,0.22019184394678248,0.04393349270919279,0.06136192834415092
