Model,MAE,RMSE,R2,MAE / Mean,RMSE / Mean
M24,220.76361666666674,239.0974417595523,-0.15963400112173654,0.048808663049386025,0.05286209134919583
M36,199.3217520833334,243.4324768901811,0.6770855419567412,0.040207285052090126,0.049105322860937634
M48,156.54798750000006,184.09731931032317,0.15446580834064927,0.030675133489002478,0.03607334680563475
ALL_MODELS,193.9887770833334,228.89853169198503,0.6753741883227349,0.03970874009569542,0.04685462963323275
