Model,MAE,RMSE,R2,MAE / Mean,RMSE / Mean
M18,152.3497083333334,161.6982891697271,-0.1825705299015381,0.03285375540240628,0.03486974868206851
M24,55.653933333333306,75.40540521472359,0.8146119378738337,0.010713410066172041,0.014515578304819459
M36,160.39090208333334,187.765352523871,0.6281565201839383,0.0326359837726475,0.0382060760207624
ALL_MODELS,132.19636145833337,159.95621828553624,0.7427634638006666,0.026895031004564866,0.032542706945216396
