Model,MAE,RMSE,R2,MAE / Mean,RMSE / Mean
M36,85.87940416666669,104.78162632587359,0.8604363269607966,0.032979801907322075,0.04023871978720184
M48,101.55477083333331,136.55569909874228,-0.1994766381227211,0.03887356954313101,0.052271374568288155
ALL_MODELS,93.71708749999999,121.70999994216015,0.6856585166675393,0.035931452260283,0.046664030745948805
