Model,MAE,RMSE,R2,MAE / Mean,RMSE / Mean
M36,198.89990208333336,223.44502543371692,0.7719690823861806,0.04606430294608652,0.05174884067596142
M48,158.4950666666667,191.65799885228617,0.5404305601645962,0.03497693510123766,0.042295381985534945
ALL_MODELS,178.69748437500002,208.15915535370684,0.7306004548028195,0.04038684475687791,0.04704538243163497
