Model,MAE,RMSE,R2,MAE / Mean,RMSE / Mean
M24,176.05847500000004,183.31879710885266,-0.16043760178517075,0.08696750915901702,0.0905538865231232
M36,177.47997083333337,191.18385138846938,0.06923218476196635,0.07189304786659467,0.07744417420542914
M48,167.91994583333332,172.0473861699287,-2.076421592368395,0.07270835498304105,0.07449551252216008
ALL_MODELS,174.734590625,184.59998274972693,0.45210373629215506,0.07538771605770528,0.07964405349860135
