Model,MAE,RMSE,R2,MAE / Mean,RMSE / Mean
M18,41.743404166666686,63.637205440682166,0.04300261922813997,0.01837702142490279,0.0280154987632323
M24,140.25920416666665,157.38593774537296,-0.4684426699266253,0.049088880625309875,0.05508301259790811
M36,181.75382708333333,202.09355396234034,-1.2204887670162066,0.06739319361616661,0.07493503839409461
ALL_MODELS,136.377565625,166.2104362115604,0.5526263623982117,0.05184185719603075,0.06318236917546308
