Model,MAE,RMSE,R2,MAE / Mean,RMSE / Mean
M18,194.93921666666665,212.50877997613213,0.10738369863317021,0.031380650613723256,0.03420893902627387
M24,308.57062916666666,349.04199669485394,0.6112496827817954,0.04464085777148196,0.05049584327843813
M36,363.0062,422.1591246696197,-1.036994637950956,0.05080651515946745,0.0590855857757651
ALL_MODELS,307.3805614583333,361.74125770615166,0.5341662486440046,0.04484995402309332,0.05278173316947401
