Model,MAE,RMSE,R2,MAE / Mean,RMSE / Mean
M12,103.10831666666657,112.53202602009937,0.6798723745552321,0.02295951605570553,0.025057928804542405
M18,95.36678749999999,119.45119885317013,0.8211690937961867,0.01782195894912245,0.022322806693941127
M24,229.55497499999998,261.6006438993684,-1.2602937076014213,0.04315686756803334,0.0491815276252553
M36,198.92004583333326,254.40511303553572,0.5181966056523719,0.03717205291516132,0.04754050947468588
ALL_MODELS,156.73753124999996,200.0555574177057,0.8061972517045736,0.030564482416102465,0.03901168098139893
