Model,MAE,RMSE,R2,MAE / Mean,RMSE / Mean
M12,81.2730666666666,88.98739131065135,0.5906442969833066,0.03722572617275465,0.04075913949875248
M18,104.3965291666667,123.99140284195282,-0.7040001454241234,0.04436427331964022,0.0526912966252367
M24,194.07394583333334,204.03329868608765,-1.460660259450202,0.09302154297811152,0.09779515834131057
M36,88.5666875,100.55833425707644,-0.38082081783603794,0.03890547268234648,0.044173149486040716
ALL_MODELS,117.07755729166665,136.96184628599545,0.19016683038888005,0.052623807829348106,0.06156136193507644
