Model,MAE,RMSE,R2,MAE / Mean,RMSE / Mean
M36,275.81838750000003,321.5037540595924,0.7370693277987688,0.03844314983768214,0.044810707156680105
M48,170.50147291666664,192.94034040954372,0.5862142658430005,0.024015983226518295,0.02717660967808208
ALL_MODELS,223.15993020833332,265.13264494565874,0.7106698465613766,0.031267573654113916,0.03714849030562588
