Model,MAE,RMSE,R2,MAE / Mean,RMSE / Mean
M12,69.62584999999996,76.57388364729297,0.5974902793457518,0.03644457918038863,0.04008142041689454
M18,89.27357916666666,99.93721826344901,0.06774432999118607,0.040002350590915024,0.0447805910704202
M24,176.66759166666668,207.85682541588974,-0.6939991389192723,0.08824555028305028,0.10382458811982505
M36,116.71180416666664,136.34237149073311,-0.34189037166356107,0.05707527558734233,0.06667516180242465
ALL_MODELS,113.06970624999998,139.32400133031115,0.3498627811886388,0.05522976233482753,0.06805387345746536
