Model,MAE,RMSE,R2,MAE / Mean,RMSE / Mean
M36,172.81598333333318,213.0795495366391,0.8595342806797326,0.024387221882496805,0.030069083616817222
M48,154.97352708333338,177.2286808701091,0.6239222249812759,0.021584557731145114,0.02468423327423233
ALL_MODELS,163.8947552083333,195.9756359266325,0.813162867374227,0.022976705521221535,0.027474182869955607
