Model,MAE,RMSE,R2,MAE / Mean,RMSE / Mean
M12,70.79420416666657,89.5594043812517,0.3765409777229931,0.013726901014736281,0.017365448109084483
M18,122.49382916666666,134.50339053315565,0.7875871390464327,0.019891281902081243,0.021841466432080268
M24,211.99478333333332,248.4225889917672,-1.0818558393822637,0.03470867192403198,0.04067278451034473
M36,138.9537541666665,158.5094529147327,0.701878237694217,0.023258453523405654,0.02653173903610992
ALL_MODELS,136.05914270833327,168.04097592755426,0.8699688496453111,0.023260292514923127,0.028727817747220535
