Model,MAE,RMSE,R2,MAE / Mean,RMSE / Mean
M36,192.6632833333333,231.35663418146865,0.8439286541393844,0.04406522988368823,0.052915029236185275
M48,457.42934166666663,513.9281083395647,-1.2165365392346477,0.08907021001261616,0.10007159657578062
ALL_MODELS,325.04631249999994,398.5272843365064,0.578430126972565,0.06837442372079161,0.083831356811718
