Model,MAE,RMSE,R2,MAE / Mean,RMSE / Mean
M18,60.29296666666668,68.58867107277386,0.4516316063732645,0.031107577874755474,0.035387666998013045
M24,107.84422083333332,132.22713991227212,-0.49739486029940494,0.045370682069171026,0.0556287159341338
M36,180.848625,205.61368601510236,-2.0901505343323192,0.08032510409919497,0.0913246685363645
ALL_MODELS,132.458609375,163.35727568916465,0.3008792347694993,0.06008498870691855,0.0741010351179858
