Model,MAE,RMSE,R2,MAE / Mean,RMSE / Mean
M36,206.89824166666668,221.1850437279214,0.2632292128280249,0.051560212240151185,0.05512056413380385
M48,252.90674374999995,269.7206659721903,0.05783625124464542,0.0563094250090451,0.06005302740746215
ALL_MODELS,229.9024927083333,246.6496110086172,0.5286909475257531,0.054068465058623505,0.05800705210909228
