Model,MAE,RMSE,R2,MAE / Mean,RMSE / Mean
M36,195.06093333333334,214.7353962782404,0.40189220934958625,0.07554401161852509,0.08316361966560866
M48,110.60953541666669,125.16909101734726,0.4604032141445906,0.0467413608831919,0.05289393570476343
ALL_MODELS,152.83523437500003,175.7535088709211,0.5225269107196668,0.0617703281297363,0.07103304390054405
