Model,MAE,RMSE,R2,MAE / Mean,RMSE / Mean
M24,164.41102500000014,217.16403709851085,0.1078011415604253,0.02622394529069306,0.034638174830291225
M36,369.46848124999997,404.07218640376755,-1.0151838728033549,0.05034930996595964,0.055064929200550894
M48,206.98290000000006,259.89356236587673,0.49177312473937973,0.0290847590999842,0.03651964318331728
ALL_MODELS,277.58272187500006,332.13459109914737,0.6069631881705484,0.039566709280260855,0.047342546103629944
