Model,MAE,RMSE,R2,MAE / Mean,RMSE / Mean
M24,366.9955708333334,374.69608253249896,-1.7450990001249158,0.04865970775095299,0.049680713666537625
M36,373.13929583333334,451.3261468486874,0.24031879783728938,0.046866369761752125,0.05668665379806365
M48,396.07491666666675,441.60700612280823,-3.9590098674359293,0.0478491004822261,0.05334975056602368
ALL_MODELS,377.33726979166676,430.9305291402888,0.1745820945151313,0.04754872485846711,0.0543020761625751
