Model,MAE,RMSE,R2,MAE / Mean,RMSE / Mean
M18,52.673050000000025,65.23786494465853,0.8592936790346457,0.011076335088626234,0.013718523089010039
M24,88.23498750000003,106.12812455825708,0.4907059355247321,0.016955631620667298,0.020394057228172675
M36,226.85961249999994,257.6979132397903,0.030555878587645524,0.04387275393733303,0.049836623686084804
ALL_MODELS,148.656815625,192.57179623524533,0.5456192794845127,0.02929048037354405,0.0379432345191309
