Model,MAE,RMSE,R2,MAE / Mean,RMSE / Mean
M18,27.216075000000007,32.16929554377123,0.9472943902408627,0.005473547576151172,0.006469712096623031
M24,137.0880625,144.6493208626945,0.6477307797837442,0.024022265462430914,0.025347242650861693
M36,119.93372708333334,142.31291772215008,0.7774539857431418,0.02224513659724101,0.026395996949894526
ALL_MODELS,101.04289791666667,124.96421758147827,0.8828999281881593,0.01883203620366308,0.023290411480455523
