Model,MAE,RMSE,R2,MAE / Mean,RMSE / Mean
M24,124.4281166666667,139.9621728296763,0.6196154035427429,0.03175570561150162,0.035720202766003795
M36,186.11183541666665,215.1275512839345,0.5474746334045917,0.04038757499174921,0.04668418905664723
M48,226.5228333333334,249.53863624866963,-0.4100198355495659,0.04963252264095824,0.054675424243792646
ALL_MODELS,180.79365520833335,208.81730498625691,0.7288942073904738,0.04086059359741599,0.04719412871717761
