Model,MAE,RMSE,R2,MAE / Mean,RMSE / Mean
M12,71.45825833333338,80.03796581853102,-0.7500283427322825,0.025832954750858606,0.028934614382791237
M18,84.96926666666666,104.06667553450207,0.60069743940192,0.026094876388391256,0.031959873737370754
M24,112.50812916666662,126.5597886630975,0.16507746134311485,0.04067906685950162,0.045759663260633646
M36,108.75025000000004,130.30610015455596,-0.4193020595357111,0.03709555280774316,0.04444842029746505
ALL_MODELS,94.42147604166666,112.06360780055756,0.7738646735810979,0.03222656173895112,0.038247916966269516
