Model,MAE,RMSE,R2,MAE / Mean,RMSE / Mean
M18,82.07636666666667,101.56523658289372,0.7776492713239315,0.021622278325393516,0.026756445280997666
M24,91.84745416666668,110.53199702395568,0.852915796348977,0.020101026782050464,0.024190181999169603
M36,296.6253270833334,350.04847485025533,0.06675607980419762,0.0697179832829799,0.08227440980111084
ALL_MODELS,191.79361875000004,258.6506761726241,0.6156811811623262,0.04546353817890901,0.061311606547778986
