Model,MAE,RMSE,R2,MAE / Mean,RMSE / Mean
M36,251.35605833333338,307.7314195216226,0.5153197012088517,0.06322428758580938,0.07740453878864899
M48,132.24212916666667,156.82840515496946,0.6127055077774199,0.037941782078793056,0.044995866367632406
ALL_MODELS,191.79909375,244.22712300668428,0.6852830828059093,0.05141363307634959,0.0654674818533034
