Model,MAE,RMSE,R2,MAE / Mean,RMSE / Mean
M18,39.30379583333334,51.93118949072175,0.7239651563356984,0.024326046367692193,0.03214143816636981
M24,72.68925416666666,87.53061803343682,0.6031230768418213,0.042847650742969416,0.05159609069882068
M36,64.5858875,79.88504286581384,0.5493239316208245,0.034934895199459096,0.043210300400710666
ALL_MODELS,60.291206249999995,76.0291024585035,0.763522918946531,0.03440460673355841,0.04338528838756203
