Model,MAE,RMSE,R2,MAE / Mean,RMSE / Mean
M12,121.85712916666655,156.77109669043344,0.8297983684812333,0.014909490453977707,0.019181291940406325
M18,408.4221666666665,449.3641075342836,0.3946309009575921,0.040222950819672115,0.04425506711595563
M24,155.37068750000003,191.62326610655543,0.8085367489850996,0.016692540300017464,0.02058740386216445
M36,401.72483333333327,464.20414243421317,0.22331214795278231,0.04174559656384765,0.04823819003802073
ALL_MODELS,271.8437041666666,345.94444635809356,0.8430424565339485,0.029184969687751968,0.037140378923092646
