Model,MAE,RMSE,R2,MAE / Mean,RMSE / Mean
M36,384.3769499999999,441.4446846604872,0.5688697910233553,0.06696584069832857,0.07690813517849622
M48,140.82283124999998,178.23494298131646,0.555990939448437,0.023314314539076807,0.029508180496270433
ALL_MODELS,262.59989062499994,336.6311813502651,0.6014336712983199,0.044583706786171566,0.05715259762173698
