Model,MAE,RMSE,R2,MAE / Mean,RMSE / Mean
M12,361.01828333333333,365.4185116526244,-0.9962496559352536,0.05768793102300343,0.05839105349487656
M18,194.40981666666667,225.24886284545738,0.7539356357013209,0.02910399211557175,0.03372073098312693
M24,163.3853625,197.98542250319525,0.7678918989128324,0.024193590123273982,0.029317058083618296
M36,124.4906083333334,147.1363429118948,0.41779705226259456,0.01750963805996391,0.0206947668128969
ALL_MODELS,210.82601770833335,247.54548561872738,0.7101315122383598,0.031465346807104826,0.03694565139631984
