Model,MAE,RMSE,R2,MAE / Mean,RMSE / Mean
M12,196.09944999999993,224.71460147363766,-1.9180807108781193,0.03918495008617315,0.04490288189170743
M18,123.21127916666676,155.63910736928798,0.34217190422498067,0.021859698392164128,0.027612926090282104
M24,69.83212499999995,91.6942352536452,0.8305022820114605,0.014372816383235986,0.01887246602766116
M36,268.6123166666667,297.2348870811292,-1.9661468208791328,0.051319022448654675,0.056787432653614876
ALL_MODELS,164.4387927083333,207.04866259834122,0.6419038646577919,0.03172395213912931,0.039944357134699654
