Model,MAE,RMSE,R2,MAE / Mean,RMSE / Mean
M12,262.8252000000003,274.55977285548283,0.4650217451570443,0.03335380450300874,0.03484297924328508
M18,101.7360208333336,130.6342530903316,0.947647544298918,0.01016187358756771,0.01304836532072549
M24,274.9467708333331,291.05265384621896,0.6418756043839815,0.030021758614728045,0.03178037876736483
M36,360.63433333333325,399.71724305188525,0.25619930095826293,0.03852536465728668,0.04270046172821179
ALL_MODELS,250.03558125000006,290.2300374939033,0.8981827823528116,0.02746838815548558,0.03188406739716237
