Model,MAE,RMSE,R2,MAE / Mean,RMSE / Mean
M36,137.58178541666663,159.19229629240272,0.7280829422659455,0.02816449246621203,0.03258839980908716
M48,168.1299875,205.2264213311798,-0.12226167601947924,0.03675960025689962,0.04487028948531997
ALL_MODELS,152.85588645833332,183.65738647172765,0.6234227093478808,0.032320668123290264,0.03883350241903592
