Model,MAE,RMSE,R2,MAE / Mean,RMSE / Mean
M18,83.87805416666663,102.48851245693949,0.7098221057190861,0.01833283215095576,0.02240043256774657
M24,102.23559583333333,117.26590097402038,0.5803213841778174,0.02015454239292931,0.02311758984883187
M36,138.9586416666667,169.36682160972012,0.6364285555433836,0.02869181446287925,0.034970415394894705
ALL_MODELS,116.00773333333335,142.8508201247393,0.7673025178979256,0.02400056549286669,0.029554068212523106
