Model,MAE,RMSE,R2,MAE / Mean,RMSE / Mean
M36,65.61473125000002,84.61626208823205,0.6565633723471425,0.02722249967587191,0.035105930076797943
M48,115.04558125,129.79309449984794,-1.2278975573426516,0.04704378705786138,0.05307425659368143
ALL_MODELS,90.33015625,109.5585669622208,0.17301185340989,0.03720496054985649,0.04512471062761208
