Model,MAE,RMSE,R2,MAE / Mean,RMSE / Mean
M18,67.6443083333333,84.23401065786406,0.8618821184508278,0.016145029088558492,0.020104582127082066
M24,139.94546250000008,172.92556788441885,0.6190866334123113,0.027872492572737394,0.034441035246104236
M36,394.20123541666663,420.6119086904883,-1.5695531640372495,0.07934008964811647,0.08465571272828586
ALL_MODELS,248.99806041666668,312.5809399356306,0.4752837668349362,0.05201626347800542,0.06529887221886985
