Model,MAE,RMSE,R2,MAE / Mean,RMSE / Mean
M36,69.55802291666666,84.43475810740776,0.8813597531251969,0.02555166605442801,0.031016533421767935
M48,62.39367708333334,86.30389784378826,0.6302936106798867,0.0247142415065068,0.034185120575848
ALL_MODELS,65.97585,85.37444336476666,0.8538877101988644,0.0251487264194021,0.03254309750293866
