Model,MAE,RMSE,R2,MAE / Mean,RMSE / Mean
M24,95.9752708333333,111.54757529338653,0.6999267199254984,0.017108145545834008,0.0198839986262517
M36,340.9632416666666,397.31585724023506,-2.0935430050568047,0.052528615262157845,0.061210269178899254
M48,308.31051250000013,332.42455459775323,-0.33296379811862864,0.04703948621450324,0.050718608738206376
ALL_MODELS,271.55306666666667,331.1603565051356,0.477491774740446,0.04319586683877125,0.052677580988010154
