Model,MAE,RMSE,R2,MAE / Mean,RMSE / Mean
M18,115.99810833333343,121.62075905642445,0.4556930288843849,0.028939537833033633,0.030342292719822316
M24,216.38740416666667,268.59610643101206,-0.014807399362183338,0.04413254896961972,0.054780595320537834
M36,309.6574354166666,348.36712549409197,-0.40133348645753286,0.065931612986218,0.07417359917191087
ALL_MODELS,237.92509583333333,287.07785776396673,0.5483478789244316,0.05199210858772675,0.06273311817619967
