Model,MAE,RMSE,R2,MAE / Mean,RMSE / Mean
M12,66.14127500000002,74.19028061946528,0.9174845125619641,0.012753505748511657,0.014305532670243253
M18,124.33117083333336,143.6216134338407,0.4776477309579591,0.021335097704149122,0.02464531729654569
M24,86.53841666666672,119.30875043794286,0.8084670358739356,0.015152825301864088,0.020890891259698893
M36,148.9322333333333,174.09766459407916,0.15644648101592784,0.025163493516184892,0.02941542845457035
ALL_MODELS,106.48577395833335,132.92473465453148,0.8687638457381472,0.01881100601907482,0.023481521434484866
