Model,MAE,RMSE,R2,MAE / Mean,RMSE / Mean
M36,170.09737083333334,200.98730424209947,0.5598395313280579,0.05980701158097527,0.07066805308951102
M48,218.6082729166667,237.49552676497447,-0.43696135112462353,0.09021517027331426,0.09800955426064821
ALL_MODELS,194.35282187500002,220.000024658952,0.5592248700214713,0.07379611161650121,0.08353440006035434
