Model,MAE,RMSE,R2,MAE / Mean,RMSE / Mean
M18,119.96652083333333,129.36829757348303,0.465572388648939,0.026164761316236674,0.02821529377017287
M24,61.25187916666664,71.38093617489017,0.892021953820771,0.01165740262005963,0.013585155650870425
M36,164.9005958333333,197.10934425965408,0.5088724595650722,0.03291045869576064,0.03933860214405922
ALL_MODELS,127.75489791666665,157.74630079276557,0.7877513291343274,0.025730395486863605,0.031770795266379305
