Model,MAE,RMSE,R2,MAE / Mean,RMSE / Mean
M24,155.6729125,165.9173058051146,-7.062254023311381,0.05859983844911147,0.06245612778710966
M36,112.57681458333336,135.535725942579,0.6343295106590352,0.03892557394054215,0.046864054035367794
M48,84.05111666666669,95.02722046315203,0.5569914414471908,0.03069145847914068,0.034699408013809586
ALL_MODELS,116.21941458333335,135.36856264301562,0.5570619698308231,0.04158366554356253,0.048435289871673545
