Model,MAE,RMSE,R2,MAE / Mean,RMSE / Mean
M36,231.00926458333336,259.3000103952205,0.6587163275528186,0.05120453609294766,0.0574753430999048
M48,108.52286874999999,128.28650068115198,0.8266016361834732,0.023455317759786744,0.02772688072501326
ALL_MODELS,169.7660666666667,204.56529721335517,0.7196819753931618,0.03715488033412519,0.04477101512518773
