Model,MAE,RMSE,R2,MAE / Mean,RMSE / Mean
M24,188.9469833333334,208.87249863977232,0.5249546649735537,0.04990181462040432,0.05516423984411801
M36,420.8882104166667,489.3564626979996,-2.532506642240756,0.11394990298600066,0.13248677456374147
M48,153.82545416666667,222.20817666343035,-0.10377953628305692,0.03794411794935044,0.05481208107139377
ALL_MODELS,296.1372145833334,378.13479396661756,-0.5918461229092751,0.07778946870134598,0.09932863305121253
