Model,MAE,RMSE,R2,MAE / Mean,RMSE / Mean
M12,261.35291666666666,269.5130420901943,0.7865019120393528,0.030749059998333245,0.03170912652233534
M18,184.09910416666673,219.86834932761374,0.9256174198110663,0.020236693613025863,0.024168550089828614
M24,84.50179166666665,109.89130920880422,0.9139026668430242,0.00843604878495187,0.01097075490641218
M36,461.44833333333327,503.858423951589,-0.1848117370946265,0.044883785963532895,0.04900889660431353
ALL_MODELS,247.85053645833332,311.01799872329116,0.885588583174241,0.026162135817713414,0.03282984673192374
