Model,MAE,RMSE,R2,MAE / Mean,RMSE / Mean
M24,83.60043750000001,94.4229386883051,0.7235430106461902,0.020781696997317373,0.023471993210760794
M36,143.15798749999996,178.52101437726452,0.2035287195168367,0.03267716691949572,0.04074911283202812
M48,77.9325583333333,94.97613742373215,0.6861684534747787,0.017246485938220372,0.021018232348267142
ALL_MODELS,111.9622427083333,142.89477175446453,0.7042381079212818,0.025881987507344367,0.03303257069482233
