Model,MAE,RMSE,R2,MAE / Mean,RMSE / Mean
M18,381.73499999999996,390.01132520976984,-3.1938336981479845,0.08456065864284132,0.08639400248315067
M24,360.5337083333334,393.11572367189376,-1.0509924767798795,0.06493714024120256,0.07080561481230965
M36,263.29651874999996,311.0400640104258,0.17049771568835337,0.05173116051181714,0.061111569394531606
ALL_MODELS,317.2154364583334,353.60311396719106,0.4358223622796561,0.06267286390793149,0.06986204734080609
