Model,MAE,RMSE,R2,MAE / Mean,RMSE / Mean
M12,72.64872916666688,93.34209739609521,0.9524890185210602,0.008100997077531398,0.010408496705863452
M18,130.07535416666664,175.58849133690035,0.940898496694213,0.011649669370909116,0.015725868151707286
M24,519.6295416666666,543.760251357733,-0.7249964631931369,0.04828261206222366,0.05052477422079332
M36,626.2351458333336,651.6267172403121,-0.2307301772854511,0.06109983738845867,0.06357721492679429
ALL_MODELS,337.1471927083334,435.8430494496504,0.8081581703897032,0.032776425798141134,0.04237133714555449
