Model,MAE,RMSE,R2,MAE / Mean,RMSE / Mean
M36,47.48843541666667,60.34592373321672,0.7438575231841453,0.017461926029202227,0.02218974045254564
M48,72.14107708333334,88.87449130363913,0.619731022413351,0.026675281946199125,0.03286272133989676
ALL_MODELS,59.814756249999995,75.96152221913354,0.6712432813245373,0.02205575801805262,0.02800962601512126
