Model,MAE,RMSE,R2,MAE / Mean,RMSE / Mean
M24,228.21107499999997,233.3731632898996,0.23521683439453278,0.049129156911816144,0.05024044848952387
M36,415.01628124999996,447.5699638417042,-0.7808302970431733,0.08071629457050242,0.0870476428865551
M48,262.1595541666666,269.0795280862108,-0.7647446271069249,0.04939145517203481,0.05069519396852944
ALL_MODELS,330.10079791666664,363.14754950486747,0.09684916963100976,0.06524940103362364,0.07178158987062672
