Model,MAE,RMSE,R2,MAE / Mean,RMSE / Mean
M24,72.44895833333332,89.09611406725791,0.8508316547232123,0.019039419655078015,0.023414253902153737
M36,255.55968958333332,288.5015564287237,0.20559027447093237,0.05837917182235252,0.06590429797918723
M48,393.13000416666665,400.04068731209446,-4.288206558093646,0.08598487286977126,0.08749636831760017
ALL_MODELS,244.17458541666667,289.15262629388775,0.46298578210093533,0.05700865122002827,0.06750989745150707
