Model,MAE,RMSE,R2,MAE / Mean,RMSE / Mean
M24,121.0591041666667,148.39544129556202,0.5035998485290052,0.029325149380273734,0.03594705671498131
M36,161.14998749999995,192.25489992657316,0.6248136285926496,0.03609788598308786,0.04306544210708924
M48,78.44814166666667,114.79234740877398,-0.31939059707746287,0.017492687051128393,0.025596866495810458
ALL_MODELS,130.4518052083333,165.16838613402575,0.6788920863890184,0.029747365858177482,0.03766390509266581
