Model,MAE,RMSE,R2,MAE / Mean,RMSE / Mean
M12,316.69412083333333,338.2829817353039,0.538293486581363,0.03640319218740271,0.03888477741687761
M18,206.0212499999997,247.593284351575,0.9194242970730243,0.01855037610909975,0.022293567031599917
M24,128.41499999999988,150.38978837147368,0.840704908899671,0.011325863507241359,0.013263981746511127
M36,499.76885416666687,547.677782785236,0.19853605483474768,0.04442192384042193,0.048680306011753785
ALL_MODELS,287.72480625,352.9539107272707,0.9216560823166455,0.02714745116539635,0.03330195675509033
