Model,MAE,RMSE,R2,MAE / Mean,RMSE / Mean
M12,113.53202916666663,130.59970887827907,0.5313126653890636,0.029502248857705873,0.03393742840986918
M18,161.87650833333336,194.73884747810976,0.6223379363021657,0.03306160549404727,0.03977339896922478
M24,719.5903000000002,747.1513975591214,-3.950772518064756,0.13587109443225004,0.14107510633890277
M36,278.3775458333336,346.31629923883844,-0.620117324537474,0.05595434833587383,0.06961015043074759
ALL_MODELS,318.34409583333337,428.1208044084131,0.513496338823265,0.06696459323014357,0.0900564386015208
