Model,MAE,RMSE,R2,MAE / Mean,RMSE / Mean
M24,58.72902916666667,71.76812436713287,0.7785943720707296,0.034287649605916126,0.04190023802693366
M36,60.649285416666686,89.05439123742605,-0.20961624736913942,0.03478386125482419,0.0510748901269694
M48,169.87891666666667,175.00336838007337,-7.690028217838442,0.08463090814737935,0.08718382648929446
ALL_MODELS,87.47662916666667,113.62021366914098,0.46663494588013565,0.048548679585607254,0.06305811506935953
