Model,MAE,RMSE,R2,MAE / Mean,RMSE / Mean
M12,67.68393333333336,74.76278428202654,0.5505764303413917,0.02521169002498798,0.02784850185110641
M18,100.30673750000001,116.90300290678131,0.6686325381719457,0.03192448679185233,0.037206557258682785
M24,204.4983666666666,223.65316037169953,-0.0848726623564684,0.08331003530689841,0.09111345479564077
M36,157.8779708333333,188.56106783834974,-1.716398614904247,0.06200309764199571,0.07405320855689473
ALL_MODELS,132.59175208333332,161.88869513558663,0.7326405717538009,0.04898295325980712,0.05980603063555393
