Model,MAE,RMSE,R2,MAE / Mean,RMSE / Mean
M12,278.3653041666667,284.4078591204724,-1.4992635074100495,0.0376652870802607,0.038482898196397046
M18,275.3381666666666,313.3750331846478,0.19747242684148325,0.03200769178606372,0.036429426392472646
M24,298.56244166666676,342.4664554203655,-0.023649283245677166,0.03822944929948677,0.043851141895754085
M36,215.50540416666664,239.76898087141345,0.44378542551388744,0.026867089679389944,0.02989203327089743
ALL_MODELS,266.9428291666667,297.43242048794673,0.6884256667458317,0.03355274324140315,0.03738505981769711
