Model,MAE,RMSE,R2,MAE / Mean,RMSE / Mean
M12,238.30478333333338,246.59956517024386,0.6731828127034247,0.036605254635407675,0.037879390206830725
M18,118.39947916666672,151.14552975720818,0.9534843657518419,0.014081904455126625,0.017976573240363728
M24,357.19827916666674,366.9762175444236,0.3226660225955439,0.04247346238072119,0.04363613006998765
M36,183.20341666666653,202.60759447163704,0.7730548838480757,0.021509691117046762,0.023787912116192085
ALL_MODELS,224.27648958333336,254.64568437759547,0.9330225892511445,0.02817083025311239,0.031985431743720164
