Model,MAE,RMSE,R2,MAE / Mean,RMSE / Mean
M18,69.89833750000007,91.46161186865284,0.7911325988132767,0.014058394509251823,0.018395336256768473
M24,310.64922916666666,348.3247472500321,0.5104648973374181,0.054508630773954875,0.06111943392943873
M36,239.66602708333332,293.84890219104346,0.0655176776472145,0.04103899606875049,0.050316951837449206
ALL_MODELS,214.96990520833333,274.94986389802676,0.6950060989456739,0.038471639784946235,0.04920582772994976
