Model,MAE,RMSE,R2,MAE / Mean,RMSE / Mean
M36,296.28811875,331.41431856275244,0.6292204284969376,0.03762468438485471,0.042085248605822655
M48,202.7314770833334,225.03704101388468,0.2264305575745058,0.025924188796061474,0.028776501909236973
ALL_MODELS,249.5097979166667,283.2641173681361,0.5581426024980249,0.031794813369438256,0.036096096510753246
