Model,MAE,RMSE,R2,MAE / Mean,RMSE / Mean
M36,627.758825,668.9469029218883,0.6359576551529861,0.07100340166831613,0.07566202775873189
M48,178.07347916666663,212.020976524877,0.7750815711955337,0.01800529361332819,0.021437779237985302
ALL_MODELS,402.9161520833333,496.20704016335196,0.7511773755010425,0.04302060008697557,0.052981555901472674
