Model,MAE,RMSE,R2,MAE / Mean,RMSE / Mean
M36,177.96864166666668,199.94251496456218,0.5081175141741141,0.03749421642855576,0.04212364526213701
M48,94.9419375,123.5705447352443,0.7339104586697154,0.018652334604868946,0.024276723315317883
ALL_MODELS,136.45528958333333,166.20272082086862,0.7204995741258176,0.027744272162555407,0.033792559707224445
