Model,MAE,RMSE,R2,MAE / Mean,RMSE / Mean
M24,232.61771666666664,249.83880776887926,-6.247435299891491,0.05769705976581473,0.061968472695126155
M36,315.0090375,347.3762156320555,-0.16138976246125547,0.060254215283091044,0.06644533581332354
M48,250.9265666666668,283.5059972125709,-0.5547758751878868,0.04756601162643753,0.05374181673434303
ALL_MODELS,278.39058958333334,309.89334887044845,0.719903422665952,0.05634569703971849,0.06272179234295297
