Model,MAE,RMSE,R2,MAE / Mean,RMSE / Mean
M24,80.83061250000004,91.91094182195482,0.45091140761618076,0.024592245575782174,0.027963371580129247
M36,185.15203541666668,226.83291884085952,0.6625090946338738,0.05090002863639228,0.06235849386529015
M48,157.7857958333333,202.87808394855125,-0.12964842358567852,0.04667873554717353,0.06001866250974077
ALL_MODELS,152.23011979166668,195.26487415364937,0.663717900891863,0.04367460768111221,0.056021218299200384
