Model,MAE,RMSE,R2,MAE / Mean,RMSE / Mean
M18,110.47565000000009,114.51661433686895,0.729051940350458,0.023691756989804597,0.02455835107704069
M24,199.79997500000005,218.3077295586573,-0.3763093634260304,0.04215893477286116,0.04606417658898528
M36,137.61696666666668,164.49475569673822,0.7510076698660684,0.02884711533842533,0.03448120755083666
ALL_MODELS,146.37738958333338,169.47667173367418,0.6270972162740012,0.0309084077326946,0.03578595086328053
