Model,MAE,RMSE,R2,MAE / Mean,RMSE / Mean
M24,129.3701791666666,141.64616750180562,0.4469267996574282,0.03108863645466195,0.03403864967201353
M36,106.52979583333332,141.4426680139298,0.050683610079132024,0.02351099677687812,0.03121622533653636
M48,66.8859708333332,85.4667244548255,0.8438798320423893,0.014147901077884393,0.018078152233907192
ALL_MODELS,102.32893541666662,129.78853418810166,0.7700746870802657,0.02280172923639705,0.02892049059726609
