Model,MAE,RMSE,R2,MAE / Mean,RMSE / Mean
M36,289.4286895833334,347.24721860935915,0.6752310603788048,0.034035251676948035,0.04083439860956446
M48,191.2330166666667,250.26611908292662,0.41448536861375995,0.02284356689927034,0.029895312710862557
ALL_MODELS,240.330853125,302.6662858601579,0.6238018105604491,0.02848330502092567,0.03587111695235264
