Model,MAE,RMSE,R2,MAE / Mean,RMSE / Mean
M36,137.903475,190.02670328695032,0.8602027258297156,0.024522985273687133,0.03379191167092198
M48,120.72155000000004,156.9056305866338,0.7074288820446415,0.019901548606460262,0.02586667445660853
ALL_MODELS,129.3125125,174.25487779671457,0.8620896643903296,0.02212479495268139,0.029814233489252346
