Model,MAE,RMSE,R2,MAE / Mean,RMSE / Mean
M18,131.54217083333333,143.05377540757326,-0.22727706254561997,0.03570674772380252,0.038831540007710885
M24,449.99207499999994,489.9464546007587,-2.5093044103961417,0.09634858998492296,0.10490329206107725
M36,159.55894791666665,188.6713441760759,0.39068695776860296,0.041966189041095885,0.04962314805726928
ALL_MODELS,225.1630354166667,287.9694702831484,0.5999836829150793,0.05643684798671562,0.07217920645416062
