Model,MAE,RMSE,R2,MAE / Mean,RMSE / Mean
M36,92.31748541666666,118.60852787809023,0.8255368016589454,0.03254268141326459,0.04181049254333525
M48,249.3696583333333,258.7212030380555,-3.032190755597398,0.08419495100832118,0.08735232329462296
ALL_MODELS,170.84357187499995,201.25188668291588,0.22888623275287256,0.05892554592683609,0.06941365812857907
