Model,MAE,RMSE,R2,MAE / Mean,RMSE / Mean
M36,217.45860624999992,254.8232537607549,0.7819974898916638,0.05075891781228267,0.059480527431645926
M48,226.43144791666668,296.61452633344993,-0.62192800237979,0.04916877932042217,0.06440878386242686
ALL_MODELS,221.94502708333326,276.5095548884658,0.621160819153672,0.04993513433703313,0.06221153927294115
