Model,MAE,RMSE,R2,MAE / Mean,RMSE / Mean
M36,156.30762291666665,182.2174159490393,0.8722175710069027,0.032655080127786625,0.03806803665401808
M48,165.26292916666668,213.238792908247,0.5978448010228171,0.033772215457711405,0.043576296840151636
ALL_MODELS,160.78527604166666,198.3355357419737,0.7922064302680898,0.03321981237248302,0.04097806370302742
