Model,MAE,RMSE,R2,MAE / Mean,RMSE / Mean
M12,162.2437708333334,185.85076612329206,0.8146825164753108,0.02315287489594483,0.026521693346170827
M18,189.8964666666668,239.61437903917624,0.7958143557341633,0.021562604441668812,0.027208036907959945
M24,117.38948333333333,133.74082445881413,0.8734988314694807,0.014362790839943717,0.016363403551313948
M36,398.6175833333336,432.1637745715354,-0.4371210572016089,0.047964092691193165,0.05200057450549413
ALL_MODELS,217.03682604166679,272.3085079876246,0.8803594629220609,0.02687915116441079,0.03372433002751957
