Model,MAE,RMSE,R2,MAE / Mean,RMSE / Mean
M36,802.0261041666668,859.1335325716921,-0.3929887058507131,0.08971313750393252,0.09610106746080005
M48,438.09209375,483.89046902062995,-0.6131339742736859,0.04485460194149906,0.04954372535102533
ALL_MODELS,620.0590989583333,697.2303825845944,0.04401670319269879,0.06629225672882458,0.074542855026373
