Model,MAE,RMSE,R2,MAE / Mean,RMSE / Mean
M36,138.69388541666663,163.4432082693041,0.6498731983858446,0.026202234388406524,0.030877909573299896
M48,159.75529791666662,216.14386623896138,0.462734761862039,0.028278714961628804,0.03826020710289285
ALL_MODELS,149.2245916666666,191.61400424041184,0.6760232114823412,0.02727426229102449,0.0350219126212149
