Model,MAE,RMSE,R2,MAE / Mean,RMSE / Mean
M18,206.47545833333325,213.99320225471914,-1.5993171379771107,0.04060281369319763,0.04208115672871916
M24,139.54647916666667,162.07435484239045,0.7935212327225485,0.02263848951256937,0.0262931648599583
M36,159.18918124999996,188.64117308376268,0.7889771668936993,0.02877194567239262,0.03409511589244658
ALL_MODELS,166.10007499999998,189.2301320308439,0.8664544155446783,0.029773763861684704,0.03391987190012868
