Model,MAE,RMSE,R2,MAE / Mean,RMSE / Mean
M18,97.77474999999998,106.95163781956542,-0.8727159123304833,0.03581711337688503,0.0391788159788383
M24,125.02779166666664,133.21290322737443,0.2722058836315864,0.03709564841142292,0.039524164636629826
M36,83.60809166666667,116.70917001251266,0.3106855491562458,0.02767849758264192,0.03863662494465669
ALL_MODELS,97.50468124999998,118.7711993167667,0.795594668622712,0.03212244860140219,0.039128600765306686
