Model,MAE,RMSE,R2,MAE / Mean,RMSE / Mean
M24,257.376225,261.8332045707423,-0.4832783214415248,0.05426205363809657,0.05520170866851564
M36,349.35413333333327,397.5055116150319,-1.7084170899877846,0.06644898101514111,0.07560762468357193
M48,226.37145833333344,240.00472619528605,0.0382754989352635,0.043112214128140446,0.045708656133940116
ALL_MODELS,295.61398749999995,332.48314210667695,-0.05417751415168515,0.057655700162937244,0.06484655382057598
