Model,MAE,RMSE,R2,MAE / Mean,RMSE / Mean
M18,227.637975,244.19328238443964,0.6874591717253906,0.03335762242031994,0.03578360469670626
M24,174.82163750000007,222.75244574275067,0.8962145217553437,0.020197070843702924,0.02573449712295725
M36,199.20994791666672,256.6011097081077,0.6241019773168961,0.022123274597541064,0.02849685405510453
ALL_MODELS,200.2198770833334,245.42680693687905,0.9439126929096199,0.023914673829872217,0.029314282490342475
