Model,MAE,RMSE,R2,MAE / Mean,RMSE / Mean
M12,123.26102916666662,141.2217958722805,0.5243917122834162,0.02704501339330608,0.03098583053065588
M18,332.07246250000003,345.94505404685236,-0.3203940902937199,0.07091903308476748,0.07388173216398633
M24,247.08158333333347,271.5418031107673,-0.40624161254363034,0.05155767893162694,0.05666171032428893
M36,81.51694583333328,109.4472210074735,0.0920373733098675,0.016085431568907953,0.021596807460406195
ALL_MODELS,195.98300520833334,237.34743577284397,0.33729701455899475,0.041043292692238054,0.04970594397111935
