Model,MAE,RMSE,R2,MAE / Mean,RMSE / Mean
M24,193.85690000000002,209.20826288546783,0.7705981053641862,0.028407409940163636,0.03065696855080735
M36,160.2261416666667,188.9350022522517,0.8883373920008257,0.018069980616284675,0.021307707924081817
M48,197.31247916666658,231.0748550586701,0.800326870119461,0.022093194520905832,0.025873587637551588
ALL_MODELS,177.90541562500002,205.27819906900555,0.9607620551545878,0.02124938866818375,0.02451885020924075
