Model,MAE,RMSE,R2,MAE / Mean,RMSE / Mean
M36,114.30980833333335,136.12579802783682,0.8220214869258472,0.023252605438025497,0.027690357613473722
M48,202.28729166666668,230.696360051871,0.4386797096335374,0.041160967875946385,0.0469415818806849
ALL_MODELS,158.29855,189.40834647646594,0.639314550559514,0.03220545832927145,0.03853467141464045
