Model,MAE,RMSE,R2,MAE / Mean,RMSE / Mean
M12,118.58592500000002,125.06888828500345,-2.952263028434905,0.05378757961181563,0.056728087971577544
M18,58.84612500000003,70.31567110933857,0.858569438085957,0.024340887939057608,0.029085107487231147
M24,190.05942499999995,201.94019187991856,-1.1869775346709859,0.07512230237154148,0.07981825766004685
M36,269.01947083333334,276.20992463305504,-5.6994575750922625,0.10475326194532328,0.10755314660814994
ALL_MODELS,159.12773645833332,185.51164652300108,0.0757490332134454,0.06548185820223755,0.07633896894941106
