Model,MAE,RMSE,R2,MAE / Mean,RMSE / Mean
M12,104.35705000000003,123.09313262064691,0.6966213137389783,0.02554926807373329,0.030136339072065674
M18,135.03534583333337,164.43145509461658,0.7063172345425903,0.02771305935370224,0.033745969594339106
M24,365.5297041666666,374.98017835660045,-1.4702527938572771,0.07300009070181568,0.07488744887045792
M36,96.92770833333327,118.77570701329948,0.7705276221337962,0.019965197912733004,0.024465455116200244
ALL_MODELS,175.46245208333335,221.87126079088864,0.7498889343193859,0.03729424968228454,0.047158364077397055
