Model,MAE,RMSE,R2,MAE / Mean,RMSE / Mean
M12,248.10437499999998,264.0733263154225,0.5439605433691689,0.026870631185158776,0.028600128301888277
M18,606.5444583333334,648.0110576324104,0.4221679563338714,0.051320887155911564,0.05482945546303111
M24,310.5982916666667,353.8922309216582,0.5651561834301215,0.02755475013769319,0.03139557512177917
M36,242.99887500000014,295.03877425920655,0.7929966711807919,0.020948479863216435,0.02543474253301397
ALL_MODELS,352.0615000000001,418.9094896001552,0.8792252604097399,0.03206109060001594,0.03814871861671046
