Model,MAE,RMSE,R2,MAE / Mean,RMSE / Mean
M18,183.11339166666667,200.02857232220185,0.1899527036842933,0.02786742886855505,0.030441694952681623
M24,152.83562083333334,189.17150137426995,0.4550964749506694,0.02010521039447937,0.024885120464925914
M36,140.4867208333334,173.63090130028343,0.6390361600440361,0.019566849857239037,0.024183138136950732
ALL_MODELS,154.2306135416667,184.45369774698966,0.83448637108822,0.02162187182377888,0.02585890128116495
