Model,MAE,RMSE,R2,MAE / Mean,RMSE / Mean
M12,127.31012916666673,149.38241955527408,0.5858170385318109,0.02458456184675299,0.028846890317473655
M18,118.4564583333334,138.5424673680602,0.7866356186699611,0.01942466417961438,0.022718397469447822
M24,71.54173333333328,96.75980843039024,0.7514828000224043,0.011526517679124059,0.015589552985877954
M36,185.09638750000008,238.76270847638582,0.3721234579723067,0.029674969772677185,0.03827884624101203
ALL_MODELS,125.60117708333337,164.22485654057016,0.8959222032456535,0.021179855647539707,0.027692883427035495
