Model,MAE,RMSE,R2,MAE / Mean,RMSE / Mean
M24,88.74287500000003,101.73618179759524,0.802271730700662,0.019403888377686477,0.022244912795225037
M36,360.157225,411.95512769395316,-0.822223296958065,0.06788934626123631,0.07765320911750864
M48,258.88314999999994,268.9331008426383,-0.5499935384134815,0.047627482484247315,0.04947640103196007
ALL_MODELS,266.98511875,324.8420069365539,0.4351250160833533,0.05179358081073435,0.06301748507842454
