Model,MAE,RMSE,R2,MAE / Mean,RMSE / Mean
M12,260.0584541666666,278.7368460914366,-1.008061979994649,0.04788738941957263,0.05132684471703286
M18,88.59666666666662,111.65740868316794,0.5509867435605688,0.014591018884497138,0.01838890129828194
M24,269.8249375000001,284.53307234288764,0.10890526567451086,0.04884667053871801,0.05150929847654369
M36,370.7849333333332,391.5990275598624,-2.742262399170606,0.06506378106469936,0.0687161508027045
ALL_MODELS,247.31624791666664,284.81154906602455,0.2606322390310839,0.043531374310607836,0.05013111049038217
