Model,MAE,RMSE,R2,MAE / Mean,RMSE / Mean
M18,81.71763333333332,87.14229257412843,0.018732888559039318,0.035860072041103655,0.03824057014461397
M24,71.31803333333335,83.62083607590974,0.07894487565796582,0.02897781840960266,0.033976671674908726
M36,72.8221625,89.77529853739233,0.640978531496687,0.030923182674699436,0.038122157610294256
ALL_MODELS,74.66999791666667,87.61482727835654,0.6016238910858376,0.031607045128860874,0.0370864587787307
