Model,MAE,RMSE,R2,MAE / Mean,RMSE / Mean
M36,125.03782083333334,150.18422452997243,0.865915544981198,0.026466998580034044,0.03178978672922165
M48,91.71890833333339,110.2356381172604,0.8349063603519117,0.017491785927132592,0.021023126185500014
ALL_MODELS,108.37836458333338,131.7330581304267,0.9078488809713808,0.021745621331951116,0.026431633380124744
