Model,MAE,RMSE,R2,MAE / Mean,RMSE / Mean
M12,60.02809166666668,70.1796258265175,0.4593654423982806,0.03284636009210917,0.03840110849812863
M18,199.8622833333333,217.39948445201446,-1.9394117298066185,0.08631185086551263,0.09388540732803734
M24,148.23191250000002,165.81781861514085,-1.4890796280617877,0.07113424578101256,0.07957345530599416
M36,127.90276666666666,147.2631988227371,-1.159863029668065,0.06086019271184424,0.07007250033200543
ALL_MODELS,134.00626354166667,159.19305451160582,0.3892399193024987,0.06436001350776697,0.07645662872708887
