Model,MAE,RMSE,R2,MAE / Mean,RMSE / Mean
M24,237.94675000000004,254.31933372023977,-1.8038325940869915,0.030610317213580474,0.03271654468372849
M36,278.46289583333345,322.7209812389863,0.5373520789328297,0.03237297581391294,0.037518242741198075
M48,196.02162500000017,237.25428329299993,0.0032826823446985287,0.023415702318914176,0.02834113670609666
ALL_MODELS,247.72354166666673,286.90833985285707,0.6669782482642589,0.0297135653214753,0.03441364369384447
