Model,MAE,RMSE,R2,MAE / Mean,RMSE / Mean
M24,94.20139583333359,109.57694777657983,0.9498300649945582,0.01085134103846489,0.012622496936048284
M36,420.6485,475.8723174228741,0.43225054575368616,0.03762074298213907,0.04255969092028343
M48,506.62827083333354,561.7487994501433,0.19111985898614958,0.0452744168987653,0.05020021740368568
ALL_MODELS,360.53166666666675,441.72325786247154,0.8726085942469748,0.03414624136257267,0.041835961644887065
