Model,MAE,RMSE,R2,MAE / Mean,RMSE / Mean
M12,131.44410416666662,166.86098484303355,0.1381046906643053,0.03398610781926697,0.043143474997660095
M18,108.80927500000003,124.59165472466114,0.09462352818195996,0.02638520202479465,0.03021227722097812
M24,194.27015416666669,213.3703566943237,0.6120664194676513,0.05612513933528343,0.0616432361978473
M36,327.7711791666667,353.9695867848907,-3.653947385566532,0.08634930791099989,0.0932511178015321
ALL_MODELS,190.57367812500001,231.4017319373093,0.48670952665031497,0.049990772715721825,0.060700677560071185
