Model,MAE,RMSE,R2,MAE / Mean,RMSE / Mean
M18,116.06055000000008,139.7744464248324,0.48107212151760914,0.018516114708111212,0.022299391854208345
M24,158.80495833333342,174.84171808464137,0.698527285164532,0.02191571980587438,0.02412885683252865
M36,168.92579791666668,203.54577153826023,0.6070064219914666,0.023735464862697116,0.028599856078112305
ALL_MODELS,153.17927604166672,182.32408266488605,0.8611653528968494,0.022081255002184826,0.026282566848453225
