Model,MAE,RMSE,R2,MAE / Mean,RMSE / Mean
M36,186.17523125,223.87097671910774,-0.7961322546632441,0.04816433707017355,0.05791638936357212
M48,573.5859770833333,594.325850691506,-4.749255187195543,0.1569971938848244,0.16267393998410357
ALL_MODELS,379.88060416666667,449.07762748624515,-2.6076972152598903,0.10104691236246457,0.11945307860107877
