Model,MAE,RMSE,R2,MAE / Mean,RMSE / Mean
M18,30.54289583333332,34.66263552206346,0.6123391401158846,0.015099688954805743,0.017136391309881826
M24,107.26631666666664,119.556144061751,0.1206494882967778,0.045142589605106254,0.050314713079224666
M36,81.75685208333333,96.07991275195633,0.2103207889507055,0.038386126788805965,0.04511102884679022
ALL_MODELS,75.33072916666666,92.13830521707118,0.6913778647288296,0.03480031952725365,0.04256486692382275
