Model,MAE,RMSE,R2,MAE / Mean,RMSE / Mean
M24,54.023649999999954,63.62278233837176,0.5315203650508525,0.02505105782792664,0.029502227256620793
M36,75.50917916666667,88.45014235732374,0.8529271494373146,0.030584448044824734,0.03582609178566098
M48,51.28762500000005,63.57133413197466,0.752193890958596,0.021732428185525895,0.026937481579254432
ALL_MODELS,64.08240833333333,77.03250664793511,0.8791378848970385,0.02711263541088223,0.03259169437996038
