Model,MAE,RMSE,R2,MAE / Mean,RMSE / Mean
M12,66.29106666666667,77.91129035234562,-0.5192045804787624,0.027877303709414585,0.03276394260581197
M18,62.93632083333332,68.68259167644241,0.7912236485273996,0.022384322529972283,0.024428076886655374
M24,62.109183333333306,76.30537814971929,-0.07391310211316071,0.02512253345468027,0.030864749984718085
M36,67.72829166666664,83.01527199099671,0.458068762380584,0.025690742994420816,0.031489411069588295
ALL_MODELS,64.76621562499999,76.65101708730165,0.8472530770320981,0.025156507859440427,0.029772805083372614
