Model,MAE,RMSE,R2,MAE / Mean,RMSE / Mean
M18,252.20659166666664,274.10913640749607,-0.23862897715026699,0.04426100646406738,0.048104794479071525
M24,277.00482500000004,288.7283714678282,-4.435841972513315,0.04761987708440778,0.04963527101045697
M36,764.41730625,801.1881282214555,-4.161027338353172,0.13545492727406971,0.14197072561514273
ALL_MODELS,514.5115072916666,600.4799590241389,-3.1822896400802287,0.09025791913661912,0.10533889099984164
