Model,MAE,RMSE,R2,MAE / Mean,RMSE / Mean
M24,89.78992499999993,112.81362486454144,0.9517742628238014,0.01341925685142632,0.01686018791526708
M36,379.4378520833334,424.4247154831348,0.557881489593282,0.048124020768377115,0.05382969492995421
M48,629.6683333333333,658.4033090913957,-5.859157278064737,0.07527528305364196,0.07871047793199488
ALL_MODELS,369.583490625,449.02519684407946,0.6979253485239076,0.04795866891771334,0.05826735040231146
