Model,MAE,RMSE,R2,MAE / Mean,RMSE / Mean
M24,138.18344166666668,153.50636325251585,-1.2526139602166029,0.05726426425389371,0.06361419895121008
M36,86.51727708333333,103.3642441023964,0.6337068914895807,0.0326108547646158,0.03896096208657605
M48,85.34064166666666,97.6136643062802,0.3039332551297095,0.03203527645264721,0.03664233899039219
ALL_MODELS,99.139659375,116.68436585082004,0.5713958159093733,0.03819276266683788,0.04495172083468592
