Model,MAE,RMSE,R2,MAE / Mean,RMSE / Mean
M24,79.33327916666671,93.87994896025238,0.6501293635176943,0.025778831286640776,0.030505676695406884
M36,105.64805833333334,133.70418878182477,0.7449844799517806,0.029730181566620353,0.03762539389185494
M48,229.37242500000002,266.3545410847745,-1.4043229583717416,0.06733539887956554,0.07819200266695928
ALL_MODELS,130.00045520833336,169.93513951569295,0.6662631386244885,0.03826074761484317,0.05001402090079993
