Model,MAE,RMSE,R2,MAE / Mean,RMSE / Mean
M24,33.65561666666662,44.59335263775304,0.9327747707013028,0.012205119371411284,0.01617166006808814
M36,91.77232083333331,115.69359868672328,0.74368797253233,0.032746103982991624,0.041281669444126
M48,72.97664166666665,83.81367518295666,0.4417761041345353,0.0250728576745784,0.02879617780500701
ALL_MODELS,72.54422499999997,94.58239371219983,0.775395949628402,0.025740495867768585,0.03356018641749281
