Model,MAE,RMSE,R2,MAE / Mean,RMSE / Mean
M12,55.78968333333336,71.54272952186805,0.7876410613532936,0.014831436230310824,0.019019312662274676
M18,361.8778333333333,392.1038418924572,-0.8175566535021495,0.07849206047953437,0.08504814508417584
M24,193.27683749999997,208.33647737896555,-0.14169837379316474,0.046171742397849984,0.049769327199474175
M36,490.5094083333333,516.1691929134784,-10.33864324147645,0.1174333719051134,0.1235766078439387
ALL_MODELS,275.363440625,342.30779588474616,0.1164828730305616,0.06581770225924838,0.08181882293243077
