Model,MAE,RMSE,R2,MAE / Mean,RMSE / Mean
M36,141.80549791666664,176.68467213083017,0.6967667297338704,0.028586816320530853,0.035618169556623544
M48,422.19087500000006,437.31389038708704,-3.078120971871922,0.08022280106567015,0.08309640806845378
ALL_MODELS,281.99818645833335,333.5123026902217,-0.13785721851805155,0.05516801143635015,0.06524584700368703
