Model,MAE,RMSE,R2,MAE / Mean,RMSE / Mean
M24,225.72945833333316,239.06638821753037,0.7319461771177294,0.025279896034082882,0.026773525635534732
M36,455.3839583333335,514.5825034312506,0.5161750396168554,0.03878255546782823,0.043824171047080064
M48,624.3320833333331,712.2537278364478,0.06052907514494699,0.05397430956043123,0.061575248522492625
ALL_MODELS,440.20736458333334,522.9838468986011,0.8552591023442714,0.040036708607721815,0.04756520124247245
