Model,MAE,RMSE,R2,MAE / Mean,RMSE / Mean
M36,391.61237291666674,426.8720554811537,0.9066516089635054,0.039545487612972725,0.043106052693453425
M48,432.15713541666656,481.7467537424303,0.10752653075029128,0.038263111731709605,0.04265376723923025
ALL_MODELS,411.8847541666667,455.13716970385696,0.8697271550030838,0.038862207938356604,0.04294316589914176
