Model,MAE,RMSE,R2,MAE / Mean,RMSE / Mean
M12,167.07974166666668,181.5360756200885,0.33280590808187227,0.02542732005504087,0.027627382292326134
M18,154.56173750000002,184.5388714531519,0.48145802581016905,0.020332277478445324,0.02427570756277657
M24,145.54064583333346,181.67745705559838,0.6438942414268801,0.020016822156766128,0.024986871034912844
M36,167.84118750000007,200.87089246424043,0.3014312025254561,0.023677120437312654,0.028336574496806974
ALL_MODELS,158.75582812500008,187.32709071989206,0.8292895113165577,0.02225626993352572,0.026261727497911197
