Model,MAE,RMSE,R2,MAE / Mean,RMSE / Mean
M36,205.73161041666665,254.5966215526276,0.848390752873714,0.029548172074541298,0.03656640206139401
M48,185.5920125,211.64296201549263,0.6053949445651623,0.025956319782755647,0.029599724297637717
ALL_MODELS,195.66181145833335,234.10700873393682,0.8037907389892691,0.027728374903308477,0.03317666772725894
