Model,MAE,RMSE,R2,MAE / Mean,RMSE / Mean
M18,76.86006249999998,84.28218384060823,0.3475004207758027,0.04448993053880661,0.04878617558667207
M24,56.20064999999999,69.90437384472686,0.4804712602939172,0.030593018666787628,0.03805268825043536
M36,257.27667708333337,265.9511429914231,-5.171286376205471,0.15780416448368836,0.16312476664820155
ALL_MODELS,161.90351666666666,195.8635551298749,-1.1225070939783013,0.09488387380347724,0.1147862210177036
