Model,MAE,RMSE,R2,MAE / Mean,RMSE / Mean
M18,78.52663333333328,92.82937622507572,0.5565467786684137,0.019924507077990025,0.023553531905420474
M24,209.2439333333331,232.08700189194295,0.2414669265112005,0.0428215495335709,0.04749635934142803
M36,372.64927708333335,396.74686901954806,-2.998884226619954,0.08150424126162498,0.08677476254739208
ALL_MODELS,258.26728020833326,307.1228686092735,0.41134439846197524,0.05748241214301941,0.06835617464861904
