Model,MAE,RMSE,R2,MAE / Mean,RMSE / Mean
M36,182.81751041666666,195.1338235897125,-0.23677832595688786,0.07910254202911614,0.08443163593371072
M48,217.55195833333332,228.93312310602212,-2.407563682020903,0.08534587062236933,0.08981071398054073
ALL_MODELS,200.18473437499998,212.70588139943158,-0.21508469437624478,0.08237701787474816,0.08752953240321246
