Model,MAE,RMSE,R2,MAE / Mean,RMSE / Mean
M24,124.6108208333333,129.36357100903476,-1.0469132220627575,0.0682845788524328,0.0708890039093279
M36,73.66618125,89.2605892720753,0.11519440503863732,0.0332807203968112,0.04032592247366622
M48,38.76623750000001,48.02897205475306,0.8094694491959771,0.01742009211930574,0.021582417369995197
ALL_MODELS,77.67735520833332,93.51018828881972,0.7728344756841479,0.03665232805611123,0.0441231049713039
