Model,MAE,RMSE,R2,MAE / Mean,RMSE / Mean
M12,57.25465000000002,66.89914858330911,0.5888977469776933,0.0331414692971878,0.038724122473576254
M18,54.02670000000001,66.87172895572789,0.5245706583463529,0.0294096214475266,0.03640185749138037
M24,104.99749166666668,113.77741266387925,-0.9530908287835351,0.0675279309697993,0.07317463633017397
M36,216.02747083333335,221.47624042563893,-9.010612886868493,0.1266404323400098,0.12983463044004237
ALL_MODELS,108.07657812500001,133.1769020140712,0.018704741871957475,0.06333849079410042,0.0780485848881058
