Model,MAE,RMSE,R2,MAE / Mean,RMSE / Mean
M36,123.56295208333336,169.26982573907642,0.6040515406923894,0.030159526582085382,0.041315764335896205
M48,306.15844791666666,318.2412451658231,-1.4698404892336852,0.06818926788299491,0.07088041393499903
ALL_MODELS,214.86069999999998,254.8820943401388,0.3180847364988515,0.050044344161468524,0.05936593918643007
