Model,MAE,RMSE,R2,MAE / Mean,RMSE / Mean
M24,193.43599166666664,195.5563733002008,-8.662537883348296,0.08773767883128908,0.08869943037069943
M36,258.95183125,278.65517003871736,-1.5915477077778455,0.10467810799885467,0.11264294151907862
M48,193.65943333333328,203.84490353871982,-2.6488902263859857,0.07540888131743326,0.07937499286005152
ALL_MODELS,226.249771875,242.4316642972048,-0.5784333170638658,0.09310291096918,0.0997618405098018
