Model,MAE,RMSE,R2,MAE / Mean,RMSE / Mean
M24,103.22640833333328,116.81546877381363,0.6970793849675833,0.030555801132229048,0.03457826626588299
M36,212.83690625000006,246.31831557278392,-0.2542809327763105,0.05561001518689682,0.06435803597766943
M48,223.68361666666658,288.15678425438665,-1.020290583576592,0.06199442000115478,0.07986330414117766
ALL_MODELS,188.14595937499996,233.46606350276164,0.32064456187153045,0.051402342444896616,0.06378400357518141
