Model,MAE,RMSE,R2,MAE / Mean,RMSE / Mean
M36,73.60272083333335,85.91966693553054,0.5750065181368351,0.034087827328689146,0.03979220791672745
M48,82.30656666666665,109.35733987808042,0.14499732649921682,0.03619395716144163,0.04808941783304195
ALL_MODELS,77.95464375,98.33925195851985,0.4903579881007132,0.03516816951446456,0.04436440622952455
