Model,MAE,RMSE,R2,MAE / Mean,RMSE / Mean
M18,40.00744999999997,50.372243788494245,0.9496466719837637,0.009388114513668888,0.011820308292501289
M24,121.14644583333332,140.87769633820827,0.7485876950617321,0.023953228211528795,0.027854515971075015
M36,108.35906875,137.3539349478178,0.7974767548415137,0.022743108944227028,0.028828740801046172
ALL_MODELS,94.46800833333332,122.59291900549013,0.9065877445322948,0.020048300225044984,0.026017057933669326
