Model,MAE,RMSE,R2,MAE / Mean,RMSE / Mean
M12,310.47337916666663,324.8853671173091,-1.7735822355304895,0.07010670361101179,0.07336101472268614
M18,168.69721250000006,238.66238012256028,-4.272394826437066,0.037192110049605015,0.05261709648118176
M24,230.3133875,249.53451456626948,0.054541914028041316,0.056665210616420804,0.06139428531467361
M36,447.8958041666667,465.52572537128526,-8.240627023045992,0.10138167782703009,0.10537222869858386
ALL_MODELS,289.3449458333334,332.2242873402693,-0.6692848160896998,0.06633768577317224,0.07616856868303354
