Model,MAE,RMSE,R2,MAE / Mean,RMSE / Mean
M24,109.68209166666668,117.29167088274714,0.1714277470663006,0.029045561575213236,0.031060699127055703
M36,267.72473958333336,336.64945963062326,0.6226082177133969,0.06774482851328983,0.08518547799229241
M48,119.46776249999999,147.0281533423347,0.2764242042981506,0.033063415168532846,0.04069091756380992
ALL_MODELS,191.14983333333336,255.94937549880103,0.6393200000012587,0.04999532478571936,0.06694367415141837
