Model,MAE,RMSE,R2,MAE / Mean,RMSE / Mean
M36,136.93965416666666,157.52682714933297,0.6601590246078762,0.02897350594624139,0.033329312030749354
M48,257.77063125,275.36939912219924,-1.2848722712211527,0.05056432950003678,0.05401650670567624
ALL_MODELS,197.35514270833337,224.32454975398576,0.42559230572384865,0.04017714180895913,0.04566751655423788
