Model,MAE,RMSE,R2,MAE / Mean,RMSE / Mean
M24,218.2083375,278.77939303804726,-1.022895621470576,0.027452481574284728,0.03507284019643508
M36,170.8882770833333,210.3644623612468,0.8036861443874573,0.019722998518846235,0.02427912581473038
M48,261.1917041666666,320.5967082722291,0.2735479539034016,0.03082635479365828,0.03783744934170059
ALL_MODELS,205.2941489583333,259.329237354142,0.7238204154411885,0.024330858014098587,0.030734937576076385
