Model,MAE,RMSE,R2,MAE / Mean,RMSE / Mean
M18,86.68695833333341,93.9234700440826,0.644721722558276,0.01791222481467771,0.019407513461656856
M24,93.38623750000006,125.03417440722129,0.42558914542585324,0.017356692480446072,0.023238753084281815
M36,122.17180208333326,148.80274593932717,0.7423072650402149,0.02405154007054383,0.029294281868131017
ALL_MODELS,106.10419999999999,131.09126343218395,0.8147646256673103,0.020826056074537056,0.02573049891635366
