Model,MAE,RMSE,R2,MAE / Mean,RMSE / Mean
M18,98.91271666666667,108.97711314622825,-0.09661905307297158,0.03820375937429592,0.0420910025348334
M24,81.62479166666664,108.49180028585104,0.5751115795715731,0.026462534952518598,0.035172745908501064
M36,282.61356875,289.849180013486,-4.060823342969346,0.09541912891177277,0.09786209627161949
ALL_MODELS,186.4411614583333,218.90156248182151,0.0877029741146862,0.06430530046634618,0.07550119639805006
