Model,MAE,RMSE,R2,MAE / Mean,RMSE / Mean
M18,321.23314166666665,344.8288751238842,-3.0381169690152925,0.05619566301242055,0.06032343724833242
M24,155.28219583333328,184.6909773387619,0.0869293756819507,0.02428830154002567,0.028888245205783963
M36,413.69614166666656,458.9165259308571,-2.0514303545811314,0.07052490286469246,0.07823385367793392
ALL_MODELS,325.9769052083333,378.8886596925423,-0.22268686258623727,0.05469057492437044,0.06356781201314243
