Model,MAE,RMSE,R2,MAE / Mean,RMSE / Mean
M36,73.1625145833333,89.52224039863756,0.9087092915571658,0.025559887186578832,0.03127528322817135
M48,196.30336458333332,245.86956993085744,-0.2992977832021875,0.07388447906783448,0.09254016166015444
ALL_MODELS,134.73293958333332,185.02172432443746,0.5595045627987736,0.04882254742833847,0.06704545999692743
