Model,MAE,RMSE,R2,MAE / Mean,RMSE / Mean
M24,121.54170416666665,132.15217024505782,0.10127763584965044,0.030838690545412252,0.03353087659116163
M36,336.7747458333333,356.7608949319791,-0.9531715019678555,0.071031416920792,0.07524682946829218
M48,150.9777958333332,190.55123692606816,0.3992447091383151,0.03319439624767538,0.041895122584721695
ALL_MODELS,236.51724791666663,277.63764257565407,0.5189461816188572,0.052641518943907846,0.06179366346397572
