Model,MAE,RMSE,R2,MAE / Mean,RMSE / Mean
M24,83.73112916666662,102.81503133670229,0.817039297570251,0.013594554864023804,0.016693010093903768
M36,181.53697500000007,221.26486541051602,-0.11255412187753078,0.02879149515448488,0.035092279687510594
M48,141.31724166666666,180.29324872134467,0.13504661375985172,0.020652489602552625,0.026348550259782565
ALL_MODELS,147.03058020833336,187.74508484480444,0.6902694154369216,0.022962540223265566,0.02932113888390195
