Model,MAE,RMSE,R2,MAE / Mean,RMSE / Mean
M18,203.28482083333327,237.91958196908413,-0.5938830597537146,0.0264495749709961,0.030955935591072327
M24,152.07183750000016,173.2509073741548,0.8043339524581381,0.017202210061932656,0.019597964692644982
M36,395.7066125000001,465.65969257442055,-0.3802108726515523,0.04838968052583309,0.056944016212096674
ALL_MODELS,286.6924708333334,360.65894657117525,0.557897270028766,0.034876368824954644,0.04387444987332201
