Model,MAE,RMSE,R2,MAE / Mean,RMSE / Mean
M18,176.0818291666666,199.31118355244868,-3.6124097933828274,0.04367424788912887,0.049435913283851635
M24,414.28216249999997,454.8551610743958,-0.33181846896857237,0.07984494723993382,0.08766461514692113
M36,307.66554791666664,347.16711027586524,-1.38482222113675,0.0583653312307826,0.06585892869998156
ALL_MODELS,301.423771875,349.16621055010535,0.6444114970748905,0.06100756694419086,0.07067054078806634
