Model,MAE,RMSE,R2,MAE / Mean,RMSE / Mean
M24,101.40242083333334,120.51645552651206,0.3901163950028832,0.03088124278300151,0.03670225909673366
M36,134.41095625,159.50156822039727,0.7435002599217082,0.03796897322873571,0.04505667501120561
M48,122.064275,138.67585260726116,0.3786330502463985,0.03623787882536306,0.04116944734883189
ALL_MODELS,123.07215208333334,145.46194405974083,0.7202311141576806,0.035849520890857786,0.04237141314359656
