Model,MAE,RMSE,R2,MAE / Mean,RMSE / Mean
M12,86.37950416666668,101.00791268621194,0.6236173569113435,0.017511873326406666,0.02047751707989396
M18,125.86112916666666,147.11227347007372,0.5537443925706529,0.021934668728941557,0.025638249123400788
M24,119.81499999999998,144.7917744258429,0.3699745178442264,0.022218135739893678,0.026849754189487495
M36,90.06032083333328,114.4620668561332,0.7022471274867668,0.015972862104640842,0.020300691727366222
ALL_MODELS,105.52898854166665,128.36553482255397,0.8779065504425345,0.019450891542300015,0.023660077956844976
