Model,MAE,RMSE,R2,MAE / Mean,RMSE / Mean
M36,278.00934374999997,311.8099398032,0.40017183211845564,0.058416062564021744,0.06551833368596117
M48,228.64996875,263.2503936572955,-0.46781554510495327,0.04476183261212688,0.05153541074325805
ALL_MODELS,253.32965624999997,288.5534684601766,0.38371589427033714,0.05134746183194018,0.05848698659114402
