Model,MAE,RMSE,R2,MAE / Mean,RMSE / Mean
M24,93.82037083333337,128.56208294153873,0.4953184061705129,0.014394318828350247,0.01972453950736072
M36,306.64289375,377.42065753424004,-0.07437871870237789,0.04151010025804814,0.05109125191884462
M48,172.39408750000004,238.73431692312883,0.46712085569677564,0.0238168207460281,0.032981945695113354
ALL_MODELS,219.87506145833333,299.3388500989206,0.6119245669631741,0.030826577765964595,0.04196743495940961
