Model,MAE,RMSE,R2,MAE / Mean,RMSE / Mean
M24,83.22172083333335,91.7726452188573,-0.9930190910496761,0.03342405575915793,0.03685833434162651
M36,74.96767499999999,103.93819020850806,0.8392620957481386,0.027161791035763345,0.03765819605688612
M48,65.33382499999998,80.04644958177407,0.5753039138681078,0.02436692773892773,0.029854153690172146
ALL_MODELS,74.62272395833332,95.4410122389135,0.8200583345890897,0.027919285316206067,0.03570822278014917
