Model,MAE,RMSE,R2,MAE / Mean,RMSE / Mean
M18,253.2863541666667,292.51973582555,-2.639724599706468,0.0830322287634372,0.09589369985129557
M24,718.4043333333333,748.3278793988613,-8.156518797779299,0.18219162043641357,0.18978041005518753
M36,258.4989583333333,294.53743393770355,-1.1839663733947292,0.07591328181879362,0.086496685993856
ALL_MODELS,372.1721510416667,452.5116050761186,-0.43461803295528756,0.10784505199293681,0.13112517269293947
