Model,MAE,RMSE,R2,MAE / Mean,RMSE / Mean
M24,52.80792083333339,65.77797785432892,0.7885547373683238,0.010424587709846446,0.01298495166440934
M36,143.0711416666667,175.29291695008203,0.5471517600304393,0.024891046361168408,0.030496884778864506
M48,293.0929625,324.528194935311,-0.8980348395913655,0.053192512912031815,0.058897593624121586
ALL_MODELS,158.0107916666667,206.82148410181696,0.6722176893983303,0.028636113245374423,0.03748201865104278
