Model,MAE,RMSE,R2,MAE / Mean,RMSE / Mean
M18,84.89347500000001,108.82368729532189,0.3581703538054367,0.0523441424314048,0.06709918032801679
M24,129.50220416666664,140.47747130930964,-0.5104737482969082,0.07596922418850213,0.08240758973952461
M36,77.27460416666669,91.01349391401395,0.5644732179689211,0.042103374689262986,0.049589063281072786
ALL_MODELS,92.23622187500001,109.70805236043573,0.5307902546300812,0.05272744070551947,0.06271532710427272
