Model,MAE,RMSE,R2,MAE / Mean,RMSE / Mean
M18,44.09667500000004,54.88741544652261,0.5886397281293005,0.019567359390600173,0.024355618287847918
M24,154.09385833333334,165.58170083931125,-0.45699192362735386,0.05561783920353716,0.05976420158425527
M36,107.35696666666668,141.04901200993638,-0.16838238655252136,0.04246645460089332,0.05579378452093144
ALL_MODELS,103.22611666666667,132.4948825475881,0.6382221088827621,0.040961728793102024,0.05257603037527367
