Model,MAE,RMSE,R2,MAE / Mean,RMSE / Mean
M12,46.23300416666658,61.20075506936501,0.9258879679112405,0.010398883817699578,0.013765481023633452
M18,46.267200000000116,60.30615862852793,0.942452558270049,0.009273765001628593,0.012087723987444735
M24,81.76077916666672,94.22593066850688,0.7028211894553735,0.016187181475462588,0.01865505998073109
M36,78.15983333333331,102.12786614528864,0.8223699442231915,0.015268201759740837,0.019950258324477062
ALL_MODELS,63.10520416666668,81.68689038537003,0.9452166621050538,0.012875273844793658,0.0166664714444713
