Model,MAE,RMSE,R2,MAE / Mean,RMSE / Mean
M12,176.55177083333328,204.20031125398552,0.11374842959166354,0.042486288252516734,0.049139769282633985
M18,216.99607916666665,244.04034340428302,-0.32646646870180307,0.044334300113221356,0.049859692699374236
M24,214.25957916666673,238.16333911264115,0.3294495675583754,0.04728704676077062,0.05256260185482907
M36,203.78194999999994,263.1093039229703,-0.08097543611572244,0.045825877723120155,0.05916723630031658
ALL_MODELS,202.89734479166665,238.32841743758644,0.5618197454140124,0.04501837446928498,0.05287973558202029
