Model,MAE,RMSE,R2,MAE / Mean,RMSE / Mean
M24,130.24887916666663,151.3622547073204,0.5693798901824327,0.032989363318804935,0.03833694727540646
M36,337.4045395833334,375.8194773427267,-0.051098142186244644,0.07342962544829683,0.08178989971957762
M48,125.0134416666668,148.809494074149,0.5703060548647112,0.028436920423095906,0.033849829944455165
ALL_MODELS,232.5178500000001,286.15352381938635,0.4980589397240196,0.05304312417126483,0.06527875987153972
