Model,MAE,RMSE,R2,MAE / Mean,RMSE / Mean
M12,42.53794999999997,57.426234674537014,0.5825648553629184,0.01861209800918835,0.02512633326385343
M18,106.35606250000005,120.22091606793967,0.3072714770574403,0.03636519118987921,0.041105852314089246
M24,74.72063750000001,85.59408807878955,0.6417657314334246,0.03030187560196685,0.03471144647591202
M36,125.52892916666666,150.5249033150758,-0.4941405503426779,0.04706084789977662,0.05643184903325396
ALL_MODELS,87.28589479166668,109.2416307105058,0.8356387336463769,0.033755149813488455,0.042245859073841485
