Model,MAE,RMSE,R2,MAE / Mean,RMSE / Mean
M24,35.73459166666669,39.25481842175557,0.4132632686905836,0.01254157027331355,0.013777044618138043
M36,124.41931666666669,142.1306245082011,0.6243357907145946,0.037073003457673,0.04235041049092533
M48,137.61185000000003,165.48724836798354,0.41582803529016543,0.04529375042856948,0.05446869674879116
ALL_MODELS,105.54626875000001,131.65219233639272,0.7989884135637422,0.03350774923856861,0.04179559068984758
