Model,MAE,RMSE,R2,MAE / Mean,RMSE / Mean
M12,112.00168749999993,131.7420655363682,0.9342335039781249,0.016738842496590623,0.019689075534587708
M18,89.71923333333332,109.8145441033237,0.9768437545312304,0.011783326948965184,0.014422556110276838
M24,86.04958333333332,116.54477838991048,0.9080765470666404,0.010551649788986418,0.014291059162270218
M36,699.3633333333332,726.9287611836527,-7.361235498146614,0.08360714694879878,0.08690252528383899
ALL_MODELS,246.78345937499992,377.9627346493179,0.7859718860957934,0.03202363342182523,0.04904599397453179
