Model,MAE,RMSE,R2,MAE / Mean,RMSE / Mean
M18,100.26975000000004,126.91659512543727,0.6491982035544205,0.02056007039967193,0.026023941723856383
M24,583.3016708333333,610.6684071877705,-8.834409829698405,0.09839771775191183,0.103014238729381
M36,171.68857708333334,248.56854470673719,0.12052270616392857,0.029575982271030723,0.04281973207695731
ALL_MODELS,256.73714375000003,357.97917833679,0.453971075826327,0.04581540900962529,0.06388231259751104
