Model,MAE,RMSE,R2,MAE / Mean,RMSE / Mean
M36,79.56583541666664,100.96217876047382,0.9174163034929841,0.03255252678502936,0.041306347267822535
M48,179.27612708333334,202.1005224924772,-0.19448078011130887,0.07538813537049043,0.08498611497239418
ALL_MODELS,129.42098124999998,159.74664743241743,0.6806444025482714,0.05367636357352388,0.06625370202278523
