Model,MAE,RMSE,R2,MAE / Mean,RMSE / Mean
M36,228.45875000000004,299.1023138602834,0.6793966491754855,0.03841808582569306,0.05029765051479862
M48,247.14686041666664,286.4039515538495,-0.44055819068595703,0.03966288294432909,0.04596298082088679
ALL_MODELS,237.80280520833335,292.82197460422543,0.5444762709325963,0.03905502706420135,0.0480909808155625
