Model,MAE,RMSE,R2,MAE / Mean,RMSE / Mean
M12,79.01395000000007,92.31557043200607,0.493022528937868,0.034969661429519835,0.04085663661518304
M18,215.4214333333334,225.4289135533843,-1.3918480003313385,0.0868795375489422,0.09091555773548914
M24,372.26551666666666,379.1732460791142,-9.677024939779125,0.14359556405599574,0.14626011195774186
M36,474.59409166666666,477.85205559372923,-39.166697907870095,0.18373458616295388,0.184995875893238
ALL_MODELS,285.3237479166667,328.42628441834967,-2.3424358191931054,0.11511323771060188,0.13250286113478757
