Model,MAE,RMSE,R2,MAE / Mean,RMSE / Mean
M24,191.7590041666667,207.3273257698349,0.6426868547573589,0.0490108421545867,0.05298988113646182
M36,713.1041375000001,728.8853315695469,-5.746033626874116,0.18542554104346226,0.18952906014365484
M48,579.0662125000001,598.1615869529958,-6.701017554512755,0.14446708489693244,0.14923105320088462
ALL_MODELS,549.2583729166668,604.840796671218,-3.2787898976924064,0.14072347277007086,0.15496404165604546
