Model,MAE,RMSE,R2,MAE / Mean,RMSE / Mean
M18,230.4865,235.83723165129877,0.8365220608252368,0.02711752104280133,0.027747052829472034
M24,168.41632499999994,207.27770829027705,0.9338924588604447,0.018512798222914323,0.02278455125823459
M36,311.1576770833332,387.02691797017786,0.2307368254063592,0.03065938991470711,0.038135035898076625
ALL_MODELS,255.30454479166664,315.5007601631124,0.8822667484151355,0.02694895186092104,0.03330302954323763
