Model,MAE,RMSE,R2,MAE / Mean,RMSE / Mean
M24,74.15738333333336,92.16158249674862,-1.0071895915647895,0.0326468779807763,0.04057300572165909
M36,141.67121250000002,171.48669713853295,-0.06988311632082178,0.051139841922796365,0.06190250248283171
M48,154.91514583333336,162.90725459797798,-0.9745256861604272,0.05715283691759029,0.06010136519993654
ALL_MODELS,128.10373854166667,153.17302755374496,0.6200570387085114,0.048696687679673084,0.058226396580210484
