Model,MAE,RMSE,R2,MAE / Mean,RMSE / Mean
M12,146.56720833333338,199.92339446371713,0.36389192847716556,0.029210474743196907,0.03984422798908191
M18,264.2243333333334,353.6133319278041,-0.3611766109056298,0.04763981939884759,0.06375671406771265
M24,177.13759166666662,309.95474615334166,-0.07294436000460669,0.03330488687641012,0.05827677603785566
M36,168.87254999999996,208.50091917526407,-0.5985631440216876,0.029562581238101484,0.03649986549819717
ALL_MODELS,189.20042083333337,275.9331124253172,0.4393620794545484,0.03504529490872677,0.05111065428626367
