Model,MAE,RMSE,R2,MAE / Mean,RMSE / Mean
M12,74.26057500000003,96.95348391602975,0.47260222831236076,0.025454586743219515,0.03323312358405407
M18,93.72203333333333,114.90930429636308,0.7422186354403058,0.02602034588466655,0.03190263523758128
M24,262.3176833333333,271.0368466541388,-1.4787715368300245,0.07389143789392143,0.07634751141065635
M36,97.55256250000004,119.28027423615045,0.28057624443732676,0.02857706156625331,0.03494198053983511
ALL_MODELS,131.96321354166668,166.05186111829673,0.73191705212534,0.03914963178827594,0.049262738046968194
