Model,MAE,RMSE,R2,MAE / Mean,RMSE / Mean
M36,222.06229791666672,291.7114995962432,0.5210022519158457,0.05470693755838185,0.07186561133156609
M48,179.66639791666663,258.20936517347656,-0.11152836947495826,0.047196536325078656,0.06782897539103502
ALL_MODELS,200.8643479166667,275.47021187415055,0.4368067788733845,0.05107221152496406,0.07004166282161772
