Model,MAE,RMSE,R2,MAE / Mean,RMSE / Mean
M12,332.23935,355.6801648771313,-4.128654564788994,0.06479137062437026,0.06936266094395904
M18,276.66035000000005,308.62695264733446,0.2678880842603062,0.04355512669977108,0.04858768531710055
M24,242.58562916666668,289.48861011353927,-0.07501764218578733,0.040798978984029545,0.0486873017198544
M36,159.31687083333327,186.45108092044205,0.26579994347561786,0.025970636699540837,0.030393851319658008
ALL_MODELS,252.70055000000002,291.6876053885703,0.700754330554088,0.04290301568325069,0.04952216332174848
