Model,MAE,RMSE,R2,MAE / Mean,RMSE / Mean
M12,237.80015833333331,253.8696768565566,-6.202191710660805,0.05020941513882534,0.05360235285706934
M18,293.0605916666667,312.1174417439091,-2.0788070251938082,0.0527890465861585,0.056221759735312404
M24,146.86601666666672,167.49220841581962,0.41058757777064503,0.027800395933401174,0.03170474569544417
M36,207.23420416666667,242.2649337967863,0.13005108607229587,0.03930877125040506,0.04595349934103291
ALL_MODELS,221.24024270833334,249.30555965300118,0.5086396906980379,0.04245935956307312,0.047845519733653946
