Model,MAE,RMSE,R2,MAE / Mean,RMSE / Mean
M24,80.23712500000002,88.11207322780744,0.46705073802906216,0.04199888770146781,0.04612090810380098
M36,100.76901874999999,134.45951117616767,0.42239003428564226,0.04760319361473885,0.0635185518650518
M48,135.65089583333338,148.6759756581196,-0.5956474543113148,0.06633701122725515,0.07270663275658394
ALL_MODELS,104.35651458333335,128.4786008231178,0.44714053608307036,0.05097373726066848,0.06275635467631697
