Model,MAE,RMSE,R2,MAE / Mean,RMSE / Mean
M24,315.6689416666666,319.69399273743784,-6.937398858181449,0.07172596071005916,0.07264052852732315
M36,620.0177208333333,641.4403417211653,-1.713852785840281,0.12601505955481032,0.13036908486133206
M48,296.94362500000005,325.47739513558514,-0.9314005215538292,0.06730236094059876,0.0737695484300127
ALL_MODELS,463.1620020833332,507.69853449448266,-0.6241421838224777,0.09931905585189552,0.1088693348689485
