Model,MAE,RMSE,R2,MAE / Mean,RMSE / Mean
M24,103.82165833333329,136.4554263350368,0.7172375529133752,0.015874770165837365,0.020864611158446258
M36,377.7920895833333,441.9136395133935,-3.083286660012763,0.05860724817074746,0.06855448553611605
M48,100.66836666666666,123.49732312298646,0.6235375606660636,0.01486227285589498,0.018232648189316535
ALL_MODELS,240.0185510416666,325.7479860915363,-0.5514307516052839,0.036635954997225474,0.04972152571996248
