Model,MAE,RMSE,R2,MAE / Mean,RMSE / Mean
M36,311.59408125,362.08848116257695,0.34454060003264675,0.07152223826852909,0.0831125498921833
M48,415.1036479166667,452.2886531876982,-2.5690101191097576,0.09576414403329762,0.10434270078298166
ALL_MODELS,363.3488645833333,409.67858986830385,-0.30316578311143094,0.08361256771657317,0.09427380178186195
