Model,MAE,RMSE,R2,MAE / Mean,RMSE / Mean
M24,138.90616666666665,159.64352429209532,0.14706890904301395,0.019379101076568928,0.022272214889496406
M36,237.39498333333344,291.7433212715575,0.4710533083906533,0.030762849036075963,0.03780558301418892
M48,192.92169583333336,228.972142614108,0.10981068623512447,0.02568564858732616,0.03048541516322772
ALL_MODELS,201.65445729166672,249.06958262442177,0.5945443166770261,0.026786736303483324,0.0330851165929311
