Model,MAE,RMSE,R2,MAE / Mean,RMSE / Mean
M36,50.651920833333314,63.14611083701365,0.59377670027961,0.019540222624070718,0.02436016331265144
M48,69.63271666666667,79.44367380728782,0.8737610869558405,0.028016751188191014,0.03196419368770748
ALL_MODELS,60.142318749999994,71.75907127966178,0.8427985939014246,0.023689347786840852,0.028265049165644464
