Model,MAE,RMSE,R2,MAE / Mean,RMSE / Mean
M12,175.02180000000007,181.3054385965596,-1.5528830309020996,0.039768266982248536,0.04119602865152597
M18,475.5920374999999,487.43022652852454,-3.0489625981521886,0.09073225888506449,0.09299071896634041
M24,345.9729666666667,376.5749673469005,-2.7526644186685876,0.07523332125253697,0.08188785894757186
M36,470.87429583333324,505.1911165400142,-3.6530968438084264,0.10672379922561147,0.1145017168472976
ALL_MODELS,366.86527499999994,408.4992833719555,-0.05146500938894438,0.07866947757793442,0.08759734813776622
