Model,MAE,RMSE,R2,MAE / Mean,RMSE / Mean
M18,186.24874583333326,199.4496225325614,-0.33130563300336924,0.025983967144883383,0.02782565013126627
M24,123.29729999999999,153.1394418450931,0.5531727796518996,0.01538803854374132,0.019112467456135093
M36,255.1990895833334,305.4103444795765,-0.18459327397929526,0.03418102451914626,0.040906252800907636
ALL_MODELS,204.98605625000005,249.89137520494532,0.5918643414035917,0.027229288697139354,0.033194279273718284
