Model,MAE,RMSE,R2,MAE / Mean,RMSE / Mean
M36,184.58943125000005,236.8971392793114,0.972505360582129,0.019196238658127588,0.02463593929640732
M48,448.9796458333333,484.05651868065945,0.2252463830383531,0.03977928253024835,0.04288706892595803
ALL_MODELS,316.7845385416667,381.07149452298387,0.9223331103199376,0.03031041233732903,0.03646148319664482
