Model,MAE,RMSE,R2,MAE / Mean,RMSE / Mean
M12,49.417308333333345,57.4027066500933,0.8890215326118353,0.010453066692519898,0.012142189471291802
M18,176.89234583333337,200.72370852402543,0.5535128531421887,0.032516228181031386,0.036896892722874094
M24,102.12082499999997,126.17767965945553,0.7369439986080519,0.02098444980992499,0.02592780841661472
M36,131.759375,161.13196975330757,0.5482215594808448,0.024905488741346314,0.030457570541465882
ALL_MODELS,115.04746354166667,146.17574731741547,0.8530626962319692,0.02264207782463319,0.028768323480996668
