Model,MAE,RMSE,R2,MAE / Mean,RMSE / Mean
M18,78.40267500000003,90.87221849855526,0.8049586051737976,0.04041375000000002,0.046841349741523326
M24,45.6137,67.29717458173856,0.6908394749743823,0.02254383855024712,0.033260547569228284
M36,82.81230833333332,94.76996504578864,0.6180123037992198,0.041777363448138136,0.04780979244955547
ALL_MODELS,72.41024791666666,87.67748050539284,0.7139178093998817,0.03653488939227506,0.044238034596213276
