Model,MAE,RMSE,R2,MAE / Mean,RMSE / Mean
M36,227.46942291666673,263.86895411973165,0.4882981600943721,0.03955087172131,0.04587978033183411
M48,435.6241208333333,463.6870359838182,-1.9228222767522936,0.07763261913159701,0.08263371411098507
ALL_MODELS,331.546771875,377.24825532247314,-0.29717866760378153,0.058357211665395446,0.06640135918607248
