Model,MAE,RMSE,R2,MAE / Mean,RMSE / Mean
M36,227.41106666666667,280.53081791938064,0.8110818296680318,0.04932838892478998,0.06085074703950197
M48,284.1382416666667,312.341281023912,-0.9303570008629392,0.05390211124548466,0.05925233568545437
ALL_MODELS,255.7746541666667,296.86243921568706,0.7429640943727318,0.05176827706598807,0.06008436236136466
