Model,MAE,RMSE,R2,MAE / Mean,RMSE / Mean
M36,281.0180374999998,356.2352449466374,-1.7695755868528047,0.04293574629811179,0.05442791585744578
M48,240.53366041666663,294.7418262967648,0.04420464147822967,0.036678947502184096,0.0449451438717964
ALL_MODELS,260.77584895833326,326.93752760347274,-0.5627822317226172,0.039804307730956404,0.04990309497412847
