Model,MAE,RMSE,R2,MAE / Mean,RMSE / Mean
M12,84.79926666666664,99.18909461668824,0.6437446240729068,0.01983550578443125,0.023201448990775295
M18,223.66196666666667,263.8286399529627,0.27064251864272093,0.04354471133175959,0.05136475431660708
M24,238.39400833333332,291.4204223352678,0.27933587940109783,0.05193392092077554,0.06348567765636508
M36,184.5345,213.86638849394964,0.28466842983503726,0.03904321455648218,0.04524916095575217
ALL_MODELS,182.84743541666663,229.18809002204893,0.6942603776103401,0.039052754083625886,0.04895024148482617
