Model,MAE,RMSE,R2,MAE / Mean,RMSE / Mean
M36,290.04960000000005,338.83368143572545,0.4027215586792753,0.06041074363669499,0.07057135974223439
M48,562.5999791666667,601.5578193410363,-1.4153486442316145,0.12729526310083294,0.13610996039638237
ALL_MODELS,426.3247895833333,488.2008161021597,-0.14899342092362367,0.0924688600445092,0.1058896269716956
