Model,MAE,RMSE,R2,MAE / Mean,RMSE / Mean
M12,141.0401416666667,162.5484619026662,0.7136783282885845,0.032282019150072484,0.03720495809170661
M18,229.36322083333334,271.00477438021653,0.47594384555318203,0.049850732630587556,0.05890127676162063
M24,117.67939166666672,141.38406372498585,0.6181023576635907,0.023629213727557195,0.028388949093918148
M36,89.7859541666666,110.92451020330782,0.645444791680214,0.01800685975482371,0.022246264653998846
ALL_MODELS,144.46717708333333,181.76859646472846,0.7777465158973913,0.03051619781066065,0.038395478872575904
