Model,MAE,RMSE,R2,MAE / Mean,RMSE / Mean
M36,135.49806875000002,165.4256744493373,0.8427136510656323,0.03180908068294639,0.03883478690237637
M48,83.53261041666667,102.81608114742941,0.872616493292773,0.019267678209305233,0.023715614254229314
ALL_MODELS,109.51533958333334,137.7258151356036,0.8539960788381631,0.025483190769939285,0.03204750343101801
