Model,MAE,RMSE,R2,MAE / Mean,RMSE / Mean
M12,97.6042791666667,116.57240483338923,0.15998029976732198,0.02286684725842193,0.027310722425604412
M18,72.49425833333332,91.99984519666322,0.691578307970214,0.014540291497434353,0.018452558832003856
M24,148.54507500000003,161.30879707610498,0.3957122671186064,0.03130202734145207,0.03399165119740914
M36,90.33561666666678,120.1152358936202,0.6047385000194627,0.018768274799380202,0.024955336975915968
ALL_MODELS,102.2448072916667,125.00129498606167,0.8460496102791448,0.021739326347869042,0.026577818645169685
