Model,MAE,RMSE,R2,MAE / Mean,RMSE / Mean
M24,139.22707083333333,149.17037903053037,-0.006424935939013832,0.0300238981786815,0.03216814262112378
M36,119.63181041666671,143.9348211935188,0.7996056554495641,0.02417099267166448,0.02908129113944422
M48,192.4659166666667,216.15329299779165,-0.031034053165599262,0.037553714573746774,0.04217556651068275
ALL_MODELS,142.73915208333335,166.13888283445397,0.7224936221756655,0.029039936337858636,0.03380055514088233
