Model,MAE,RMSE,R2,MAE / Mean,RMSE / Mean
M12,142.14605416666663,169.76857059345886,0.7908006316323771,0.020382650128754332,0.024343506385396764
M18,264.760425,346.8540342092838,0.4681205355265816,0.03040965853891986,0.039838706042079924
M24,47.29194999999985,55.6403915833781,0.977825879893368,0.005847355568606825,0.00687958846197992
M36,237.03170416666663,272.9592153840623,0.5004890967779307,0.028616505108328763,0.032953983134303
ALL_MODELS,172.80753333333328,238.08174806525793,0.9010731978442059,0.02156648583578059,0.02971274775100817
