Model,MAE,RMSE,R2,MAE / Mean,RMSE / Mean
M36,207.0599708333333,246.73649932833624,0.7534898975851994,0.04400148134374612,0.052432980784856024
M48,208.60130833333324,255.73840801982513,0.31531852311862574,0.04477984454521872,0.05489863053528862
ALL_MODELS,207.83063958333324,251.27776805491231,0.6324844106305015,0.04438869399614662,0.053668178939284196
