Model,MAE,RMSE,R2,MAE / Mean,RMSE / Mean
M18,149.7209541666666,190.55257754716598,-0.09226402871375572,0.022399344844782433,0.028508052992968352
M24,296.4286666666667,359.7211599971799,0.5165366035845577,0.036874396811328286,0.04474769914909485
M36,304.03493541666677,353.6109327973517,0.0032789274448631334,0.038855753143088416,0.045191580022346106
ALL_MODELS,263.5548729166667,322.4092823366023,0.7530870695097703,0.03470971892023887,0.042460742400000306
