Model,MAE,RMSE,R2,MAE / Mean,RMSE / Mean
M36,111.01856041666663,141.31978519341118,0.8065715256627043,0.025327548610021903,0.03224040841108435
M48,301.23760000000004,326.6938857466835,-1.339601594470854,0.061135254846415674,0.06630153062529145
ALL_MODELS,206.12808020833336,251.69443445513352,0.5732286023727594,0.044277636637026364,0.054065582433517
