Model,MAE,RMSE,R2,MAE / Mean,RMSE / Mean
M24,255.06273750000014,297.5481326968288,-0.2201219189428425,0.039786464880182525,0.04641363316233624
M36,461.18103333333346,482.3019655525715,-1.5944943271720664,0.06296309139830823,0.06584664273632733
M48,503.79661250000004,548.4028164312446,-1.1931124226940426,0.0702367654576295,0.0764555359013748
ALL_MODELS,420.3053541666668,462.1987971351826,0.11288918485905419,0.05954836043678397,0.06548377338619359
