Model,MAE,RMSE,R2,MAE / Mean,RMSE / Mean
M24,209.39276249999998,233.56857741379278,0.2549672013470635,0.039042444276979726,0.043550159325738066
M36,445.02258125,498.8491752871429,-0.5045276326041963,0.07836083001038155,0.08783876835125169
M48,139.88657500000008,184.56122132696697,0.1949337312587055,0.025145322997416036,0.0331758177871191
ALL_MODELS,309.83112499999993,382.85706345257944,-0.1429935992742848,0.05561343302837717,0.068721293439325
