Model,MAE,RMSE,R2,MAE / Mean,RMSE / Mean
M24,48.3053916666667,66.50641668145013,0.7900992255149469,0.02265465666158598,0.0311907218578732
M36,185.1808895833333,212.64113781901665,0.46896356083305546,0.07298548038789032,0.08380840824811187
M48,154.939675,175.0482391600098,-0.7046735586466553,0.06355630341149927,0.07180484275381546
ALL_MODELS,143.40171145833332,177.1281291034535,0.6073676326777764,0.059474764655310215,0.07346253880187643
