Model,MAE,RMSE,R2,MAE / Mean,RMSE / Mean
M36,902.4968333333333,951.866558674499,-6.877266353652066,0.11458640300062953,0.12085467900452303
M48,301.4217479166666,353.61716838266375,0.16000203133433188,0.03792621420557611,0.04449367229652583
ALL_MODELS,601.959290625,718.016381184234,-2.8699309525231076,0.07608321361143221,0.09075197369148938
