Model,MAE,RMSE,R2,MAE / Mean,RMSE / Mean
M12,158.641475,175.0744686184187,-1.2659980300690776,0.03043335571435423,0.03358581720174931
M18,174.05282083333324,193.38606925144035,-0.08989960727519541,0.02952591710371929,0.03280556455445064
M24,128.8976083333333,144.0543271205085,0.7292336010844187,0.02526145140085414,0.028231876686391617
M36,233.94214583333346,264.47998797368956,-0.2582190186440443,0.043272535645472086,0.048921153844844315
ALL_MODELS,173.88351250000002,199.2175660824429,0.71059038106035,0.03217613354022302,0.03686405293789362
