Model,MAE,RMSE,R2,MAE / Mean,RMSE / Mean
M36,189.98793750000002,252.31052811102882,0.7446577799329948,0.042639222158841195,0.056626356402972707
M48,172.13430416666662,194.03760501952746,0.5652506101672412,0.03665047573844809,0.04131408070891602
ALL_MODELS,181.06112083333332,225.0679839041755,0.7223919203393261,0.03956602149264875,0.04918253376249018
