Model,MAE,RMSE,R2,MAE / Mean,RMSE / Mean
M18,142.92579166666664,166.66855536943172,-0.14885322511947963,0.03698149964961457,0.043124848567369534
M24,186.67002083333338,214.82028883400525,0.18062562634331558,0.03974944546970934,0.045743753167620096
M36,265.77530416666656,293.8746566740678,-0.4366106721001517,0.06418756622674827,0.07097385909038664
ALL_MODELS,215.2866052083333,248.31974927211348,0.5641348337740029,0.05113038232412693,0.0589757254364613
