Model,MAE,RMSE,R2,MAE / Mean,RMSE / Mean
M12,79.43733749999996,93.80773191250235,-0.01845694185916824,0.036835521765171846,0.04349915114670588
M18,140.0396666666667,166.22824101488195,-0.22905235246671518,0.05263329992483089,0.06247616174450587
M24,156.11690000000002,182.18620535107527,-2.210611396231115,0.06856002927721867,0.08000858057503762
M36,57.661683333333315,74.42986668252422,0.6603091574654509,0.024433348046399114,0.03153863592896381
ALL_MODELS,108.313896875,137.07966402066364,0.6172738006875681,0.045826542295792895,0.05799705487824572
