Model,MAE,RMSE,R2,MAE / Mean,RMSE / Mean
M12,76.50151250000005,82.84639047495023,0.8585977173677204,0.01868587087056526,0.02023563853730796
M18,66.23444999999997,88.13060542811347,0.8424791777513296,0.013596896784733678,0.018091835073472326
M24,178.05966250000003,200.73594261606152,0.5733439045054204,0.0394009948368062,0.0444187960795268
M36,129.18265833333328,150.5262434984788,0.5119274593737736,0.027880898553070556,0.032487386300154596
ALL_MODELS,112.49457083333333,139.26916086088104,0.8604661967519063,0.02483609410574247,0.030747279264642685
