Model,MAE,RMSE,R2,MAE / Mean,RMSE / Mean
M24,111.00289166666664,119.07380043396054,0.4191352401653735,0.04101344602500153,0.04399549249361188
M36,146.9667791666667,177.38424919101007,0.23311343097370396,0.044451479845493684,0.05365152875045516
M48,68.6253333333333,88.97257522660657,0.6887058404630249,0.02182710682905495,0.02829879011143509
ALL_MODELS,118.39044583333333,145.79526125217302,0.7718975080047579,0.0379974150151114,0.04679299085362209
