Model,MAE,RMSE,R2,MAE / Mean,RMSE / Mean
M36,334.3429583333334,382.3320489481161,0.9189620281424954,0.03233308485175724,0.036973934315257785
M48,224.3085625,252.56325731415367,0.7635242784068725,0.020288171714773484,0.02284374112215208
ALL_MODELS,279.3257604166667,324.0107981209886,0.9098689621901531,0.026109227276002348,0.030286041485757066
