Model,MAE,RMSE,R2,MAE / Mean,RMSE / Mean
M24,318.68029583333333,329.9191313473646,-3.471956023428663,0.07927534878417877,0.08207113696735785
M36,412.8659312500001,447.6891373460819,-0.9761417611626662,0.09048703118579063,0.0981191662143826
M48,205.9741583333333,241.54419752007422,-0.36019020000931645,0.04873157598998432,0.0571471174424718
ALL_MODELS,337.5965791666667,376.8425931274138,-0.17235791735284534,0.0777333109474275,0.08676990312554829
