Model,MAE,RMSE,R2,MAE / Mean,RMSE / Mean
M18,55.113929166666686,74.46242788211217,-0.4006371499900152,0.023026901450133183,0.03111081018001657
M24,61.08193333333336,76.27539720499661,0.7141831859627152,0.02126191332598481,0.026550582075185916
M36,73.25733541666669,88.1326289984932,0.5566452161031586,0.02617579874344927,0.03149093461118147
ALL_MODELS,65.67763333333336,82.00199688612902,0.8666142206200637,0.02418258484928681,0.030193235457272878
