Model,MAE,RMSE,R2,MAE / Mean,RMSE / Mean
M18,158.54892499999997,196.24525033275538,0.0016905397240101205,0.029239307202299076,0.0361911956291821
M24,214.74731666666665,255.71580225566322,-0.2320632009324597,0.037076806204004116,0.04415014534617622
M36,475.59979999999996,528.4161284662949,-1.1413619751802226,0.08503926392251816,0.09448304774215742
ALL_MODELS,331.12396041666665,406.9244338473788,-0.5735862499794413,0.05912971859909672,0.07266561813954785
