Model,MAE,RMSE,R2,MAE / Mean,RMSE / Mean
M12,166.24737916666666,178.93523395615682,0.6701282410530032,0.0416964897063434,0.04487872938601488
M18,87.57640833333333,105.84727320555228,0.9352024941378022,0.019861035463539553,0.024004597663481484
M24,81.03643333333332,102.9599655916844,0.852923223480905,0.01692917489968054,0.021509180420083263
M36,107.24952499999999,130.82497144461442,0.6343942345458216,0.022692909095717948,0.027681233874392745
ALL_MODELS,110.52743645833333,133.17037101408897,0.9103722896451177,0.02468582452940369,0.029743025955448452
