Model,MAE,RMSE,R2,MAE / Mean,RMSE / Mean
M36,87.70665208333332,98.659724352011,0.6280996821091485,0.031796493255388886,0.03576733560593139
M48,125.59344791666668,143.91961962677803,0.6518173781401927,0.049822605971950186,0.057092552352377667
ALL_MODELS,106.65005000000002,123.38273404883533,0.7326418366579591,0.04040396367812282,0.046743077054503306
