Model,MAE,RMSE,R2,MAE / Mean,RMSE / Mean
M24,72.84066666666666,82.85404429086931,0.7569511110767463,0.02617892120159334,0.029777727140388503
M36,158.07121874999999,200.0380458741823,0.41928517301629786,0.054573180994303465,0.06906198718252453
M48,154.06757916666663,165.25166360135,-1.1339281804031422,0.05117036714133487,0.0548849299958816
ALL_MODELS,135.76267083333332,168.96992674192796,0.4427797588785951,0.046870102959316144,0.05833442885890684
