Model,MAE,RMSE,R2,MAE / Mean,RMSE / Mean
M24,75.197875,90.3729469211241,0.6930244664227234,0.008494775339602925,0.010209036902609403
M36,343.33429166666673,373.19233561066295,0.4798204711735875,0.03637096069387125,0.03953395888263738
M48,420.5460708333335,432.49646071375986,-1.5700613592080943,0.04733613651499378,0.04868125736148351
ALL_MODELS,295.60313229166667,344.1531260871461,0.5075395974459564,0.032292162938417315,0.037595842565045445
