Model,MAE,RMSE,R2,MAE / Mean,RMSE / Mean
M36,100.00676041666668,117.85855491334644,0.9027287453608875,0.034667893201219074,0.04085631588867035
M48,73.97950624999999,100.68697702184375,0.6337396589747388,0.02539469438544549,0.03456247736262899
ALL_MODELS,86.99313333333333,109.6095486444032,0.8593903709867643,0.03000851889514515,0.03781011311525628
