Model,MAE,RMSE,R2,MAE / Mean,RMSE / Mean
M24,152.5934708333333,178.5778668729146,0.5904352326530005,0.02278917554962321,0.026669832825868853
M36,168.6637583333333,206.67163587363245,0.08160395466557391,0.024112907299522257,0.029546679420083984
M48,100.18343333333333,113.4932273877939,0.7567758900737943,0.014496315633987086,0.016422212653256323
ALL_MODELS,147.52610520833332,180.4141744356195,0.5408760395885499,0.021383435752334246,0.0261504558966461
