Model,MAE,RMSE,R2,MAE / Mean,RMSE / Mean
M18,123.58537916666667,153.63938826820126,0.5444971489973536,0.030564906585876073,0.037997808332939996
M24,267.8258458333334,320.7222518832839,-8.725597290011075,0.06719935914189834,0.08047143367378769
M36,151.84849791666667,170.1346739481176,0.058729252412023314,0.03712960902676957,0.041600898344462164
ALL_MODELS,173.77705520833334,214.68549033375328,-0.40481527233841597,0.04288596448834059,0.05298164538222545
