Model,MAE,RMSE,R2,MAE / Mean,RMSE / Mean
M36,733.5702770833333,762.2831574237862,-1.1929336753103112,0.172434027580533,0.17918331630611717
M48,586.4159291666666,607.9768846961505,-6.460528873029736,0.13896386480775685,0.1440731968710639
ALL_MODELS,659.993103125,689.460479076507,-2.0170794488358905,0.1557666669125131,0.16272133797330274
