Model,MAE,RMSE,R2,MAE / Mean,RMSE / Mean
M18,149.58121666666668,162.5884009253914,0.14873195778084913,0.023053577529186627,0.025058255238241182
M24,105.98876666666665,134.76705606647403,0.7574764921731356,0.014545742746371755,0.018495232937221245
M36,228.95377499999998,397.41791792161416,0.2582142596438992,0.033814191166289746,0.0586946664212473
ALL_MODELS,178.36938333333333,300.1995796493566,0.5827322451189862,0.026118563464281083,0.04395811448408453
