Model,MAE,RMSE,R2,MAE / Mean,RMSE / Mean
M18,367.3946541666666,379.69889813483394,-5.2498846148005605,0.047262956550637315,0.04884581830831581
M24,171.76912499999995,205.76544667746086,0.5285055136913269,0.01924907547486972,0.023058827441862596
M36,254.34833333333316,303.46381328971205,0.13929703307803543,0.030549982358725903,0.03644928205746345
ALL_MODELS,261.9651114583332,304.4220935821875,0.6250800135390502,0.03142179140058747,0.03651435669818593
