Model,MAE,RMSE,R2,MAE / Mean,RMSE / Mean
M12,36.89729166666664,43.21937668000701,0.4610619064869802,0.01609127416775693,0.01884839802878631
M18,55.14724166666671,71.75479221579329,0.7231618034643194,0.020810934306110272,0.0270781315950036
M24,77.4459875,89.26059135800776,0.08367123367934537,0.0343873251683564,0.03963320862488319
M36,180.3883291666667,198.93878295344086,-0.8885252168700866,0.07450856036485674,0.08217073902215956
ALL_MODELS,87.4697125,116.79122105183838,0.6309858336269578,0.036384598785893486,0.048581407189211195
