Model,MAE,RMSE,R2,MAE / Mean,RMSE / Mean
M18,97.13777916666669,103.4738823441593,0.8284044982591318,0.024669912169312174,0.02627908123026268
M24,117.80996250000008,148.0945102085785,0.628789998932247,0.02881848397749513,0.03622664144045462
M36,238.49609375,294.25948227844725,-0.12139567419475106,0.05310090868609279,0.06551656948672673
ALL_MODELS,172.9849822916667,226.83480448492207,0.6013752181561558,0.04068260574525109,0.05334700618462736
