Model,MAE,RMSE,R2,MAE / Mean,RMSE / Mean
M12,121.84725416666659,133.21244719916527,0.4561734183982814,0.02838553027508686,0.03103316507910899
M18,82.62296666666668,95.07425664373264,0.6941440345015535,0.01746047478162863,0.02009177021211594
M24,137.5714041666666,159.27331182785684,0.15343783210716067,0.03081566583289777,0.03567684129646611
M36,124.54417500000004,162.43887158202523,0.346959502645116,0.02634043779410988,0.03435496675980019
ALL_MODELS,116.64644999999997,140.1240925274845,0.7101679646125827,0.025612424178659315,0.030767483240712767
