Model,MAE,RMSE,R2,MAE / Mean,RMSE / Mean
M36,436.46158125000005,455.872863992834,-0.40718973697624117,0.08453472313571052,0.08829433791709619
M48,342.7344479166666,375.38592591991096,-1.2144675432730825,0.06020234313818769,0.06593767407637878
ALL_MODELS,389.5980145833334,417.5731441937914,0.008530022026874362,0.07177464646561568,0.0769284330930137
