Model,MAE,RMSE,R2,MAE / Mean,RMSE / Mean
M36,132.46546249999994,156.25235021003544,0.8487600918341114,0.025202014308646613,0.029727552310119906
M48,227.4235083333334,272.54133322745594,0.16773383670346398,0.04273338396254483,0.05121112379201527
ALL_MODELS,179.94448541666665,222.1413685736616,0.609664043418571,0.034022201214384325,0.04200038874295961
