Model,MAE,RMSE,R2,MAE / Mean,RMSE / Mean
M12,49.276641666666706,58.83760118782464,0.7928039251677619,0.018833936903795024,0.022488214108384554
M18,32.59469583333333,44.54606163823109,0.6983844706791417,0.012040521779282744,0.016455371391681486
M24,140.00761666666665,174.01392582639036,0.6229261958070531,0.06468607399992299,0.08039760943736513
M36,207.6650041666667,243.11247765032294,-0.8405181298606792,0.08154118157128368,0.09545989109662234
ALL_MODELS,107.38598958333334,153.97299933089394,0.6907356181321699,0.04280617943703261,0.06137668296758232
