Model,MAE,RMSE,R2,MAE / Mean,RMSE / Mean
M24,291.386575,298.3530299006503,0.5216110051318921,0.044758983122443884,0.04582907853545828
M36,189.62477916666663,286.1134969243942,0.7627055927178084,0.02255044100012883,0.03402501276514742
M48,95.54002500000013,114.40398268680379,0.9276411446974439,0.011217238545305132,0.013432032955097454
ALL_MODELS,191.54403958333333,257.7909365891824,0.9313578303379537,0.024059385962042955,0.032380499306621895
