Model,MAE,RMSE,R2,MAE / Mean,RMSE / Mean
M18,154.17777083333337,168.29157602556816,0.8516801221708429,0.024637892346823276,0.02689330446655238
M24,203.05731666666665,245.65794125396016,0.8925780518676596,0.02463552843761216,0.029803965190881784
M36,420.39395833333333,482.61426009347554,-0.2856982804663821,0.04930789286560796,0.056605695111429696
ALL_MODELS,299.50575104166666,372.3247664181936,0.8823269189397256,0.03796979602455206,0.047201415620967746
