Model,MAE,RMSE,R2,MAE / Mean,RMSE / Mean
M36,116.12334791666665,139.62344594508247,0.47853850666663666,0.057473765234785826,0.06910483806648614
M48,50.51983124999998,63.83127518523116,0.8232957045605073,0.024552994005913074,0.031022449565541045
ALL_MODELS,83.32158958333332,108.55675554600937,0.6144536575577046,0.040863530289252395,0.05323965001796665
