Model,MAE,RMSE,R2,MAE / Mean,RMSE / Mean
M12,105.45521666666669,119.0273758539396,-0.18890343677981547,0.020209730662045948,0.022810736950281078
M18,136.44671250000002,170.66067938484076,0.5141417307744696,0.022900467838711035,0.028642752382803803
M24,247.2804375000001,256.643357372664,-0.17716324285023366,0.04806422757643249,0.04988411076690776
M36,302.27382499999993,320.9464036711555,-2.136741841914389,0.05504227465857358,0.05844244072919372
ALL_MODELS,197.8640479166667,230.30685541453803,0.6262227289158975,0.036284108682613,0.04223343785896561
