Model,MAE,RMSE,R2,MAE / Mean,RMSE / Mean
M36,133.57209583333335,147.55906468969187,0.7754591652958125,0.052555540436414916,0.05805888080647581
M48,104.41518958333334,129.84508319851054,0.19992624065753062,0.03834945864673161,0.04768931291005889
ALL_MODELS,118.99364270833335,138.98457324992006,0.7126707590173913,0.045208024615628166,0.0528029722064718
