Model,MAE,RMSE,R2,MAE / Mean,RMSE / Mean
M12,125.3637458333332,158.79054342966617,-0.165593611366754,0.01971980743770234,0.024977866755226893
M18,172.6554416666667,205.9700337722416,0.5782786390758561,0.0228141309255079,0.02721621323863788
M24,164.72055833333332,189.91586586493588,0.6557314696431737,0.022823701864788406,0.026314766934694655
M36,133.2828958333333,173.84533438242232,0.7332617919573337,0.018816630195649355,0.024543159479394675
ALL_MODELS,149.00566041666661,182.9810973082955,0.8801320368510728,0.02111645999775616,0.025931317044274926
