Model,MAE,RMSE,R2,MAE / Mean,RMSE / Mean
M24,241.14532083333333,255.12027359079008,-1.0555083153972564,0.06741316583382838,0.07131992133089844
M36,447.1438145833333,480.9099973918277,-4.820666090923658,0.11585787521862112,0.12460691314969734
M48,638.8103041666667,643.0709546891148,-24.814873947501912,0.16236983891636572,0.16345279129596346
ALL_MODELS,443.5608135416666,485.07098912031023,-3.666448112095554,0.11649469011780282,0.12739672405122968
