Model,MAE,RMSE,R2,MAE / Mean,RMSE / Mean
M18,369.89927916666676,375.7475514066776,-1.3083050229293751,0.07498528350972627,0.07617083421679234
M24,197.55225416666667,228.02113382363538,0.47871127927421586,0.03296887629511161,0.03805373208933488
M36,426.5565812499999,501.35193567257363,-0.8845612144166652,0.08046561015197304,0.09457500171852379
ALL_MODELS,355.14117395833335,417.0993247008448,0.3141153443872149,0.06598913915308892,0.07750164553314423
