Model,MAE,RMSE,R2,MAE / Mean,RMSE / Mean
M24,30.716699999999985,39.001402185626574,0.8812707096868883,0.011597407419060499,0.014725382318457
M36,118.16125833333331,146.82173244708898,0.453689649267771,0.045155730709213075,0.05610842932916365
M48,77.94477916666666,103.67643689667186,-0.6900897509519688,0.027823757678520963,0.03700912476789857
ALL_MODELS,86.24599895833332,117.66812990096739,0.5440770067075029,0.032291415857068746,0.04405619462523008
