Model,MAE,RMSE,R2,MAE / Mean,RMSE / Mean
M24,106.69927500000001,120.81050641866105,-0.3774182200885787,0.04394005731052353,0.049751233790007815
M36,133.05855208333332,154.91912347643756,0.08570654952587486,0.051013678333519705,0.0593948619536175
M48,83.88370833333335,93.27959344020984,0.0973662138392386,0.03173106263594238,0.035285285795243766
ALL_MODELS,114.17502187500001,133.50667647248918,0.29511309648543926,0.044389555043475096,0.05190541562089785
