Model,MAE,RMSE,R2,MAE / Mean,RMSE / Mean
M24,110.30217083333336,126.43803736076123,0.8025992022096463,0.018665887056401292,0.021396479390918745
M36,524.6487520833333,561.1997418052854,-7.397536729461958,0.09044271215293614,0.09674363372989696
M48,107.53331249999992,168.43350912699566,0.47957966864069235,0.01686929367009176,0.026423015001489632
ALL_MODELS,316.783246875,410.56263976801176,-0.5499994547119145,0.053050116876637576,0.06875488599770631
