Model,MAE,RMSE,R2,MAE / Mean,RMSE / Mean
M36,186.9620583333333,222.8552510298903,0.608695125450403,0.03514021661667619,0.041886476139409726
M48,132.8096854166667,161.00941170558232,0.654129077778151,0.02631773047595851,0.031905822892856504
ALL_MODELS,159.885871875,194.4074247159469,0.6842957201785438,0.030845591016239658,0.03750557721570732
