Model,MAE,RMSE,R2,MAE / Mean,RMSE / Mean
M24,283.66154583333326,300.59175071324097,0.46979696586088504,0.0452500970422067,0.04795082763122488
M36,264.4588750000001,304.4892002597445,0.6998484536068698,0.032252229500033036,0.03713415012847951
M48,277.3969833333333,312.8068414893513,0.5116445057678021,0.03317104178811477,0.03740534120438873
ALL_MODELS,272.49406979166673,305.6267604567019,0.9057013320321183,0.03512563555822913,0.039396579209418844
