Model,MAE,RMSE,R2,MAE / Mean,RMSE / Mean
M36,366.10877291666674,404.84658737306466,-0.04995805280604659,0.0891774600500358,0.09861328939001571
M48,155.40091249999998,181.520832282668,0.3144246533384958,0.043882292935175864,0.051258066686480794
ALL_MODELS,260.75484270833334,313.72804453874454,0.45809819493512605,0.06820054625901123,0.08205571099688722
