Model,MAE,RMSE,R2,MAE / Mean,RMSE / Mean
M24,191.24950416666675,198.63988362357426,0.8126123127054691,0.023225511190272594,0.02412300549502741
M36,169.44664583333318,226.4401694543633,0.7517660127758637,0.01820343189916025,0.024326171719864995
M48,153.79162499999984,178.24524969839058,0.6110664031484649,0.015374870348694308,0.017819550345367644
ALL_MODELS,170.98360520833322,208.43432604244333,0.9246053000813167,0.018557816828000378,0.022622555178026235
