Model,MAE,RMSE,R2,MAE / Mean,RMSE / Mean
M36,64.7870854166667,85.62361446408812,0.9442867008327858,0.02393703652388101,0.03163555782069992
M48,94.0775875,109.58719827536693,0.6837958497670438,0.03271647515685451,0.0381101061917147
ALL_MODELS,79.43233645833335,98.33808361906232,0.8948004835933966,0.02845963962215563,0.03523333878514293
