Model,MAE,RMSE,R2,MAE / Mean,RMSE / Mean
M18,91.83722083333335,104.02960459742341,0.7858643104125209,0.020656338622156833,0.023398690855347667
M24,40.41202500000005,54.60314140531057,0.9528221713688036,0.008100157845945708,0.01094461522943997
M36,143.6749729166666,171.84993146697843,0.3503472912679193,0.028254433755868915,0.0337951864964027
ALL_MODELS,104.89979791666666,134.97079274275876,0.8504372783762394,0.021402571186894554,0.02753791768143645
