Model,MAE,RMSE,R2,MAE / Mean,RMSE / Mean
M36,70.87265416666668,85.7486267354858,0.9482889593354032,0.030534299716368077,0.03694336411969373
M48,46.34409791666665,56.94928891483743,0.853998750373468,0.018921589758856792,0.02325152781790666
ALL_MODELS,58.608376041666666,72.78752810381494,0.9386164520503665,0.024571918140249893,0.030516613886836814
