Model,MAE,RMSE,R2,MAE / Mean,RMSE / Mean
M18,130.77125,142.96752831792494,0.6045739193925365,0.028439351927363674,0.031091725834377196
M24,127.73094999999994,149.48686361281597,0.636732289527363,0.026311865279637435,0.030793462480753108
M36,213.0796020833333,238.01192941628776,-0.7069783904451286,0.04179772985475974,0.04668845929260481
ALL_MODELS,171.16535104166664,197.53822012148763,0.5545808222415729,0.03484547951073449,0.040214412320836224
