Model,MAE,RMSE,R2,MAE / Mean,RMSE / Mean
M18,151.8603416666665,181.83542535701508,0.28026397556246585,0.027749085980981063,0.033226363099429446
M24,173.031925,189.79584247651474,0.42598920790343164,0.026949214775205066,0.029560145749638885
M36,99.59157499999993,123.7321954442284,0.7311325473605809,0.015982760107924845,0.01985692060208883
ALL_MODELS,131.0188541666666,157.8812022653695,0.8675766638021443,0.021517596863152987,0.02592927624213987
