Model,MAE,RMSE,R2,MAE / Mean,RMSE / Mean
M24,239.10487083333336,241.9927208694759,-2.439263500446926,0.07267717296318343,0.07355495004834688
M36,270.02267083333334,313.1760838157705,0.3608649767434029,0.07534289883042296,0.08738375161692855
M48,81.78671249999996,94.35815329330093,0.6540004717644348,0.023818192959677704,0.0274792889182175
ALL_MODELS,215.23423125,256.7208878310738,0.3559480511954596,0.06197543536553908,0.07392127496800546
