Model,MAE,RMSE,R2,MAE / Mean,RMSE / Mean
M18,146.36839166666667,183.80803035010922,0.3283466834425891,0.040125205889407975,0.050388850884697606
M24,99.97622916666664,129.98985095775905,0.7179858121106446,0.026783830998493043,0.034824540079100484
M36,204.9645958333333,228.80535273500394,0.26697146916026016,0.050777539444550525,0.05668380325094419
ALL_MODELS,164.068453125,197.09549224524787,0.587357675075874,0.042467534410936,0.051016264490458756
