Model,MAE,RMSE,R2,MAE / Mean,RMSE / Mean
M12,37.83417499999996,48.98346243153563,0.805551947422104,0.013809353043160857,0.01787880734794621
M18,180.56908750000002,198.16160778912143,-0.5326549777009901,0.05651246136793376,0.06201836848065351
M24,314.6962833333333,319.48616217637004,-2.7201426617135978,0.11615802279263622,0.11792602224255057
M36,93.05942500000002,115.1685204032841,0.20970347301511572,0.03165645481347092,0.039177408006559965
ALL_MODELS,156.53974270833334,198.11776693889593,0.32593403069339666,0.05405455627814627,0.0684118154113276
