Model,MAE,RMSE,R2,MAE / Mean,RMSE / Mean
M36,148.25138749999996,166.01387053826875,0.7658132622691087,0.032580783195139476,0.03648439326339046
M48,204.48782499999993,231.05225174918132,-0.1029519805639647,0.04273815486972271,0.04829014596959342
ALL_MODELS,176.36960624999998,201.17871190742835,0.5818036777312343,0.03778699241425022,0.04310231576964031
