Model,MAE,RMSE,R2,MAE / Mean,RMSE / Mean
M24,289.4639166666667,295.9452546252516,-6.089688052331278,0.11187371573963736,0.11437866132574381
M36,194.00379583333333,252.0455828212751,0.641147285673741,0.0706860649764688,0.09183382401260971
M48,239.91069583333334,248.10082750408066,-3.0459244727852672,0.097604025969623,0.10093605675511824
ALL_MODELS,229.34555104166668,262.7696548228348,0.37118622879805085,0.08708291302456196,0.09977410458803204
