Model,MAE,RMSE,R2,MAE / Mean,RMSE / Mean
M36,104.95345833333334,121.01813067403718,0.8801328120767267,0.0340483917842105,0.039259999542804326
M48,107.51715416666666,130.2374966887737,0.5417912634927793,0.034010065636862076,0.041197014979578346
ALL_MODELS,106.23530625000001,125.7123571801847,0.805262610078226,0.03402898669682986,0.04026781943890362
