Model,MAE,RMSE,R2,MAE / Mean,RMSE / Mean
M24,405.5804166666667,417.11635572025347,-6.540682704135235,0.07406001536904736,0.07616650717313067
M36,130.57054583333337,168.4576708757228,0.6088153051875476,0.02016981311809894,0.0260224058817263
M48,144.4786291666667,179.20490182025227,0.7234426134892074,0.022647328029887406,0.028090744074026536
ALL_MODELS,202.80003437500002,256.3476276462774,0.7344365318577046,0.0327057266258114,0.04134139058118411
