Model,MAE,RMSE,R2,MAE / Mean,RMSE / Mean
M12,64.88584583333335,77.02009210884792,-0.03078722630598496,0.028064812211649373,0.03331318862839443
M18,148.99267916666665,181.62499548798687,0.32184024559872493,0.05502537970300837,0.06707701610697368
M24,77.75640833333335,92.22232982814776,0.6157199500080293,0.037999466503767065,0.04506894554827014
M36,61.31338333333332,77.9009372808986,0.2897103107985164,0.026937616929357273,0.03422524566133169
ALL_MODELS,88.23707916666666,115.64303667173485,0.8281926540008303,0.03778047187904197,0.04951488122959076
