Model,MAE,RMSE,R2,MAE / Mean,RMSE / Mean
M24,158.5228250000001,194.69754512879078,0.7845551062149315,0.02105636248920769,0.025861399366247033
M36,376.56188750000007,447.56429003155614,0.4642980113582865,0.04268542057310733,0.050733944638784396
M48,124.3513583333333,152.65059558540597,0.8901679052043671,0.01445378799986439,0.017743106116542166
ALL_MODELS,258.9994895833334,339.7929243799297,0.7978795760849356,0.03067309844055904,0.040241399068694166
