Model,MAE,RMSE,R2,MAE / Mean,RMSE / Mean
M18,34.73376666666669,41.87721037881664,0.8297968896505863,0.01584991443890939,0.019109652224428633
M24,76.67966249999996,98.58711551230336,-1.4330746472831795,0.03474449940529007,0.04467103616016162
M36,131.17253958333333,163.1843776760553,0.5652562539290262,0.062006065410712706,0.07713825796412017
ALL_MODELS,93.43962708333333,127.21183349947326,0.5502613066991584,0.043312558907601974,0.05896716633164706
