Model,MAE,RMSE,R2,MAE / Mean,RMSE / Mean
M36,241.51704791666666,280.0985447375802,0.18716120587625296,0.0764274300519501,0.08863644252131965
M48,126.60610208333328,155.94033805667135,0.3293275245541557,0.043533743328915776,0.053620374846665174
ALL_MODELS,184.06157499999995,226.68544703767282,0.3752178579215286,0.060663182721720395,0.07471119756527793
