Model,MAE,RMSE,R2,MAE / Mean,RMSE / Mean
M36,80.94655833333333,98.18568571495668,0.40371529177780885,0.04887831228299703,0.059287889527473464
M48,51.526068749999986,63.62242807351331,0.7141395779066333,0.027870760649087212,0.034413754197978805
ALL_MODELS,66.23631354166666,82.72920352960502,0.7200071022017911,0.037797125992676775,0.04720863770770175
