Model,MAE,RMSE,R2,MAE / Mean,RMSE / Mean
M12,110.28180416666663,124.39454095249549,0.6056984772112464,0.0263548343091568,0.029727456315568286
M18,141.3911083333334,154.63052856568572,0.15346592570689,0.030252445862938973,0.03308519007547948
M24,107.09762499999995,124.93796589330171,0.486743147196652,0.023617529770655676,0.02755174196412122
M36,133.11129583333334,170.707666795103,0.42690768393573275,0.027177587878994117,0.03485371085073733
ALL_MODELS,122.97045833333334,145.03034596892917,0.7981454503732546,0.02689244311205371,0.03171672596290284
