Model,MAE,RMSE,R2,MAE / Mean,RMSE / Mean
M12,77.9241833333333,88.64402440108884,0.8022180020582811,0.016128223393154353,0.018346944001881145
M18,75.09934583333332,98.59681342709351,0.8578983485753905,0.013795200263292841,0.01811151310915359
M24,62.331425,81.46180072250125,0.861002604935881,0.011777219514883365,0.015391810939451193
M36,123.8275375000001,161.08451228320737,0.5994599290776652,0.02295139128084336,0.029856958680904946
ALL_MODELS,84.79562291666669,111.98586937027949,0.8899725669488973,0.01617992629930275,0.021368120790328335
