Model,MAE,RMSE,R2,MAE / Mean,RMSE / Mean
M18,338.9106208333332,350.14858387692175,-0.5250174671190448,0.07241357578455374,0.07481474304959825
M24,183.21475833333338,200.18526094572795,0.3016473929358383,0.03788853733143769,0.041398011827990785
M36,480.11061250000006,597.9207248123209,-2.445806483747065,0.09506552564816535,0.11839281723899678
ALL_MODELS,370.5866510416667,468.42730380794023,-0.9819032223258686,0.07556647479263799,0.09551720210614442
