Model,MAE,RMSE,R2,MAE / Mean,RMSE / Mean
M18,200.9659166666667,209.87425061195972,0.11563344934315234,0.048645795721590744,0.050802146412843634
M24,141.13390416666664,163.6732067210134,0.5126732600231101,0.028851168198427632,0.0334587443362122
M36,149.70333749999998,190.72251411359161,0.6167457289742471,0.03235575497780138,0.04122133172488314
ALL_MODELS,160.3766239583333,189.463897911904,0.759541553189599,0.03509991359617726,0.041465933638997955
