Model,MAE,RMSE,R2,MAE / Mean,RMSE / Mean
M12,118.74601666666666,130.19266261829046,0.7619667286923999,0.02940652950038178,0.032241202538735074
M18,180.89740000000003,233.76244113345246,0.4506170100160225,0.043908024029612254,0.056739604231506084
M24,640.5428166666667,645.1735290031384,-81.74711650414766,0.13431269035532994,0.1352836846682625
M36,252.7335208333334,311.1109550480457,-0.5785745805919273,0.05275264389208747,0.06493766781890292
ALL_MODELS,298.2299385416667,382.306786874619,0.20129750771749855,0.0673282853319725,0.08630944484283466
