Model,MAE,RMSE,R2,MAE / Mean,RMSE / Mean
M24,172.31444166666662,196.8375230495022,-0.7726862997335837,0.02178655996965562,0.02488713342142362
M36,306.4699333333334,350.52291867399293,0.7348804260932426,0.03663543715554405,0.041901534088473746
M48,183.70259999999996,239.76773240089557,0.044340187427836075,0.023077732878289813,0.030120943749196487
ALL_MODELS,242.23922708333336,292.3893846450312,0.7140022199090049,0.02972245259482314,0.035875814701769156
