Model,MAE,RMSE,R2,MAE / Mean,RMSE / Mean
M12,61.31643750000004,72.01888034313471,0.7941008584553404,0.01992437617622769,0.02340206512727268
M18,200.6524708333333,218.41582376711798,-1.2259800013833329,0.05330594753154748,0.058025014062550714
M24,192.413875,212.30547875309878,-0.4993407492477573,0.05755796387929852,0.06350826351502999
M36,220.68102916666666,254.92408007271254,-1.2023904439700015,0.0647839212760232,0.0748364351804817
ALL_MODELS,168.765953125,201.83662583092342,0.529198598331201,0.049669914833345596,0.05940302430459081
