Model,MAE,RMSE,R2,MAE / Mean,RMSE / Mean
M12,206.7757916666666,215.2377958140039,-0.9033541162815855,0.051437830386202026,0.0535428501786531
M18,282.72935000000007,315.9967587809895,-1.4162419777120285,0.059511527802139995,0.06651396431103095
M24,151.7470916666667,173.91168724386625,0.6666715703621362,0.03468835317649301,0.03975502899183532
M36,463.27415833333345,494.1171845268523,-4.692018979319325,0.10960637020534107,0.11690354421431627
ALL_MODELS,276.13159791666675,324.2600527785197,0.13198515701693558,0.06358068975772854,0.07466250864472822
