Model,MAE,RMSE,R2,MAE / Mean,RMSE / Mean
M24,123.73927916666662,148.70224965301605,0.5818181258453523,0.02340462537533395,0.02812623824089454
M36,261.2177000000001,350.29992955276316,-0.2800615531405761,0.04492039294082244,0.06023944963397402
M48,230.35920416666667,257.1140093846332,-0.1649954072760249,0.03975794746039394,0.04437558860921203
ALL_MODELS,219.13347083333335,288.8079180714454,0.3397622420666512,0.0385947001302585,0.05086605414874926
