Model,MAE,RMSE,R2,MAE / Mean,RMSE / Mean
M18,97.75062500000001,111.46121992701845,0.6118917375015127,0.015945726423109603,0.018182289062011508
M24,110.7772208333334,134.74419700635076,0.650713518559717,0.01610368088869507,0.019587759413628544
M36,271.11896041666665,300.8899765240261,-0.8215986018968373,0.04186101377063102,0.04645768570136051
ALL_MODELS,187.6914416666667,230.0267148179551,0.5443687417671298,0.028917314074787356,0.03543984051119193
