Model,MAE,RMSE,R2,MAE / Mean,RMSE / Mean
M24,197.6917833333333,206.21204755417617,-0.6535913798999973,0.038529212379103964,0.040189772389013
M36,221.0862958333333,266.79483913238386,0.24247755900097334,0.04038905034481708,0.04873929498361329
M48,75.50529166666665,103.75079528315268,0.0748424368052637,0.013004140653031931,0.017868812965882056
ALL_MODELS,178.84241666666662,221.15978864484023,0.5684096404169325,0.03268760816463299,0.040422091401670204
