Model,MAE,RMSE,R2,MAE / Mean,RMSE / Mean
M12,149.20290833333334,192.01633445351516,0.07835258820398816,0.025217925730825298,0.03245415062912853
M18,340.58497500000004,357.47545647867094,-1.42407992190484,0.049489543310709774,0.05194385655420334
M24,298.03231666666665,316.15983899526725,-1.6710652357768172,0.043885020461503534,0.046554283638076274
M36,296.33137500000015,339.831513926415,0.06173079366836953,0.044258289149428746,0.05075521080224255
ALL_MODELS,271.03789375,308.2618514885644,0.5486959050209907,0.041245690779827066,0.046910315121626044
