Model,MAE,RMSE,R2,MAE / Mean,RMSE / Mean
M18,91.0437833333333,101.99228142549966,0.8037435331455411,0.0230816850822893,0.02585738020209993
M24,102.79389166666665,112.38128498356238,0.5741180389665244,0.025375986422546796,0.027742757041817497
M36,352.78273958333335,372.563739539117,-2.362901171598816,0.08944323163710503,0.09445843324007573
ALL_MODELS,224.85078854166667,274.1529950245287,-0.7305491495577257,0.05662440373759208,0.06904022875268818
