Model,MAE,RMSE,R2,MAE / Mean,RMSE / Mean
M12,101.6823291666667,107.14387569122694,0.5104802135727253,0.05082845746896611,0.053558548208561325
M18,145.05141666666663,171.32946794833387,-0.1662340302485681,0.05786625664893616,0.06834952178789916
M24,61.65933333333334,82.38357032903066,0.8793860434983893,0.026692833564818993,0.03566452655886174
M36,126.47078750000004,154.02020977015894,-0.42394594614317027,0.052845707470794104,0.06435720936824371
ALL_MODELS,108.71596666666669,133.5504346336978,0.7284481962530079,0.04721478050016287,0.058000261141629816
