Model,MAE,RMSE,R2,MAE / Mean,RMSE / Mean
M24,286.5716416666667,317.8899589092401,-1.8454417473306162,0.03728609981676046,0.04136095487222979
M36,284.4116791666667,363.1058432329398,0.6112937079471713,0.03372587144812322,0.04305751798525915
M48,304.2143333333333,357.1525588080906,-0.7038686626418216,0.0365239819909955,0.04287974693043609
ALL_MODELS,289.90233333333333,350.8217791907643,0.5816855465054108,0.035266851170382085,0.04267775057823841
