Model,MAE,RMSE,R2,MAE / Mean,RMSE / Mean
M18,335.52258333333333,356.41413460771537,0.2348756386329418,0.036642603943410734,0.03892418162889879
M24,392.71283333333326,445.5571492926954,0.688884977174721,0.03407622139709099,0.03866159385595483
M36,254.49587499999996,311.10542802233186,0.6411925957868618,0.023018541758527508,0.02813874011213982
ALL_MODELS,309.30679166666664,360.25178116281273,0.8885788395354167,0.028911623867378354,0.03367357030348323
