Model,MAE,RMSE,R2,MAE / Mean,RMSE / Mean
M36,434.9249604166667,464.8979832500637,-2.8814345346824806,0.08469264450538752,0.09052927104700709
M48,616.8131541666667,633.0953450077925,-6.148993205538074,0.12420046648013056,0.127479021232288
ALL_MODELS,525.8690572916666,555.4006890077255,-3.8948206240723424,0.10411595002443919,0.10996286923228293
