Model,MAE,RMSE,R2,MAE / Mean,RMSE / Mean
M18,315.92725833333344,337.05059057149845,-1.6714253540244273,0.05944208628299508,0.06341646615799966
M24,111.10741666666661,144.14465869951033,0.2611339167076159,0.01828539885209591,0.023722471962670817
M36,219.73953749999995,241.29024271160188,-0.17976767489307544,0.037661430188423224,0.04135503211856306
ALL_MODELS,216.6284375,250.4110349464664,0.4758691262466265,0.03757587419979076,0.04343572642621231
