Model,MAE,RMSE,R2,MAE / Mean,RMSE / Mean
M24,58.951525000000004,65.2034764737983,-0.1486949050192441,0.023031313180641697,0.025473839517037966
M36,211.69275833333327,224.63807468058758,-0.25090321137996185,0.06218142008285753,0.0659839032675993
M48,219.68571250000005,228.4719914600466,-0.2277987129143182,0.06872068480116786,0.07146915260145092
ALL_MODELS,175.50568854166667,198.35288844531058,0.7406489987108733,0.0558699927379322,0.06314310680793925
