Model,MAE,RMSE,R2,MAE / Mean,RMSE / Mean
M24,90.85112499999998,114.09173031472685,0.3518875716588118,0.010693557167448907,0.01342907355801808
M36,333.85845833333326,379.506896285976,0.6569029732408098,0.03474615791573432,0.039496997063639065
M48,109.65739583333327,137.65213543245363,0.5831776916976336,0.01178019265287121,0.014787590587487801
ALL_MODELS,217.05635937499994,282.849784325776,0.8154649295638969,0.023451924894993443,0.03056059687757395
