Model,MAE,RMSE,R2,MAE / Mean,RMSE / Mean
M36,291.51386249999996,331.2559725836621,0.6761515562137252,0.05320587168382187,0.06045943277152367
M48,297.45714791666677,339.5833192023361,-0.27899947855489704,0.05523275410533648,0.06305487058939724
ALL_MODELS,294.48550520833334,335.44548741399365,0.48069421562503034,0.05421059509564791,0.06175074553159255
