Model,MAE,RMSE,R2,MAE / Mean,RMSE / Mean
M18,56.442045833333374,76.31959299711589,0.8666312407572463,0.014441923515677484,0.019528025757015482
M24,125.22260833333338,146.53902388135958,0.6243567499239664,0.02715589229240084,0.03177859016131409
M36,170.6752104166666,217.22474210733574,0.43139629186333617,0.039368038616421096,0.05010517939217155
ALL_MODELS,130.75376874999998,174.40724107856315,0.7658668862239495,0.030425173730200088,0.04058292667468657
