Model,MAE,RMSE,R2,MAE / Mean,RMSE / Mean
M36,194.3459770833333,237.8747353595029,0.3544044262230742,0.0375680873256226,0.045982422505783604
M48,304.9773062499999,340.59976174691235,-1.1845837021136458,0.0603987717177385,0.06745356731561034
ALL_MODELS,249.6616416666666,293.76230818844596,-0.1629481492334417,0.04884521697307629,0.057473321036373405
