Model,MAE,RMSE,R2,MAE / Mean,RMSE / Mean
M12,209.04205833333324,214.8355768574927,0.0014136806695177473,0.044071869427339073,0.04529330397480454
M18,155.81086666666673,186.15621075608567,0.42598275190102797,0.02960729679656697,0.03537354165528698
M24,171.92511250000015,196.06629062875555,0.31668180731394924,0.032732832766129635,0.03732907315809621
M36,245.28608749999998,283.3610315585865,-0.34057569782469854,0.046714486025805836,0.05396582041776632
ALL_MODELS,195.51603125,223.35169823264255,0.5242782520787473,0.03813288325809505,0.043561871524039716
