Model,MAE,RMSE,R2,MAE / Mean,RMSE / Mean
M18,203.6752541666667,211.44008183951019,-0.7385002883064433,0.03969536311442795,0.041208692042164353
M24,188.22804166666654,204.20386309197633,0.43823106366075115,0.03450269989536471,0.037431110387971006
M36,201.47106041666666,251.438482913653,0.2729464386209296,0.03566293428035122,0.044507802128781686
ALL_MODELS,198.71135416666664,230.67766866876394,0.530462254849922,0.03631911827142206,0.042161705183337436
