Model,MAE,RMSE,R2,MAE / Mean,RMSE / Mean
M18,110.29944999999992,120.360215813435,0.630859474341398,0.026359051260604595,0.028763344679994026
M24,139.66868750000003,151.0802065681187,0.19189256429004642,0.029883911775980893,0.03232555302833091
M36,110.19884583333334,141.27760818132884,0.7288250597091955,0.023365777012103545,0.029955496036327346
ALL_MODELS,117.59145729166666,138.9519121082868,0.8147109172400959,0.02571610790542557,0.030387431602101098
