Model,MAE,RMSE,R2,MAE / Mean,RMSE / Mean
M36,83.72276875000003,97.51877236483648,0.7838495215536363,0.02912412870964236,0.033923260307367836
M48,120.33654791666669,143.25207705493244,0.6157562178032895,0.04326901808320974,0.051508679780640006
ALL_MODELS,102.02965833333337,122.53788912841833,0.7049422133513321,0.036079575952467795,0.04333166600852427
