Model,MAE,RMSE,R2,MAE / Mean,RMSE / Mean
M24,69.63345000000004,80.07888905502291,0.8689074888206755,0.011016861465440527,0.012669457380405088
M36,187.08173333333332,238.6270734964881,0.5424708481374212,0.028011751310917498,0.03572963602451651
M48,189.97860416666654,215.78135527508212,-1.073051340694867,0.028474900545205854,0.03234234011729714
ALL_MODELS,158.4438802083333,204.24249200866265,0.5981694871251562,0.0240523920967117,0.03100479800256424
