Model,MAE,RMSE,R2,MAE / Mean,RMSE / Mean
M18,157.8712833333333,165.65883323244242,0.0786339090890763,0.035733991002631305,0.03749669434013277
M24,63.0915166666667,76.93341662901867,0.80084286348891,0.012889520323473085,0.01571740369522407
M36,124.58392083333331,165.2743922918629,0.5719351797435843,0.025924378338073102,0.0343915639089678
ALL_MODELS,117.53266041666666,148.31794321409458,0.7276612648226666,0.02484298094579658,0.031350093022015774
