Model,MAE,RMSE,R2,MAE / Mean,RMSE / Mean
M36,102.16917291666662,119.25666305749517,0.8899076981972465,0.015519368037974678,0.01811493616063218
M48,196.95946041666662,223.52688568539457,0.36275819748295823,0.029880542043964023,0.033911062162483414
ALL_MODELS,149.56431666666663,179.14577905691831,0.6908538301774482,0.022704440104681402,0.027195020184321756
