Model,MAE,RMSE,R2,MAE / Mean,RMSE / Mean
M24,33.40815833333335,38.89305451734497,0.41900314653924164,0.014167505389263884,0.016493502993537818
M36,140.85541250000003,158.89470092094666,-0.10250722458180683,0.05491305280085769,0.06194574242185002
M48,58.358758333333334,72.40038522772748,0.6971910849294024,0.023275229327306565,0.028875452762986233
ALL_MODELS,93.36943541666666,119.6343778271182,0.3933491032807779,0.03736443247614561,0.04787509544423284
