Model,MAE,RMSE,R2,MAE / Mean,RMSE / Mean
M36,110.12989166666661,142.1096888003975,0.7182363146025421,0.025238406890361505,0.03256719946536237
M48,59.53015208333327,75.07634642817072,0.8719196643270132,0.012907781853334164,0.016278626345244677
ALL_MODELS,84.83002187499994,113.6477484245696,0.8237067017852324,0.018902485226054127,0.025323875181067722
