Model,MAE,RMSE,R2,MAE / Mean,RMSE / Mean
M12,87.81533333333333,92.38133005107596,0.49574639683398813,0.040847507558725474,0.042971391604500794
M18,66.60696666666671,76.34988155857984,0.7240514251525026,0.025275388166840607,0.028972538301329984
M24,109.3605041666667,129.5974248083577,0.49266055705748035,0.04937175937247232,0.05850789479882968
M36,241.44936666666672,252.8838723553561,-5.461127333605468,0.10684191234765937,0.1119017079950688
ALL_MODELS,126.30804270833336,154.1990272103013,0.5752576897345602,0.05456070959323255,0.06660865106276515
