Model,MAE,RMSE,R2,MAE / Mean,RMSE / Mean
M12,168.3670041666667,182.6907070561438,-0.9617158512915644,0.03512066489939595,0.038108530436290915
M18,73.02712916666663,100.79537531767633,0.6818050560113407,0.01370597145650048,0.018917607097745703
M24,171.7430499999999,208.2985045993328,0.4450308945249726,0.03761277170441478,0.04561863842447016
M36,504.72115833333334,524.8489280070083,-8.277548643639747,0.10227033703691195,0.1063487747135203
ALL_MODELS,229.46458541666664,300.9942966147902,0.21890690792206857,0.04677382410395787,0.061354366559834936
