Model,MAE,RMSE,R2,MAE / Mean,RMSE / Mean
M12,182.24844583333325,237.6190368528766,-0.11442961485889547,0.03009862786520873,0.03924317121729852
M18,74.73083333333345,94.15518903361098,0.744794732609298,0.011218950752813294,0.0141350280971474
M24,133.05550833333325,157.89506565923767,0.6456206334615794,0.020584347725192402,0.02442715056545763
M36,108.36133333333323,138.1380938487521,0.7295893854212894,0.017368961671263783,0.02214180264855007
ALL_MODELS,124.5990302083333,165.33374657684482,0.7488579836125375,0.019607324117740584,0.026017476631337116
