Model,MAE,RMSE,R2,MAE / Mean,RMSE / Mean
M12,226.20342500000007,239.9171855810268,0.37612549760274994,0.04537378142551486,0.048124602617215864
M18,333.32328333333334,376.3621603811559,-0.01248759858809878,0.062409864176438005,0.07046825854961142
M24,146.91025833333342,164.90579917041782,0.7191621739470211,0.025995297639235013,0.02917955070328994
M36,312.0136791666666,326.2083073273355,-2.945482678329406,0.05440833745059287,0.05688356905266254
ALL_MODELS,254.61266145833335,288.450391780498,0.5268958962746982,0.04690663986413226,0.05314047843661484
