Model,MAE,RMSE,R2,MAE / Mean,RMSE / Mean
M36,137.03146666666666,174.20857530367394,0.7866903042166989,0.019871992845791768,0.025263332914120345
M48,92.32401458333335,116.96251169366104,0.780590114166426,0.012851971926975337,0.016281775912578428
ALL_MODELS,114.67774062500001,148.37259998231752,0.8210784109686126,0.016290199005932152,0.021076620166796362
