Model,MAE,RMSE,R2,MAE / Mean,RMSE / Mean
M18,81.83917916666663,92.22765974640998,0.7859031843995838,0.016938522900730432,0.01908866074418827
M24,68.71206666666653,89.43549199296284,0.8830788259231717,0.01262190382157315,0.016428645402946033
M36,200.10680208333338,234.7498501528307,0.06435227573898816,0.037446011009489064,0.04392876894628536
ALL_MODELS,137.69121249999998,177.98850576924613,0.7220552703183017,0.026272979591187712,0.03396214104470466
