Model,MAE,RMSE,R2,MAE / Mean,RMSE / Mean
M24,274.5405125,289.13427151355575,-1.3049203004137109,0.060815294801742595,0.06404805541908494
M36,369.67928958333323,461.47991965184883,-0.08138365392425362,0.07027037925859042,0.08772027508143444
M48,431.71122083333336,456.56215506740017,-2.7553209902703055,0.0828646893694616,0.08763469498078637
ALL_MODELS,361.40257812500005,423.6670452393061,0.19009687626526017,0.07140300247582317,0.08370471300203002
