Model,MAE,RMSE,R2,MAE / Mean,RMSE / Mean
M36,150.79944375000002,180.46717983272782,0.703889282522663,0.04823974208597135,0.057730254128430095
M48,199.99895,228.41451383155177,-0.14460884206415048,0.07355888649650977,0.08401002753809746
ALL_MODELS,175.399196875,205.8416783910419,0.6446189905033859,0.060017475593194966,0.07043417603388981
