Model,MAE,RMSE,R2,MAE / Mean,RMSE / Mean
M24,35.57425000000006,41.388804065260274,0.44306196506524775,0.015448035029311745,0.017972991560509636
M36,67.49967708333337,80.15681375531577,0.5456430837956145,0.02414223495573904,0.028669242796452842
M48,128.62191249999998,142.4930624039421,0.45756509110874866,0.0465880757621491,0.05161233772554498
ALL_MODELS,74.79887916666668,93.36425375647657,0.8567549326039406,0.02807897486431108,0.03504828633343403
