Model,MAE,RMSE,R2,MAE / Mean,RMSE / Mean
M12,94.22981666666668,120.12187525708003,0.4032376541322318,0.024381603148078274,0.031081073863079307
M18,123.58412916666668,147.8634591863371,0.6118018075783311,0.026315958938141037,0.03148599052837501
M24,102.05095833333336,138.62924265709907,0.6781081933467753,0.024846793746766363,0.03375266882179073
M36,199.29557916666644,228.17781385026674,0.10689251828388491,0.04774690444817117,0.05466646235032744
ALL_MODELS,129.79012083333328,163.99393977445854,0.8098986334138479,0.030825041314953523,0.038948418696990734
