Model,MAE,RMSE,R2,MAE / Mean,RMSE / Mean
M18,76.63287500000001,99.54932386381802,0.4439829865620444,0.026267749260893786,0.03412290976093852
M24,81.9907583333333,101.96656729526184,0.7970183746321309,0.022763354734224066,0.028309302042758798
M36,131.5920729166667,170.96329124419094,0.004340787484964914,0.03779367733906145,0.049101221091020504
ALL_MODELS,105.45194479166669,140.32475069799216,0.8085522556008744,0.03128451254824764,0.04163025568389494
