Model,MAE,RMSE,R2,MAE / Mean,RMSE / Mean
M36,147.499425,197.79983465334763,-0.5566777030314236,0.04584850765116144,0.0614838141403092
M48,186.02817708333336,225.96686854634197,0.4450008510383908,0.0649223311206276,0.07886061182809541
ALL_MODELS,166.76380104166665,212.35088917818481,0.4961261376441364,0.054833966639265645,0.06982355583335301
