Model,MAE,RMSE,R2,MAE / Mean,RMSE / Mean
M18,52.4347,60.13858953702965,0.7209939780030058,0.028255895098457464,0.03240735004353036
M24,98.0246958333333,110.58838395491821,0.6541400246322812,0.0411890102771504,0.04646814809808003
M36,133.5097354166667,155.58429329226504,-0.5649598546542962,0.05894849098083948,0.06869506018625852
ALL_MODELS,104.36971666666666,126.74717477696579,0.730298866537918,0.04762863376860439,0.05784048248341573
