Model,MAE,RMSE,R2,MAE / Mean,RMSE / Mean
M12,248.77571250000003,273.5532948238522,-1.5412977026071846,0.043520154965304106,0.04785467866765156
M18,128.11367916666663,155.71897504363557,0.3509232024882517,0.02003876654566309,0.02435661990137614
M24,267.20805,281.2086298635588,-0.45772079640466923,0.04632092569719821,0.048747947710859836
M36,269.3014208333332,311.14000853129136,-0.493006666958659,0.045159860675382,0.05217588303964527
ALL_MODELS,228.34971562499996,262.1860993246104,0.4145209533961087,0.038311233194162145,0.043988111673361786
