Model,MAE,RMSE,R2,MAE / Mean,RMSE / Mean
M12,40.44760416666664,48.63023880803224,0.22710025363879938,0.017617511478920517,0.021181570777168722
M18,63.62751249999999,77.17385967006302,0.7545621521509536,0.02240438239997652,0.027174292933897393
M24,63.69357500000001,73.54997133549186,0.5685738128456126,0.02520479810054577,0.02910516763758355
M36,63.15907500000005,79.00811149588277,0.5306980884388746,0.023516728982112125,0.02941797905427163
ALL_MODELS,57.73194166666667,70.66219765280857,0.9072103531097785,0.022314915890258732,0.027312800361843498
