Model,MAE,RMSE,R2,MAE / Mean,RMSE / Mean
M36,217.4620270833333,235.99065015627164,0.145444814277101,0.04546878179885697,0.04934290148235398
M48,265.6869020833333,289.3047280156006,-1.0073817785880852,0.053171055418431666,0.05789761409204508
ALL_MODELS,241.57446458333325,263.99698162418485,-0.07388478012121635,0.049404256778635566,0.05398987302503908
