Model,MAE,RMSE,R2,MAE / Mean,RMSE / Mean
M12,149.4661416666667,154.10613856298036,-0.2750411609183818,0.056131369020608085,0.057873899972014475
M18,89.29375833333332,114.88883027729821,0.145544871996383,0.031287688152419876,0.0402559592182664
M24,107.907675,125.7778433537183,0.7410142348714102,0.045418077550376176,0.05293958787971518
M36,161.8762083333333,176.94628494136523,-0.9718453679150416,0.06072445215542841,0.06637767417851083
ALL_MODELS,127.13594583333332,144.98120472887308,0.6308455751935351,0.04816496698908054,0.05492557509233119
