Model,MAE,RMSE,R2,MAE / Mean,RMSE / Mean
M24,126.43936250000003,130.35800819383107,-0.18222560675793087,0.05086994283606861,0.05244651897896075
M36,188.44605625,218.91173056791777,-0.07003044251548185,0.06305311487065811,0.07324677824895302
M48,98.34966666666662,110.87369076297657,0.2638946127020807,0.03369004595929318,0.03798019722975989
ALL_MODELS,150.42028541666667,176.86921521575508,0.5782013933673105,0.05286174058834727,0.062156607048718344
