Model,MAE,RMSE,R2,MAE / Mean,RMSE / Mean
M18,82.6151875,107.92646560580225,0.9558620989268999,0.012346980141605485,0.01612979366037882
M24,95.51460833333329,115.43894289187747,0.9744110125621095,0.012544465847278611,0.01516123974983342
M36,548.8045437500001,592.0105675448428,-2.0088141488758917,0.0664413956350778,0.07167216231415147
ALL_MODELS,318.93472083333336,426.0068355330958,0.7281020115704797,0.041386276905775045,0.05528039347067223
