Model,MAE,RMSE,R2,MAE / Mean,RMSE / Mean
M18,294.90383750000007,305.25591054275475,-3.729310149362889,0.05254957530849532,0.05439423438981122
M24,174.4058416666667,203.8709236526979,0.7571711360882442,0.025292245687180887,0.029565256761018458
M36,408.47127916666665,543.8075534363785,-0.2761544868435952,0.07348395480014241,0.09783094115752926
ALL_MODELS,321.563059375,426.0862104026631,0.6297711524734031,0.05444492324460844,0.07214208953617955
