Model,MAE,RMSE,R2,MAE / Mean,RMSE / Mean
M36,113.91976666666665,130.97141309567007,0.8940208862355972,0.02368938122490003,0.027235236036478244
M48,106.2025833333333,130.39108297243402,0.7862880313329846,0.020930226065249337,0.02569725479219255
ALL_MODELS,110.06117499999998,130.681570175371,0.8765107709636041,0.022272780125847144,0.026445673317739
