Model,MAE,RMSE,R2,MAE / Mean,RMSE / Mean
M12,243.88464583333334,258.3409026737789,0.445218146250537,0.06233340610423633,0.06602821733478194
M18,508.7807791666667,522.8894679876925,-5.32190104167991,0.12734641866382998,0.13087778436585756
M24,654.6853916666665,679.4650465723679,-5.6360539386846344,0.17711951618175872,0.183823439232303
M36,525.1999624999999,553.7130907088649,-5.5990384046639985,0.1310283797128868,0.1381419159971804
ALL_MODELS,483.13769479166666,526.4086706311714,-2.241043622027941,0.12378293639144057,0.1348692343716605
