Model,MAE,RMSE,R2,MAE / Mean,RMSE / Mean
M12,256.86347500000005,268.9036881330626,-0.7000178430500799,0.06395538380139226,0.066953227118647
M18,204.61821666666663,238.39992265915794,-2.043172556185598,0.050787403561751494,0.05917221486151975
M24,139.66404583333332,168.63047128599342,0.5397754564272039,0.035180598879069665,0.042477080867186996
M36,105.71927916666671,122.0274741347979,0.3081866594238911,0.024017329117878145,0.027722228441403117
ALL_MODELS,176.71625416666666,207.6479333543383,0.34796321305686984,0.04305711182063217,0.05059364984801368
