Model,MAE,RMSE,R2,MAE / Mean,RMSE / Mean
M12,130.11304166666665,139.29982141190393,-1.1121836212726581,0.04951185983827493,0.05300770118734255
M18,147.30272916666664,156.33622253904002,-0.9180896659997073,0.05173887368467268,0.05491181403118677
M24,144.5306625,154.13500080119834,-0.5179525021581866,0.05734300805078441,0.061153560351602056
M36,106.25016666666669,131.14167243369224,-3.3355133010287448,0.03952269063856169,0.04878177523881918
ALL_MODELS,132.04915,145.60322064076726,0.12896877167628729,0.049439251199251195,0.05451390032180359
