Model,MAE,RMSE,R2,MAE / Mean,RMSE / Mean
M36,412.36836875,438.78557424382524,-3.636151703384569,0.07162178033318378,0.0762100257765252
M48,544.6593333333333,569.6812093036406,-1.6093415995009934,0.0965137625516834,0.10094764488546497
ALL_MODELS,478.5138510416666,508.46310603530605,-1.9987203262987006,0.08394304862182134,0.08919688142654718
