Model,MAE,RMSE,R2,MAE / Mean,RMSE / Mean
M18,68.20188749999996,97.35753515466628,0.7334413100468489,0.025235423893436918,0.03602332367778226
M24,96.54404583333336,129.69927055841688,0.16937423431610532,0.033574212104965744,0.04510429184939077
M36,123.47757083333333,143.94897754333098,0.6288563027497662,0.04824952498799241,0.0562488372754572
ALL_MODELS,102.92526874999999,130.13743380203707,0.7120921662345884,0.03848947587791909,0.048665616130711326
