Model,MAE,RMSE,R2,MAE / Mean,RMSE / Mean
M18,441.3441125,456.98856810700187,-6.949370131855153,0.10464694079174859,0.1083563919280772
M24,506.761575,519.9905261864537,-3.342800127096554,0.09712340027949691,0.09965879519644552
M36,433.61587916666673,494.065483181646,-1.1148152744445925,0.09787110216633829,0.11151513517969279
ALL_MODELS,453.8343614583334,491.7901234386422,-0.07246772974632831,0.09921977718414875,0.10751787571163668
