Model,MAE,RMSE,R2,MAE / Mean,RMSE / Mean
M18,707.8549583333333,718.0147308338185,-15.731267165400546,0.167099639017577,0.16949800367879098
M24,154.65061249999997,189.08082683384475,0.6783711931259566,0.02847596860566816,0.03481563766101697
M36,695.8087020833333,771.5466957232919,-2.827968463074267,0.14863274263819107,0.16481124929226956
ALL_MODELS,563.53074375,659.8987271039381,-0.463881441899759,0.11845206079927134,0.1387082515216854
