Model,MAE,RMSE,R2,MAE / Mean,RMSE / Mean
M36,562.5327437499999,631.911777504176,-0.5495764829090117,0.1111834655104259,0.12489609200596423
M48,386.0394020833334,438.9758942330782,-1.5647914768316262,0.08397904046698604,0.09549484893739718
ALL_MODELS,474.2860729166667,544.0644861899267,-0.3459576058140428,0.0982329489433771,0.11268527993060046
