Model,MAE,RMSE,R2,MAE / Mean,RMSE / Mean
M36,152.38782083333334,176.34230237676118,0.8387876601256531,0.03109162373544164,0.03597904664662304
M48,274.35516875,288.52301119989653,-0.5961467829319771,0.05072822842835131,0.05334786031431061
ALL_MODELS,213.3714947916667,239.10472140820713,0.6939557137728044,0.04139284545123874,0.04638494373194011
