Model,MAE,RMSE,R2,MAE / Mean,RMSE / Mean
M18,65.66817916666666,75.99574885596397,0.5251700122001792,0.017287544698681524,0.02000633978175126
M24,437.73167916666665,454.8646555028168,-1.7017270464020111,0.09362159731938366,0.09728598051979363
M36,285.9676145833334,350.9172609683327,-0.9807574122911369,0.07288391041400075,0.08943747790604924
ALL_MODELS,268.83377187499997,338.7340611604141,0.34044489050568916,0.06588524757985458,0.08301627183083427
