Model,MAE,RMSE,R2,MAE / Mean,RMSE / Mean
M24,239.8575708333333,260.0391837709007,-1.7966285948279714,0.062062225216969434,0.06728414005176667
M36,361.3565166666667,416.8545674605319,-0.20063305840759194,0.08209499576393525,0.09470335353441876
M48,206.23175000000006,236.02050734662515,0.04444348702839929,0.049408660757067575,0.05654540185592361
ALL_MODELS,292.2005885416667,343.0967494052548,0.16792428489842803,0.06939738676733992,0.0814851809023593
