Model,MAE,RMSE,R2,MAE / Mean,RMSE / Mean
M12,126.36609999999996,144.62303788041226,0.47776265950393804,0.025415547063555904,0.02908749756243207
M18,303.5717958333333,344.52624993024654,0.5210834872355419,0.05326677608972202,0.06045292370356283
M24,186.0319791666668,255.3414903129019,0.5356784503358084,0.03233628225648753,0.04438373735277459
M36,144.77791249999996,186.1860525306977,-0.18413360729471773,0.024427360539913522,0.03141386523770076
ALL_MODELS,190.18694687500002,244.68279608961856,0.7584589186681123,0.034036409444767574,0.043789145199699085
