Model,MAE,RMSE,R2,MAE / Mean,RMSE / Mean
M24,155.63851666666676,191.27399736367954,0.6430563000985275,0.02549100487938037,0.03132750494235718
M36,218.69956041666669,243.73419586286644,0.28426972674035955,0.033967470748880436,0.037855742154673674
M48,117.80439583333346,149.96870522043235,0.4601345115285249,0.0182786530728352,0.02326930090439737
ALL_MODELS,177.71050833333342,210.88448916338663,0.5489195186319514,0.027955594081876457,0.03317418442221462
