Model,MAE,RMSE,R2,MAE / Mean,RMSE / Mean
M18,81.9624583333333,91.16435534304689,0.8054124415512811,0.019524362041071545,0.021716355452880125
M24,134.11344583333334,159.69739442463393,0.7473246723837159,0.025564896270174102,0.03044174502947654
M36,358.8351354166666,429.4678025806496,-1.374838760665488,0.0677300348007314,0.08106193163276845
ALL_MODELS,233.43654374999997,317.29299723521876,0.658727527685605,0.04659412050898203,0.06333193557589196
