Model,MAE,RMSE,R2,MAE / Mean,RMSE / Mean
M12,109.47905416666674,121.85445585863052,0.6844210971586563,0.025346040611585414,0.028211131438837914
M18,78.0121208333333,94.50343798657316,0.3751811097494495,0.016602591978434163,0.020112285176842944
M24,115.92135416666672,135.1451013088078,-0.43162705643200283,0.024305355348796586,0.028336019144816208
M36,167.44988750000005,211.03466161216966,0.1379311076931239,0.03426435185185186,0.04318286507308567
ALL_MODELS,117.71560416666671,147.1217480638195,0.7175118367001692,0.025214135108179814,0.031512794410676455
