Model,MAE,RMSE,R2,MAE / Mean,RMSE / Mean
M36,47.74690833333335,58.5654481459205,0.9595473920649217,0.018561560827063416,0.022767256898303143
M48,100.97003541666665,119.11473923780642,0.29640144365162735,0.03664447561224566,0.04322962886015098
ALL_MODELS,74.358471875,93.8568932477075,0.8552392699834839,0.02791364905447891,0.03523321974481066
