Model,MAE,RMSE,R2,MAE / Mean,RMSE / Mean
M36,327.1837479166666,356.6094730676895,0.2974092483847337,0.05057733832295795,0.05512608154702763
M48,212.55753333333334,244.20122479106928,0.5576748567140443,0.03066526085466797,0.03523043451724702
ALL_MODELS,269.870640625,305.6178614471621,0.5581768697003217,0.040277634575770535,0.04561283329927718
