Model,MAE,RMSE,R2,MAE / Mean,RMSE / Mean
M36,98.07965833333333,119.94009098480167,0.8045269934743458,0.03585683841730454,0.04384877083872562
M48,54.06127708333333,66.10538234334471,0.7796835373647941,0.020710818554759206,0.02532490264881436
ALL_MODELS,76.07046770833334,96.83890488900185,0.8147486416084916,0.028460942986644013,0.036231229200566574
