Model,MAE,RMSE,R2,MAE / Mean,RMSE / Mean
M18,38.933720833333325,45.93506931056324,0.3103970474202057,0.01695811872742781,0.02000765255537137
M24,60.27573750000001,72.50764494083538,0.7833450126220952,0.021224162619756747,0.025531235472645564
M36,94.66857083333336,117.19926069909388,0.28511517508273243,0.036321930203187705,0.044966384614299124
ALL_MODELS,72.13665000000002,93.32566981310774,0.8381444958736639,0.027882715025406058,0.03607282922001539
