Model,MAE,RMSE,R2,MAE / Mean,RMSE / Mean
M12,173.18347500000002,202.0351399585416,-0.4020729821889717,0.030117773993695886,0.03513527306260642
M18,111.08055833333329,137.82858492243182,0.560399926732288,0.01730721000285647,0.02147475939480617
M24,313.9332041666667,345.12990859929045,-0.04056923296001225,0.05481155899898153,0.06025838648612666
M36,392.87264166666665,420.94526034326407,-2.0748873802677017,0.06637670289753048,0.07111963399486342
ALL_MODELS,247.76746979166668,298.3808315789574,0.35711079670637647,0.04161587306863931,0.05011706671398787
