Model,MAE,RMSE,R2,MAE / Mean,RMSE / Mean
M18,123.69755833333335,131.47528406047465,-1.188046579945254,0.05412275577918764,0.05752582982300357
M24,101.86604583333336,124.95639108027015,0.25162382764415137,0.034829967802598595,0.04272500264882727
M36,187.11150208333333,210.21171546655893,-0.5805254833256845,0.07290176869754379,0.08190199794148305
ALL_MODELS,149.94665208333333,174.1247976519822,0.5824154911455989,0.057987280959708676,0.06733743917060889
