Model,MAE,RMSE,R2,MAE / Mean,RMSE / Mean
M12,120.5072333333333,146.08905494872522,0.06350415263401832,0.03208677553918522,0.03889830166381252
M18,407.8934958333334,460.7460340846359,-2.530615944444593,0.08919360302491916,0.10075080696124332
M24,141.06575416666666,157.82918405152054,0.20491020913276126,0.03669884014611991,0.04105991585353856
M36,378.7503833333333,414.96386070883625,-3.8188488787780646,0.09637823062894947,0.10559324671330494
ALL_MODELS,262.05421666666666,328.1516329889596,0.2374001040223478,0.06509652952440097,0.08151569830497365
