Model,MAE,RMSE,R2,MAE / Mean,RMSE / Mean
M24,92.31426249999998,102.26039593305616,-0.13827052758453773,0.03512830664341208,0.03891310452502534
M36,112.86841458333338,133.94160500608015,0.560940767799577,0.04205623272783731,0.049908376341343326
M48,109.25555833333335,129.3205663728834,-3.2159386571346955,0.04064062926224427,0.04810436442884689
ALL_MODELS,106.82666250000001,125.56044815804691,0.3522648319723457,0.03999594243594244,0.047009878800251564
