Model,MAE,RMSE,R2,MAE / Mean,RMSE / Mean
M36,98.84766249999997,123.78407746753346,0.8898216826086465,0.02056363139919906,0.025751242647060683
M48,239.2402395833334,294.9456840968849,-1.4208129754530097,0.04422866854105686,0.054527009846905235
ALL_MODELS,169.04395104166667,226.18074011934323,0.7128857290649095,0.03309369070827861,0.04427934517357628
