Model,MAE,RMSE,R2,MAE / Mean,RMSE / Mean
M12,39.49216666666666,47.41228006684206,0.8245396013025978,0.014910675518358868,0.017900996155243515
M18,58.595166666666636,70.31340040608072,0.3050032121375553,0.021197811308240742,0.02543708430300926
M24,47.14584999999996,54.76987645818634,0.894060315480407,0.019092864012959166,0.02218039982782634
M36,115.80101250000001,152.32001775041067,-2.6480737130157133,0.04133720494400072,0.05437330516278994
ALL_MODELS,65.25854895833332,91.36879356833617,0.7251032699856743,0.02443349219782919,0.034209444439262694
