Model,MAE,RMSE,R2,MAE / Mean,RMSE / Mean
M12,217.15475833333326,231.12936353384256,-1.9570065678998718,0.05002653317847165,0.053245901043513774
M18,543.3955791666666,559.4846597955275,-10.98340126085968,0.11454778045181463,0.11793935842227331
M24,116.40838750000005,147.84248451302128,0.7627329771209304,0.026306237111946,0.03340978718409565
M36,511.5688666666667,527.6199541593977,-8.912080050523773,0.10912208189275906,0.11254591824789618
ALL_MODELS,347.1318979166667,408.25362321975297,-1.3777749576513916,0.07630198307029012,0.08973695945042846
