Model,MAE,RMSE,R2,MAE / Mean,RMSE / Mean
M24,186.83602083333324,204.38235561741763,-1.4552176006145143,0.038973225848507216,0.042633319150128406
M36,450.2896104166666,542.7471672859858,-0.47116458766210734,0.09102084679168367,0.10971007462163183
M48,463.80560000000014,476.33766524490284,-6.641778729869291,0.09397972375130866,0.09651906357331454
ALL_MODELS,387.8052104166666,463.0925106856656,-0.8489355762455013,0.0790498135722779,0.09439629910358396
