Model,MAE,RMSE,R2,MAE / Mean,RMSE / Mean
M18,75.39895416666666,113.6633006862868,0.7431199683498606,0.018468065194317436,0.027840455752682923
M24,98.16450833333336,134.39901464192053,0.7192901253099978,0.020200363545944837,0.027656726469455217
M36,282.47327708333336,347.06354289671066,-0.09882721253145266,0.059278523055668504,0.0728331346660988
ALL_MODELS,184.62750416666668,260.7147131807362,0.6234922828214282,0.03997870808540586,0.05645441321902883
