Model,MAE,RMSE,R2,MAE / Mean,RMSE / Mean
M18,111.96784583333329,121.97138162937885,0.43701915987624795,0.017987163731534094,0.019594189703307913
M24,87.67873749999994,111.81917617446214,0.9314258256140535,0.011572650179010402,0.01475892840236421
M36,172.5785979166667,222.05525374346539,0.3996849990526199,0.02361293758818751,0.030382544018033263
ALL_MODELS,136.20094479166664,177.48071552077465,0.9132722024673775,0.019170715568620836,0.024980974407838728
