Model,MAE,RMSE,R2,MAE / Mean,RMSE / Mean
M36,367.0974458333333,410.8924836624611,0.568496761205042,0.07399790613293913,0.08282591933529644
M48,257.92396458333343,318.09413042883733,0.2907296781095937,0.055748007673014334,0.06875326242962662
ALL_MODELS,312.5107052083334,367.43469415910084,0.542195717482979,0.06519113974111312,0.07664853105333035
