Model,MAE,RMSE,R2,MAE / Mean,RMSE / Mean
M18,98.53999583333336,114.69202379493495,0.7247800297101459,0.020718546260523718,0.024114594085507625
M24,206.9447416666666,220.2175735150353,-0.42508735763503,0.04149926721868967,0.044160909119750395
M36,150.62296875,191.8087641690269,0.8032134582512687,0.0324103324457355,0.04127249558493276
ALL_MODELS,151.68266874999998,183.8690050220038,0.7460533345272293,0.03187015202384756,0.03863284573521754
