Model,MAE,RMSE,R2,MAE / Mean,RMSE / Mean
M12,76.82785833333325,100.47730865424285,0.66063195981039,0.019856221664638525,0.025968441086159186
M18,133.90986249999995,162.47420611825711,0.29580530857390763,0.029080810576035603,0.03528404497926209
M24,214.46139583333334,242.9795435149643,-0.07990736211106464,0.050232503781779146,0.05691220460019658
M36,219.88094999999996,247.88305631163044,-1.3107352852396925,0.051437649742185135,0.05798829697424903
ALL_MODELS,161.27001666666663,198.1026409347521,0.6264650440428701,0.037905657965933204,0.046562970009123156
