Model,MAE,RMSE,R2,MAE / Mean,RMSE / Mean
M36,281.2337625,300.0164613736338,0.492064842497711,0.045327385365460555,0.04835465571337477
M48,179.3811479166666,219.53538864166202,0.5258492862583632,0.028933998803699113,0.03541083746034658
ALL_MODELS,230.30745520833332,262.8741751876767,0.504400550643159,0.03713388595901915,0.0423848183036899
