Model,MAE,RMSE,R2,MAE / Mean,RMSE / Mean
M36,139.22164166666664,205.7632862587037,0.5830280117837374,0.017795030010598237,0.026300249086415015
M48,156.65519791666662,193.16762905719722,0.538346196448608,0.020158085002573555,0.024856433352131408
ALL_MODELS,147.93841979166663,199.56485523202747,0.5664746477121001,0.018972595710686407,0.025593509256830647
