Model,MAE,RMSE,R2,MAE / Mean,RMSE / Mean
M24,52.88755416666668,68.19563108765045,0.4895010992617199,0.02893917831330796,0.0373155000137619
M36,137.27784583333334,147.95811134325737,0.18889067454639052,0.06240729452768359,0.0672626043649381
M48,124.26326250000001,134.7476319982795,-0.8083397736264708,0.05912840120544034,0.0641171967159425
ALL_MODELS,112.92662708333334,129.0259410478317,0.598785626995533,0.05423596668084149,0.06196808335088599
