Model,MAE,RMSE,R2,MAE / Mean,RMSE / Mean
M18,126.82494166666675,150.1927775116229,0.8362641108948591,0.01818572051645129,0.021536488324155924
M24,245.1798583333333,322.9418219560117,0.5389284716576188,0.02816068818645162,0.03709221472060626
M36,167.56608958333334,213.2481584893432,0.7045599800235102,0.020471348361792728,0.02605227197699275
ALL_MODELS,176.78424479166668,233.34461906326246,0.9049707402244683,0.022062781857631105,0.029121551154695814
