Model,MAE,RMSE,R2,MAE / Mean,RMSE / Mean
M36,92.4466875,107.76885284583813,0.9214243960933142,0.017993759377154212,0.020976055052918496
M48,179.60031249999994,196.764349161625,0.3426532123639541,0.03360862903791723,0.0368205373744006
ALL_MODELS,136.02349999999998,158.63532826061444,0.7792125658431928,0.02595476192369155,0.030269344471292873
