Model,MAE,RMSE,R2,MAE / Mean,RMSE / Mean
M12,70.40207083333333,97.0955744604017,0.39774063738705623,0.01632953552651925,0.022521008456873756
M18,97.90790833333331,121.57509393098363,0.3899695295059905,0.02167882757793543,0.026919229957686586
M24,240.83542500000001,310.19799221974074,0.2147654060252,0.05645131555815998,0.07270975498851233
M36,152.98434166666667,189.86908501903795,-1.0029882547251723,0.03177849884886358,0.03944034032488801
ALL_MODELS,140.53243645833334,197.78847152150195,0.5741444999954137,0.03138994045943261,0.044178899199992995
