Model,MAE,RMSE,R2,MAE / Mean,RMSE / Mean
M36,175.89137708333337,200.98176767738417,0.9055508848315346,0.021286624359594986,0.0243230990775002
M48,304.6025895833333,365.65672512325597,0.14894959892472992,0.03724886451645776,0.04471497708630461
ALL_MODELS,240.24698333333333,295.04110863283984,0.7041341503939411,0.029226238050343155,0.035891987303651327
