Model,MAE,RMSE,R2,MAE / Mean,RMSE / Mean
M36,228.1854520833334,236.77496140214686,-1.607483237586206,0.08081950443836103,0.08386176624855596
M48,189.62883541666667,203.5272255685245,-0.2217328629235651,0.06984648280730833,0.07496571304809944
ALL_MODELS,208.90714375000002,220.7778452365739,-0.5906278349474663,0.07544043710502558,0.07972717853863638
