Model,MAE,RMSE,R2,MAE / Mean,RMSE / Mean
M24,74.63776249999994,87.85062882973332,0.6791918466314,0.015283922629306654,0.017989582873275196
M36,199.61653124999998,242.7578040721112,0.7629049550357252,0.037957277434229546,0.04616063239246106
M48,140.0420375,163.39614378172942,0.6679109350173132,0.026367264982074073,0.030764401154488592
ALL_MODELS,153.47821562499996,195.1145405039987,0.7882673056631976,0.02963960857127913,0.03768038730156764
