Model,MAE,RMSE,R2,MAE / Mean,RMSE / Mean
M18,218.25047499999997,227.13145870855269,-0.11303484858570423,0.04440083918929228,0.04620758499127128
M24,166.23094999999992,180.8559497060874,0.28248963835843277,0.03193039177237983,0.034739627779791886
M36,120.3809020833333,156.23423253754342,0.819179525506938,0.02328863636363636,0.03022474633559337
ALL_MODELS,156.31080729166663,182.42522092103667,0.6799127608376221,0.03055979549194349,0.03566533588120432
