Model,MAE,RMSE,R2,MAE / Mean,RMSE / Mean
M24,55.45965833333336,67.55762974060245,0.849109138909103,0.011662316110434506,0.014206334070274149
M36,258.0130291666667,279.9012656897592,-1.218714498385895,0.050549285104958756,0.054837575165441944
M48,235.61347916666668,255.42718514973842,-0.2304437433936668,0.04414545291311782,0.04785782551422578
ALL_MODELS,201.77479895833335,237.95825123282938,0.3061971645559318,0.03975654102314126,0.04688591947940196
