Model,MAE,RMSE,R2,MAE / Mean,RMSE / Mean
M18,100.54554999999998,107.71359023995839,0.24586518298945803,0.030590401095279135,0.03277123581155876
M24,67.15492499999998,86.08755526798473,0.8370770060324553,0.016923768822059343,0.021694996812395083
M36,132.5313729166667,160.25550814440763,0.3583964007527043,0.03963678556964392,0.047928374036147955
ALL_MODELS,108.19080520833332,132.64326262163166,0.844823522467077,0.031039790145630918,0.03805516585331903
