Model,MAE,RMSE,R2,MAE / Mean,RMSE / Mean
M12,114.27428333333334,142.7367830498969,0.8816933657446212,0.014723537622401651,0.018390755417870244
M18,107.16352083333345,137.24529728574348,0.9529651158595369,0.010963253692533955,0.014040738868508892
M24,138.58910416666663,160.66366056691348,0.6652819541738534,0.013953679154255985,0.01617622961616782
M36,208.2425416666666,244.18697595255588,0.7332033868147295,0.02102787408068126,0.024657464038696973
ALL_MODELS,142.0673625,176.52914200925858,0.9704775586932057,0.01520600860953069,0.018894583569296935
