Model,MAE,RMSE,R2,MAE / Mean,RMSE / Mean
M12,215.59040416666667,223.8675913694047,-0.08127617852201507,0.043859674835340895,0.04554358437976887
M18,118.65407083333328,135.44613509085593,0.5975649390644213,0.022791609908359666,0.02601710546384843
M24,115.48133750000004,144.88410133566964,0.7198172656848124,0.023638172607015846,0.029656700117323572
M36,86.6770416666667,109.37987836148157,0.6489526081488881,0.01589590194625078,0.020059427362708382
ALL_MODELS,134.10071354166666,159.23074026927577,0.7561333417098299,0.02621757543296567,0.031130661679586
