Model,MAE,RMSE,R2,MAE / Mean,RMSE / Mean
M18,214.50070833333334,244.47476335845312,-0.22313460853435974,0.04411514632160761,0.050279740525325634
M24,170.9102291666667,207.01307539119873,0.5618448103766149,0.029508830681131488,0.03574223626218504
M36,170.8867145833333,203.3861716009765,0.5510202575103369,0.030329984396030223,0.036098180166122644
ALL_MODELS,181.79609166666668,215.26390367354756,0.7837994857117525,0.03317049699416319,0.03927703067922707
