Model,MAE,RMSE,R2,MAE / Mean,RMSE / Mean
M18,76.18682916666664,90.74326397406173,0.8249859111752761,0.018333974050455212,0.02183690626255847
M24,264.11090416666656,296.346789142742,-0.9560208212188135,0.05396029335399124,0.060546381934176746
M36,140.95612708333326,199.5825918388241,0.47647349886747714,0.03140063164245601,0.04446078065746302
ALL_MODELS,155.55249687499995,209.59614817672843,0.6611029882655246,0.0345136135770597,0.04650468883970946
