Model,MAE,RMSE,R2,MAE / Mean,RMSE / Mean
M18,32.86526250000005,42.28274518893123,0.26540038374580655,0.013444345395353614,0.017296798727340666
M24,33.836541666666676,45.3995742811079,0.9103367502425087,0.011156589594581602,0.014969154442932169
M36,105.2994041666667,121.02519847845913,0.5353451940299359,0.03667132025916173,0.04214794801504791
ALL_MODELS,69.32515312500003,91.0263000719006,0.8812717234934668,0.02471420714702159,0.032450600314543436
