Model,MAE,RMSE,R2,MAE / Mean,RMSE / Mean
M12,61.90864166666663,72.80113917270911,-0.27504930667609906,0.027899866679185037,0.03280870040644106
M18,90.65538333333332,108.9050929013882,0.7829451595340648,0.031270810756428125,0.03756589432762719
M24,145.10405833333337,156.96422715736594,-2.031268796546282,0.04988179331089308,0.05395891215035139
M36,235.81795000000002,245.89493430003634,-0.8449903584907588,0.08341386588061901,0.08697831132204675
ALL_MODELS,133.37150833333334,159.89247359259323,0.7620703704225178,0.04915091075904905,0.05892458440937497
