Model,MAE,RMSE,R2,MAE / Mean,RMSE / Mean
M24,49.5503875,58.62664264554058,0.6502140862327817,0.027139124580661356,0.03211025864335046
M36,100.29665416666667,118.04660577764757,0.568728599913943,0.04892818058011668,0.0575872215513861
M48,52.441116666666666,61.929594505292854,0.3209891901547043,0.025550911527061595,0.030173987334585827
ALL_MODELS,75.64620312500001,93.73147840336857,0.7023021720519675,0.0379276000020891,0.046995220825730176
