Model,MAE,RMSE,R2,MAE / Mean,RMSE / Mean
M24,85.77134166666667,109.39848519514184,0.40958131942092646,0.01917713662871942,0.024459798072361278
M36,143.65110833333333,167.54135220812034,0.6533980797049939,0.02991510928700964,0.03489021365410717
M48,139.2579333333334,159.22764840874845,-0.044824323654167886,0.028621750263335945,0.03272613544296069
ALL_MODELS,128.08287291666667,152.8575169726881,0.6898639942985793,0.027047440536551354,0.032279136989483356
