Model,MAE,RMSE,R2,MAE / Mean,RMSE / Mean
M12,35.92311249999998,44.61242499718641,0.9018519255623644,0.013118604686548989,0.016291816797511773
M18,88.98320833333328,99.7039205749369,-0.2047110324611836,0.030594630603269182,0.03428067695942131
M24,83.59947499999998,103.08762913106177,0.6967175468806963,0.03202022661985317,0.0394845690894587
M36,103.24160416666665,122.86769906789475,-0.36061982775810586,0.03662294367175606,0.043584917711832837
ALL_MODELS,77.93684999999998,97.02405757883581,0.6928033585148294,0.02814451399337947,0.03503727628486397
