Model,MAE,RMSE,R2,MAE / Mean,RMSE / Mean
M24,155.8883791666665,174.83420763177665,0.4094826237186826,0.023750800512937688,0.026637344043844997
M36,358.2147958333333,421.1607755059585,-0.7130046931893177,0.04868619912449103,0.05724140269529345
M48,270.94284166666665,346.53096552019815,0.02097484887816148,0.03758179811126651,0.048066436099110856
ALL_MODELS,285.8152031249999,355.4586853180524,0.37767046641383994,0.04013107708463747,0.04990966101500188
