Model,MAE,RMSE,R2,MAE / Mean,RMSE / Mean
M18,84.39915833333335,99.7095794921974,-1.391797450692025,0.03803548586987138,0.044935309507327714
M24,92.3496291666667,110.7436493447612,0.7755545750894016,0.03185522658349743,0.03820008888388791
M36,215.07505416666666,223.76992059520177,-1.2630938300808614,0.07499075727309047,0.07802241810605226
ALL_MODELS,151.72472395833336,174.89433298357045,0.7153285189192115,0.055914553718468936,0.06445316439890963
