Model,MAE,RMSE,R2,MAE / Mean,RMSE / Mean
M18,136.03709166666667,148.41497074084484,-3.8140335981284093,0.0662451090595516,0.07227268535619917
M24,104.80136249999998,132.45599943649054,-0.47799960849931566,0.04972879455900669,0.06285106440372037
M36,158.65899166666668,179.73460960458942,-0.8715792840710734,0.08245148703513236,0.09340400867233577
ALL_MODELS,139.53910937499998,161.38514112686593,-0.3560196063178742,0.06968643909087598,0.08059644251480853
