Model,MAE,RMSE,R2,MAE / Mean,RMSE / Mean
M36,233.66386041666667,263.6417115986948,0.6709164080542955,0.06480761625756945,0.07312209446642486
M48,416.46094583333326,463.14626184916284,-4.64447073986501,0.11074002792027209,0.1231539967468441
ALL_MODELS,325.062403125,376.83644460133013,-0.08707899365290128,0.0882577272907251,0.10231490274204756
