Model,MAE,RMSE,R2,MAE / Mean,RMSE / Mean
M18,136.6812083333333,159.35821889331595,0.6559342674012327,0.02987649025018898,0.03483334930316478
M24,101.72809999999993,125.23340379352665,0.8424196028511078,0.018435544010933818,0.022695262442477625
M36,143.1564416666666,174.54704668231162,0.7345070909343503,0.027149169899882253,0.03310229962920466
ALL_MODELS,131.1805479166666,159.69642322669335,0.8865185539866878,0.025424023887009106,0.030950668702531964
