Model,MAE,RMSE,R2,MAE / Mean,RMSE / Mean
M24,63.26837500000002,76.42363479342741,0.0013828411238090421,0.03217445014196721,0.03886441571051951
M36,125.29014166666667,144.36754200233457,0.4496062849281467,0.06087340121869749,0.0701423367422319
M48,75.12415833333336,104.21382854210938,0.041841787457646995,0.032677477118260086,0.04533089053032397
ALL_MODELS,97.24320416666667,120.81501187976912,0.6202780082546762,0.04640688198127887,0.05765593643193746
