Model,MAE,RMSE,R2,MAE / Mean,RMSE / Mean
M24,302.71692499999995,324.73317062573454,-2.5811700984821893,0.05295648580092133,0.05680794867789397
M36,444.90024375,480.12946533681253,-0.6080636968582924,0.07316285022234709,0.07895621693458063
M48,210.86394999999993,248.6801952323924,0.04625466267886624,0.035360328118558666,0.04170183333853239
ALL_MODELS,350.8453406249999,396.34015648641076,-0.3379139598647076,0.0588628613921429,0.06649572616196071
