Model,MAE,RMSE,R2,MAE / Mean,RMSE / Mean
M12,169.3285041666667,214.01630261814856,0.5489249227375298,0.03291020780020084,0.04159560155838461
M18,429.8651958333333,456.1214759284677,-3.3334658884357635,0.08130927468612816,0.08627566673457614
M24,480.925575,505.1131839552613,-1.627442605187146,0.09337303056288122,0.09806912174127747
M36,464.43114999999995,515.8322273975392,-5.979197835773742,0.08783290991615708,0.09755384745587957
ALL_MODELS,386.13760625000003,440.190865993615,-1.5477645744456656,0.07400742725376086,0.08436731612123949
