Model,MAE,RMSE,R2,MAE / Mean,RMSE / Mean
M12,37.856804166666684,53.24398883615486,0.871931819960652,0.019343892780344492,0.02720636445459168
M18,66.7783375,83.32420995039747,0.8190802312325248,0.025746278655078798,0.032125512679875005
M24,76.04363749999997,86.24259626774005,0.6341266777742847,0.02969584594357121,0.03367864737586256
M36,104.43614166666667,134.1716376825501,-0.5835783853151384,0.04201182346926803,0.05397360594661844
ALL_MODELS,71.27873020833333,93.831844381932,0.9019435242629599,0.02970759409039798,0.03910729522684359
