Model,MAE,RMSE,R2,MAE / Mean,RMSE / Mean
M18,215.29848750000008,242.87130259387817,0.6943203260307194,0.03225888511530923,0.0363902112790338
M24,151.07217499999993,178.62144688599125,0.8652593131387133,0.020305058718771515,0.024007855632263066
M36,613.9251520833335,631.0395666420021,-2.4295403728314926,0.08023067852631123,0.08246727216962914
ALL_MODELS,398.55524166666675,470.9867196234793,0.3222969358150968,0.05419164038145311,0.06404016373625464
