Model,MAE,RMSE,R2,MAE / Mean,RMSE / Mean
M18,281.63773333333324,317.7316912211123,-0.25511451428531595,0.05537872451989249,0.0624759175239783
M24,475.52385000000004,489.8148845208524,-8.22802377399735,0.09171144648023144,0.09446767300305736
M36,719.8047458333334,746.1462571115329,-8.93012175109073,0.1449386813546382,0.15024276406825032
ALL_MODELS,549.19276875,602.9802075332789,-4.7693922486039595,0.10873377330745737,0.11938305987538031
