Model,MAE,RMSE,R2,MAE / Mean,RMSE / Mean
M12,87.32374999999998,99.29708836204199,0.6989093322086015,0.017473049698606833,0.019868855378713288
M18,52.58226666666675,64.4981838052373,0.9295633186421975,0.009182870906008295,0.011263844887290674
M24,67.47445833333325,85.05875073798491,0.8792756314462596,0.012979705521669068,0.01636230306831062
M36,148.4585583333333,172.399390689947,0.3575451444207901,0.026431790801186933,0.030694253535302137
ALL_MODELS,88.95975833333331,112.88984504675895,0.9078004077530349,0.016520780836201204,0.020964854486923565
