Model,MAE,RMSE,R2,MAE / Mean,RMSE / Mean
M18,141.92098333333334,160.01474653366327,-1.44767651773945,0.05881312981317125,0.06631132225036983
M24,212.56300000000002,248.76768223624663,-0.8470259053166915,0.07960912580755906,0.09316850868683747
M36,63.98042083333333,78.4196293843709,0.6791213759528812,0.02414393465306058,0.029592778270490123
ALL_MODELS,120.61120625000001,157.94726602492275,0.21466438772470786,0.04646450476335706,0.06084792386009528
