Model,MAE,RMSE,R2,MAE / Mean,RMSE / Mean
M24,178.1529416666666,183.9325325894615,-1.4754116917038727,0.08569852080493863,0.08847872969909154
M36,88.5446,114.11139209620097,0.566198369233573,0.03668310130242273,0.047275155752303594
M48,111.51156249999998,121.91613952189121,0.43883312897811744,0.05045201334690645,0.055159434236801815
ALL_MODELS,116.68842604166666,136.69083842101526,0.5877850206613064,0.05119808088702416,0.059974316557285294
