Model,MAE,RMSE,R2,MAE / Mean,RMSE / Mean
M18,195.28242083333325,227.88108432510637,-0.23626920869151058,0.03100746344690703,0.03618356615152202
M24,104.24392083333323,130.3407283891259,0.8525568269451971,0.014611585408587568,0.01826950358208558
M36,198.34602500000005,230.84842559183275,0.2680997795382887,0.027359802056451853,0.031843175224893445
ALL_MODELS,174.05459791666667,209.46389024522222,0.8127357070997927,0.024926070780724157,0.029996976906970268
