Model,MAE,RMSE,R2,MAE / Mean,RMSE / Mean
M12,166.4594041666666,181.37544919917832,0.2000870104196606,0.02750921466689618,0.029974252234672264
M18,96.4005958333333,121.01713606402502,0.7181724007301828,0.01396056298084175,0.017525486592467044
M24,202.5409708333333,229.36856077279398,0.5593515418512738,0.03341593947851432,0.037842051973596136
M36,299.6576958333333,328.494364352293,-0.40438008197128816,0.04841257404814475,0.053071414349554584
ALL_MODELS,191.2646666666666,228.06834769183908,0.7355472918990754,0.030350889546771655,0.036191092429912426
