Model,MAE,RMSE,R2,MAE / Mean,RMSE / Mean
M18,199.61125416666664,204.4995716623621,0.7794002431889607,0.02801856394240329,0.02870471581743511
M24,252.82404583333337,307.1415520518411,0.6355355507366147,0.03262105447077546,0.039629463513634826
M36,296.12242291666684,344.90944952582464,0.28540535160539715,0.036902577023830874,0.0429823834413097
ALL_MODELS,261.1700364583334,305.81083391179834,0.7170533177010281,0.03378277211340367,0.03955713240289888
