Model,MAE,RMSE,R2,MAE / Mean,RMSE / Mean
M24,149.18043749999998,165.89310541600148,-0.02617367457699782,0.040821490873020394,0.045394717981278976
M36,243.98932291666665,281.3039652345732,0.4188330284421554,0.06696870711344921,0.07721060344956263
M48,171.49005833333334,188.0839757916904,0.049374993796271416,0.04633196820965418,0.05081519518867716
ALL_MODELS,202.1622854166667,235.13822854204378,0.34692790554574005,0.055226323562471015,0.06423463142299136
