Model,MAE,RMSE,R2,MAE / Mean,RMSE / Mean
M24,106.9507875,114.81539188340379,0.06828700674338117,0.04038927020392749,0.04335928696503164
M36,130.38128958333334,159.31403589903354,0.7071431549464812,0.04396511271751424,0.05372135502085474
M48,54.912295833333324,70.08303833824854,0.5854914267854249,0.019518877649254283,0.024911401533167926
ALL_MODELS,105.65641562500001,131.20225850279513,0.7432447892955749,0.037097103702024015,0.04606652384359601
