Model,MAE,RMSE,R2,MAE / Mean,RMSE / Mean
M36,83.52013333333336,105.35371740615841,0.8295299277467371,0.020190913257417422,0.025469161561374565
M48,167.35655833333337,188.02933967166206,-0.008966972589700584,0.0361987355632962,0.04067019788587526
ALL_MODELS,125.43834583333336,152.40478724216302,0.7875049233338733,0.02863957285894357,0.034796441066538994
