Model,MAE,RMSE,R2,MAE / Mean,RMSE / Mean
M36,159.89349583333328,182.14781635762316,0.8142150642908131,0.029820444496250525,0.03397091807578938
M48,134.0027583333334,163.90520219875577,0.7225292310484349,0.024780621274989128,0.03031036667606815
ALL_MODELS,146.94812708333333,173.26676298653678,0.7828050264797174,0.027289842590819312,0.03217749543307843
