Model,MAE,RMSE,R2,MAE / Mean,RMSE / Mean
M12,105.52231249999996,117.37993117817061,0.4724405951789068,0.041325253332898174,0.04596900197895166
M18,110.68779583333337,137.63967141014587,0.5419878568670047,0.03839604405451893,0.047745271710632066
M24,135.29764166666664,167.02621661268478,0.5289711278242597,0.05117399334940821,0.06317477816185893
M36,66.570925,82.2187117795882,-0.9077256564067717,0.024208709486794856,0.029899072423142218
ALL_MODELS,104.51966875,129.78867534566285,0.6463897640543315,0.038603755771006464,0.04793672219599736
