Model,MAE,RMSE,R2,MAE / Mean,RMSE / Mean
M36,257.40886875,331.9906388593449,0.5706473885985808,0.05855580267859682,0.07552178926309469
M48,275.7190812500001,322.80349796148727,-0.38067952108264014,0.060355514967438316,0.07066239762742565
ALL_MODELS,266.563975,327.42929205128235,0.38211217630233396,0.05947295401620333,0.07305258420506343
