Model,MAE,RMSE,R2,MAE / Mean,RMSE / Mean
M24,142.44907916666673,199.625311761321,0.09200228725864001,0.03727447857041618,0.05223571432605789
M36,294.56981666666667,385.8493273652505,-0.3279936133852388,0.07136148826317144,0.093474554038529
M48,105.90367500000002,125.29195848211893,0.3070862689190733,0.025110285415081854,0.029707343373122714
ALL_MODELS,209.37309687500002,297.19848031766674,0.07233808783889562,0.05139606087803681,0.0729550807398441
