Model,MAE,RMSE,R2,MAE / Mean,RMSE / Mean
M36,542.0672125,614.9879299345749,-0.3212696251049558,0.1001976524863389,0.11367658007331974
M48,419.1564624999999,486.5780792790792,-1.2242890897184338,0.08464529811689074,0.0982605548583705
ALL_MODELS,480.6118374999999,554.5125702813831,-0.23586806712594677,0.09276523239191668,0.10702917288505517
