Model,MAE,RMSE,R2,MAE / Mean,RMSE / Mean
M12,45.086524999999995,55.5719818272137,0.578314610210175,0.020006593203416776,0.024659386234018574
M18,168.11075,177.13981029426776,-0.6674960593547534,0.060677023490841274,0.06393592575363831
M24,205.16558333333333,220.9279871021211,-1.8801593517414559,0.0807460356504485,0.08694956938146155
M36,67.94427083333335,85.33688918795366,0.5659886222704199,0.027013376956845858,0.03392835816302307
ALL_MODELS,121.57678229166667,150.46454540569135,0.5334349870812422,0.04824355836082108,0.05970667211852537
