Model,MAE,RMSE,R2,MAE / Mean,RMSE / Mean
M24,253.05645416666664,295.8437654942505,-0.42994627721337886,0.06615206461240183,0.07733719321484835
M36,472.54873749999996,538.7636532820146,-1.2582549573211619,0.12421804590336306,0.1416238430103707
M48,243.4462125000001,276.74429823428386,-0.2705717062539632,0.0601015193284918,0.06832208486043999
ALL_MODELS,360.4000354166667,431.46363936679796,-0.7653261181815214,0.09310056239640067,0.11145811190669226
