Model,MAE,RMSE,R2,MAE / Mean,RMSE / Mean
M12,97.41845000000005,114.11244710247072,0.7109359020467434,0.028836601339434394,0.03377815131488175
M18,96.15153333333329,111.54055656825751,0.6430937519670354,0.02437404199585955,0.028275099894779884
M24,157.80350833333335,165.66211307986458,0.19904456278795601,0.042537027011849284,0.04465536826996968
M36,193.98907916666667,241.33588066090155,-0.4170981559063045,0.0537645118078411,0.06688678487050796
ALL_MODELS,136.34064270833335,166.69574780699236,0.6536632492403188,0.03724889138694026,0.045542045874101815
