Model,MAE,RMSE,R2,MAE / Mean,RMSE / Mean
M24,42.23760000000001,55.12617792556305,0.9205187212067542,0.009915511473678034,0.012941176812151664
M36,136.8022354166667,164.8236013252672,0.7687050378113669,0.02805180724950339,0.03379769256301269
M48,107.48616666666665,131.5249886811406,0.7525185513192677,0.02136335630051676,0.026141179676919427
ALL_MODELS,105.83205937500001,136.6303015878215,0.8924325204480126,0.022228226468097956,0.028696874123343777
