Model,MAE,RMSE,R2,MAE / Mean,RMSE / Mean
M12,69.41747500000002,102.55850116599309,0.7908619040799332,0.017002973954931423,0.02512046893353848
M18,103.90653749999997,129.31624760160167,0.7401206874876066,0.021381962462166348,0.02661079099056358
M24,97.06725000000002,119.32605451194426,0.8355984129643659,0.021215339501675656,0.026080297503703397
M36,428.1840916666667,456.46185811879644,-2.4415993143849186,0.08641382262174048,0.09212069016280652
ALL_MODELS,174.64383854166667,249.9185233520244,0.6540290031635867,0.03781687388066098,0.05411663736301624
