Model,MAE,RMSE,R2,MAE / Mean,RMSE / Mean
M24,51.23341666666668,69.15998964994743,0.923958265655679,0.01261609020859198,0.017030460293636952
M36,129.4255333333333,159.61390170201602,0.5576884659246064,0.029702922276621784,0.036631097391833546
M48,143.68470416666665,169.0453628852783,-0.19821740398041054,0.03028793553203636,0.03563382116944078
ALL_MODELS,113.442296875,145.18318955243916,0.8071656844108992,0.025900683758651035,0.033147635258244726
