Model,MAE,RMSE,R2,MAE / Mean,RMSE / Mean
M12,407.01816666666656,422.1316048883135,0.10009293187416157,0.04509188769999168,0.04676624406750337
M18,570.6579583333333,593.1372824501016,0.49420382648991,0.04922258681291825,0.05116156000460907
M24,181.5998125000001,210.4391847169718,0.821365152661316,0.0163559229487526,0.018953362579210285
M36,417.0250416666667,452.6638470117294,0.03705349125712476,0.03687604453745597,0.0400274576226604
ALL_MODELS,394.07524479166665,441.36043562310755,0.857629448445356,0.036631185851504704,0.04102657134263365
