Model,MAE,RMSE,R2,MAE / Mean,RMSE / Mean
M24,585.0778708333333,607.8645735585466,-13.979517407273663,0.11409845695062892,0.11854218615241263
M36,377.2222520833332,423.3209142168221,-0.23369097463092303,0.06134775807391544,0.06884479611045123
M48,99.2728583333333,120.26850277018708,0.6945160401148376,0.016182713885945603,0.019605265754370705
ALL_MODELS,359.69880833333326,430.80304240244993,0.34724614203486415,0.06106897517702901,0.07314091593621153
