Model,MAE,RMSE,R2,MAE / Mean,RMSE / Mean
M36,339.21283958333333,388.73494349336346,0.48668727652286004,0.07190394225503878,0.08240128812280938
M48,237.13385833333328,273.56787022548673,0.35161405900953335,0.05352329836407836,0.061746790794935474
ALL_MODELS,288.1733489583333,336.12068956886395,0.4990260776404406,0.06300205075300552,0.07348456344037088
