Model,MAE,RMSE,R2,MAE / Mean,RMSE / Mean
M18,106.55238750000005,117.56980640100765,0.2783580517144516,0.02033943879295947,0.022442518063646284
M24,203.3629875,221.58524256715992,0.642423058191407,0.032091788198782265,0.03496735939936508
M36,220.96803333333335,283.447202986244,0.5709820396948897,0.03932121643514657,0.05043937192374744
ALL_MODELS,187.96286041666667,236.43567458304997,0.8076243085305989,0.032954621096732015,0.04145312564600532
