Model,MAE,RMSE,R2,MAE / Mean,RMSE / Mean
M12,244.84055000000004,270.7008283491298,-2.1170039188709553,0.08026352870470285,0.08874103454916767
M18,645.5600291666666,679.1788725318725,-6.542492306396464,0.16371787076662966,0.17224380980361323
M24,208.57950416666668,231.7880288287942,-0.5380709170529936,0.06258715101959167,0.06955118827614694
M36,286.8726166666666,340.28789951902246,-2.4074119373025034,0.08248799271559674,0.09784714241076053
ALL_MODELS,346.46317500000004,419.54869330924413,-0.23322292103521347,0.10039531173123652,0.12157344529101687
