Model,MAE,RMSE,R2,MAE / Mean,RMSE / Mean
M18,141.68226666666666,159.86672166037766,0.4543592649971423,0.019197488793288392,0.02166142361849228
M24,248.74331249999992,271.56843675016256,-0.3077916901377922,0.02972050770165184,0.032447713809225565
M36,237.6495354166666,286.1105189006939,-0.2504287155113689,0.030389318482129526,0.036586243119374334
ALL_MODELS,216.43116249999994,256.4299332101326,0.6378933990934268,0.027579632048423057,0.03267664010323448
