Model,MAE,RMSE,R2,MAE / Mean,RMSE / Mean
M18,107.78408333333327,115.94678366513665,0.9441075333460323,0.014822812807994674,0.015945373535740444
M24,193.07956249999998,214.14513341138826,0.8681699106834766,0.021600588737082045,0.023957279045869837
M36,113.18430416666668,148.71952380742584,0.8840152124298819,0.01291763343604961,0.0169732394210712
ALL_MODELS,131.80806354166666,160.8856646263786,0.9629032166445555,0.0156290478607839,0.019076903832706923
