Model,MAE,RMSE,R2,MAE / Mean,RMSE / Mean
M24,162.57034166666662,181.34933821987278,0.28455396228067953,0.03400964235593559,0.03793819998846741
M36,323.66800625,387.49402276488274,-0.7709936443513614,0.06297757649214406,0.07539649884355541
M48,239.71185000000006,256.78088848269556,-0.838962934919329,0.04426675387030255,0.04741883385848922
ALL_MODELS,262.4045510416667,315.8825899443381,0.12236246137023632,0.051265595192305745,0.06171352181240236
