Model,MAE,RMSE,R2,MAE / Mean,RMSE / Mean
M24,177.5324291666667,195.22827285970374,-0.19813755360685836,0.04057652229396416,0.04462105545047797
M36,353.10252708333337,392.0875223893356,0.066454171836685,0.07422668520627136,0.08242183180646453
M48,116.67728749999999,145.95589275448793,0.6419396587532913,0.024452317082754825,0.030588299112878303
ALL_MODELS,250.10369270833334,302.8541115703888,0.31158955550505996,0.05360980317729673,0.06491687162595274
