Model,MAE,RMSE,R2,MAE / Mean,RMSE / Mean
M36,295.2813645833333,348.23751353110725,0.7427429227988693,0.031023739219892307,0.036587577484334693
M48,247.79778124999999,332.6670612691041,0.6614665528021475,0.023865385811541538,0.03203913983381922
ALL_MODELS,271.53957291666666,340.54128933489847,0.8022041646710827,0.02728895232771282,0.03422342795364805
