Model,MAE,RMSE,R2,MAE / Mean,RMSE / Mean
M36,381.5272208333334,407.6789205885584,0.39930491219833975,0.07559984560766182,0.08078182046008422
M48,344.27811875000003,356.207755865624,-0.5634047616036655,0.0649755032791784,0.06722698001647434
ALL_MODELS,362.9026697916667,382.809396195467,0.24767301834819233,0.07015831802840274,0.07400679465367527
