Model,MAE,RMSE,R2,MAE / Mean,RMSE / Mean
M36,158.08874166666666,175.7029052535937,0.14828121986807719,0.07280791763814129,0.08092013713069571
M48,245.7815166666666,263.73350662877556,-0.7962808696207553,0.11579698668053902,0.1242548494634056
ALL_MODELS,201.9351291666666,224.08354851847525,-0.3186592635689993,0.09405820556612193,0.10437459077831399
