Model,MAE,RMSE,R2,MAE / Mean,RMSE / Mean
M18,294.57790833333326,323.9189331878297,-5.300743145849317,0.059839098418932174,0.06579928899776477
M24,319.8739499999999,359.02290432176693,-2.038819811082544,0.053002042211221796,0.05948889282687052
M36,295.2155333333332,343.52731112978114,-0.30888113928742755,0.054816524245178994,0.06378720308786869
ALL_MODELS,301.2207312499999,342.7254542958887,0.4579092785734019,0.055450454461779174,0.06309088394236066
