Model,MAE,RMSE,R2,MAE / Mean,RMSE / Mean
M18,163.22148333333325,201.80280255094314,-0.5767871325761584,0.03539252633671237,0.04375840029293503
M24,199.54386249999996,213.2443130792267,0.539272638727454,0.0354253937138926,0.037857660232873284
M36,121.98893958333328,143.9952194367497,0.6372655986427185,0.021753795370955148,0.02567808646195336
ALL_MODELS,151.68580624999996,178.65242415044472,0.8717899713549017,0.02827327134450012,0.033299677730118875
