Model,MAE,RMSE,R2,MAE / Mean,RMSE / Mean
M36,183.5324333333333,229.87528256491692,0.8283270724779845,0.04288370580589887,0.05371205410684963
M48,146.77709375,187.7388819350203,0.3657189084077328,0.0330165403703131,0.042230624793829864
ALL_MODELS,165.15476354166665,209.8672596244015,0.7664188122237857,0.03785637917367053,0.04810527039067882
