Model,MAE,RMSE,R2,MAE / Mean,RMSE / Mean
M12,214.6542083333333,243.1115325050881,0.06846765643624209,0.052155391998056196,0.05906978193206967
M18,207.5784874999999,253.50624969864555,-0.036993653229203005,0.047888453441762534,0.05848400950454666
M24,208.44619166666675,243.31392167719946,0.1222696215173058,0.04922084850154471,0.05745424073921945
M36,182.47056666666666,222.52827096986837,-0.9339647388637504,0.04420224882411127,0.0539059541683675
ALL_MODELS,203.28736354166665,240.8781495570022,0.07185338727012514,0.04836348945154998,0.05730660107076051
