Model,MAE,RMSE,R2,MAE / Mean,RMSE / Mean
M36,296.89801458333335,322.56401416466974,0.5747302099914535,0.06033311756213829,0.06554874614174917
M48,129.97264791666666,151.28986425236334,0.7227801349328874,0.024361306962396034,0.02835688033157656
ALL_MODELS,213.43533125,251.92872628932548,0.6926635484222261,0.04162079354535981,0.04912716860711165
