Model,MAE,RMSE,R2,MAE / Mean,RMSE / Mean
M18,157.15634583333335,179.64448395442616,0.053738145702988294,0.041440996539032035,0.047370956599530056
M24,137.17115416666664,170.3518075208491,0.17875234451777555,0.03552353087165763,0.04411640136932018
M36,298.48461249999997,338.54900272802087,-0.850373757581667,0.08486306418366621,0.09625389231019145
ALL_MODELS,222.82418124999995,269.5008040048988,0.0035865130624386232,0.06068110587574498,0.07339242415109139
