Model,MAE,RMSE,R2,MAE / Mean,RMSE / Mean
M24,62.841675000000045,78.23821198562446,0.8699042928528299,0.014548788887281157,0.01811331777991595
M36,135.96912916666665,172.43280867759643,-1.0129196311759006,0.028721321445545598,0.03642369526186268
M48,96.3921166666667,139.0757774668035,0.6255986706112403,0.019724190027965355,0.028458313375650395
ALL_MODELS,107.79301250000002,145.71327728590188,0.7228947497345708,0.023088762107057514,0.031211106518559312
