Model,MAE,RMSE,R2,MAE / Mean,RMSE / Mean
M24,236.52249583333335,260.9038709385868,0.5551022272128479,0.0342331437703534,0.037761988315800764
M36,247.55062291666664,321.76483211023174,0.6308237978427476,0.029761952816412814,0.038684409832688685
M48,104.00543749999986,135.92947346450615,0.9161987610122231,0.012684041099022813,0.016577354698328432
ALL_MODELS,208.90729479166666,270.9302797736568,0.8750408686497418,0.026323796566832314,0.03413913131022554
