Model,MAE,RMSE,R2,MAE / Mean,RMSE / Mean
M18,43.192312500000035,51.50390814861773,0.6929947721375582,0.020028508221110207,0.02388263994371439
M24,125.19793333333332,148.68160000695278,0.01672450516137436,0.04705509897268855,0.05588133300186148
M36,64.70566458333332,80.1966146978825,0.5723833340618691,0.027908166126032214,0.03458955966446243
ALL_MODELS,74.45039375,96.98178276512812,0.8084322243581297,0.03149922786048603,0.041032036497925535
