Model,MAE,RMSE,R2,MAE / Mean,RMSE / Mean
M18,34.18025416666668,42.63081027106941,0.6842029016867461,0.014783846957900812,0.018438931778144207
M24,129.60262916666667,148.84443552530357,0.5445444625226682,0.04786432407478649,0.05497063095494784
M36,108.68298749999997,138.56892262348933,0.3274157354197287,0.05028855085456489,0.06411702946805371
ALL_MODELS,95.28721458333332,124.87468178666495,0.7996674387097634,0.04079912849560679,0.053467594895499015
