Model,MAE,RMSE,R2,MAE / Mean,RMSE / Mean
M18,66.19362916666664,83.19831601813668,0.8283699847517552,0.011201618214252971,0.014079236685412664
M24,174.23905,208.80915433427086,0.008665421881889235,0.02583551958482639,0.030961446336479057
M36,138.50576875,165.03117774173953,0.6463087180975098,0.021091646812115134,0.025130933861671135
ALL_MODELS,129.36105416666666,162.0137355100628,0.8370894023007873,0.020065958519418572,0.025130909123023123
