Model,MAE,RMSE,R2,MAE / Mean,RMSE / Mean
M36,272.0531541666667,312.27274318508347,0.6934596880472659,0.05035728873429535,0.05780197160584305
M48,220.88798333333338,296.92953062125275,-0.25498656217931104,0.03805133218489808,0.051150651269810984
ALL_MODELS,246.47056874999998,304.69772914422464,0.6044161526505365,0.04398331208012521,0.05437409983278539
