Model,MAE,RMSE,R2,MAE / Mean,RMSE / Mean
M24,134.870975,147.39136853961577,-0.5500506506789784,0.05432230855723564,0.059365177722502875
M36,210.7396666666667,250.42291774163095,-1.3166298923794488,0.06764413534840177,0.08038183798046199
M48,72.13904583333336,97.80415331881575,0.6394412037796986,0.024806388801329633,0.03363182622648907
ALL_MODELS,157.12233854166666,197.93505461820965,0.5664975668189419,0.05407891302555203,0.06812597561082932
