Model,MAE,RMSE,R2,MAE / Mean,RMSE / Mean
M12,72.28250833333338,88.42827279077665,0.7839788717289448,0.015798448186363355,0.019327352053863954
M18,107.05497083333337,124.52231837479812,0.5267749266480046,0.02110462535525949,0.024548106988509757
M24,123.82318750000006,133.98723696985573,0.6330019689738946,0.026514364611307906,0.02869080118197141
M36,135.9564833333334,162.98290768085684,0.45732277806421184,0.027103211230168633,0.032490985832216664
ALL_MODELS,109.77928750000005,130.23188460311627,0.8065980455542446,0.02271197706995389,0.026943366496916428
