Model,MAE,RMSE,R2,MAE / Mean,RMSE / Mean
M12,26.060862500000013,34.79883167632335,0.8267148585974854,0.013129449179226673,0.017531633574704237
M18,69.2327083333333,91.03617392454953,0.6724325068987193,0.03034747589129163,0.039904810311754614
M24,92.07897083333336,104.68030167915032,-0.5783763589574973,0.04761473972248558,0.05413098423467223
M36,180.3582041666667,201.17524322777538,-1.4662256827283526,0.08576064232361859,0.09565918089803677
ALL_MODELS,91.93268645833335,123.41797650286851,0.5204101044548926,0.04428823434951701,0.05945615729155879
