Model,MAE,RMSE,R2,MAE / Mean,RMSE / Mean
M12,202.17171666666658,229.1394757350967,-0.07449900100917684,0.04157951240413041,0.047125818738097784
M18,165.6393499999999,194.5030204598803,0.6132012114488565,0.0285987770136111,0.03358228893439849
M24,128.22900833333324,156.5695339167979,0.7101428184501115,0.023327089018252364,0.02848272401615388
M36,165.7530583333333,187.4659077105421,0.433338978631578,0.028719233879118653,0.03248131468605078
ALL_MODELS,165.44828333333325,193.64517152051093,0.8250444820568942,0.030187677494521437,0.0353324789381766
