Model,MAE,RMSE,R2,MAE / Mean,RMSE / Mean
M12,64.15026250000001,75.93386065875849,0.8650667346377173,0.016288855150816243,0.019280913422806037
M18,100.54664999999999,119.0135375593466,0.742642916504832,0.02154590308842043,0.025503128612079737
M24,243.24174999999994,269.1777878405243,-0.12947009970771672,0.05307140974008853,0.058730233076415075
M36,105.38246250000005,133.0872764799617,0.400308976393423,0.023193902517309375,0.029291527676822235
ALL_MODELS,128.33028125,165.90590551914195,0.7905187914533433,0.0289492647369831,0.037425726286269986
