Model,MAE,RMSE,R2,MAE / Mean,RMSE / Mean
M24,98.5769416666666,112.78492509759816,0.24327016586975858,0.043627767942760166,0.04991587744970045
M36,437.1655645833334,461.1938195436787,-9.353606142333652,0.17238389770636176,0.1818587616497156
M48,395.84347916666667,399.3655010619319,-27.055648039080936,0.15324703595567243,0.1546105532154657
ALL_MODELS,342.1878875,386.5270757457663,-3.6296387555316834,0.1380549495900382,0.15594349743681868
