Model,MAE,RMSE,R2,MAE / Mean,RMSE / Mean
M24,201.74912083333336,216.87174369997757,-0.014752487394352531,0.04104380652872317,0.04412035033016133
M36,177.24299374999995,214.45898582977495,0.464954612876579,0.035127475081959084,0.042503246652803944
M48,101.28131666666673,115.1680466152903,0.6108160871797659,0.01857421351448418,0.021120932846072478
ALL_MODELS,164.37910624999998,195.1168530540876,0.6338254432529499,0.03213720124146695,0.0381466338104083
