Model,MAE,RMSE,R2,MAE / Mean,RMSE / Mean
M24,63.27500000000009,82.42024751135696,0.6873412424638294,0.007622537332162139,0.009928904205157824
M36,319.5284791666666,353.8899781624992,0.7552882170152357,0.03545900475796345,0.03927220025015134
M48,131.7754374999998,162.40441792183864,0.6603466321832068,0.015015860467766266,0.018506044260814022
ALL_MODELS,208.52684895833326,266.291440647307,0.8056113386956735,0.023764279464992672,0.030347287393876966
