Model,MAE,RMSE,R2,MAE / Mean,RMSE / Mean
M36,335.37360416666655,397.17788068254646,0.9362312149066098,0.031285094333755696,0.037050463453467124
M48,978.2474895833333,1018.7172355710467,-1.5377137812562651,0.07914156813834135,0.08241562628184058
ALL_MODELS,656.8105468749999,773.1542779267909,0.7172915832551854,0.05691439932988587,0.06699589634620992
