Model,MAE,RMSE,R2,MAE / Mean,RMSE / Mean
M12,75.50350833333336,89.13264223268604,0.028262412152282534,0.0413746192661598,0.048843149384306346
M18,106.89962083333334,130.42616053804957,-0.26609656890647915,0.04823445948486558,0.058849931432848085
M24,114.38774583333331,129.57892029734717,-2.683484351411272,0.05174257685131084,0.05861420900420928
M36,46.17988333333333,62.29832921357792,0.6794388862048037,0.020751506300436255,0.027994530905388046
ALL_MODELS,85.74268958333333,106.80284367972918,0.7036600584591971,0.040457983907831285,0.05039529027959283
