Model,MAE,RMSE,R2,MAE / Mean,RMSE / Mean
M24,136.61561249999997,146.73333400712124,-0.2566193329924995,0.052080416481352046,0.05593748040172358
M36,133.82709166666666,163.47633517387155,0.7552425307122321,0.044599429289527946,0.054480383308772654
M48,84.45082083333334,100.02934925679938,0.4025156200216149,0.029290571845600244,0.03469376392275944
ALL_MODELS,122.18015416666667,145.76142008891117,0.7552980657079982,0.0424691321727544,0.05066584714732016
