Model,MAE,RMSE,R2,MAE / Mean,RMSE / Mean
M36,198.36667291666663,247.2668602372685,0.81614109039177,0.030059731465228754,0.037469879943517685
M48,187.7626416666666,234.29162673498476,0.6377187247572603,0.024588733378076787,0.030682005170814354
ALL_MODELS,193.06465729166663,240.8666296207533,0.8864409171777856,0.027124950021220853,0.03384097007653019
