Model,MAE,RMSE,R2,MAE / Mean,RMSE / Mean
M12,202.6325125,228.8231417381218,-0.4743342916833626,0.026364702533910156,0.029772389387909024
M18,126.82805,150.94306239080132,0.8514780131296024,0.014346658748338566,0.01707452418096788
M24,281.36190416666665,311.0368131518003,0.49962309618752765,0.035057033018378154,0.03875445704310667
M36,379.45220833333343,451.3472880415461,-1.7211360639771751,0.0455570435217609,0.054188768949460266
ALL_MODELS,247.56866875,306.43193038458975,0.680847823073,0.030116926948693775,0.03727768989806755
