Model,MAE,RMSE,R2,MAE / Mean,RMSE / Mean
M36,400.7560729166667,512.3999548178131,0.8756173384784431,0.03807304447131799,0.04867955243921296
M48,296.1974374999999,346.4205035199423,0.685123401490105,0.02590058204672769,0.03029226974351183
ALL_MODELS,348.4767552083333,437.3561929116285,0.8683544226538511,0.03173463960340438,0.03982859962085536
