Model,MAE,RMSE,R2,MAE / Mean,RMSE / Mean
M12,262.1432666666667,314.67128600412127,-3.7825421434844335,0.03295188971758988,0.03955475815018704
M18,169.882125,214.68420584687684,0.6879209727724833,0.017997179368337418,0.02274347674998364
M24,157.59143750000007,187.59303868552905,0.865038479074732,0.018628012982791407,0.022174336471264974
M36,254.9706666666667,305.9768890582261,0.1555815498122377,0.029298133226086,0.03515914899909235
ALL_MODELS,211.14687395833334,261.6869939816517,0.8373518843479081,0.02444024034995069,0.030290256774674108
