Model,MAE,RMSE,R2,MAE / Mean,RMSE / Mean
M24,424.4553250000001,438.1168533690023,-6.296815870218735,0.06903349574763665,0.07125540935083559
M36,181.92265624999996,232.02753449266578,0.5241209074323785,0.024309835805438627,0.031005216074385753
M48,137.57027500000004,178.3139462472603,0.7412544238596468,0.018615209314126243,0.024128405885796227
ALL_MODELS,231.467728125,287.8436182016709,0.7999053526484786,0.03248014567236435,0.040390955256630105
