Model,MAE,RMSE,R2,MAE / Mean,RMSE / Mean
M24,146.29545416666667,167.34623234340754,0.1174321175023244,0.0388309101968591,0.044418376202629735
M36,540.5905104166667,574.860317396046,-4.419187459091762,0.12027377122886383,0.12789832039366195
M48,306.99994166666664,334.68517572217274,-1.2870847948958515,0.0735821217780352,0.08021775256241345
ALL_MODELS,383.6191041666666,447.47840656312144,-0.43028604140553806,0.09064165868810252,0.1057303574234111
