Model,MAE,RMSE,R2,MAE / Mean,RMSE / Mean
M24,92.89778749999998,112.45609912898043,0.42272670264303835,0.017664534607339796,0.021383551840460244
M36,285.27922083333334,313.5511812992286,0.760510853752234,0.048954838317573246,0.053806398306715665
M48,84.91277499999997,107.63236314584162,0.80303715091402,0.014477470091784825,0.01835111758333238
ALL_MODELS,187.09225104166663,234.9786088221377,0.8089229098999672,0.032853521799175035,0.04126239758352503
