Model,MAE,RMSE,R2,MAE / Mean,RMSE / Mean
M12,76.24516666666666,100.763893489831,0.630463109906855,0.010495703945028849,0.01387088573156794
M18,236.77793333333338,254.67634595935849,0.7630689857961481,0.02719423446876526,0.029249888991628323
M24,151.13997083333325,196.04443161595506,0.7556390705144687,0.018258305523257266,0.023682941771403298
M36,167.34770833333337,223.8247950876795,0.3110596854015094,0.01976431017853277,0.026434438330926856
ALL_MODELS,157.87769479166667,202.2030918940815,0.9059657403504668,0.0193025901912014,0.024721943295255847
