Model,MAE,RMSE,R2,MAE / Mean,RMSE / Mean
M24,160.52266249999994,201.61155547224237,-0.24223013543538285,0.03915186890243901,0.04917355011518107
M36,665.37205625,720.1292155658819,-5.026452183916429,0.12949600497907812,0.1401529499301077
M48,345.1793375,377.1321844530172,-1.38707995445335,0.07269930673172272,0.07942899640090574
ALL_MODELS,459.11152812499995,552.2789327127431,-0.23939450176246813,0.09602646426353802,0.11551309419790044
