Model,MAE,RMSE,R2,MAE / Mean,RMSE / Mean
M18,80.13080833333338,116.53581801521015,0.9240025355551067,0.012255930918012943,0.017824042522161958
M24,296.08577916666655,345.8282222714858,0.6622753561342425,0.03572212129133445,0.04172344155372178
M36,212.12031041666663,264.01737656676005,0.6365393092391352,0.026047206553132918,0.032419880621249286
ALL_MODELS,200.1143020833333,261.0498546534355,0.9085835272747117,0.02572652389459221,0.033560346529478625
