Model,MAE,RMSE,R2,MAE / Mean,RMSE / Mean
M24,68.94931249999996,83.45231390032721,-1.0093641495473773,0.030069477758395097,0.03639438024436424
M36,74.55591874999999,94.02978263074303,0.8337981270873389,0.03041805439864003,0.03836319223353732
M48,100.39113333333329,119.55885683248228,0.3179010477103238,0.04146609069787452,0.049383229738913605
ALL_MODELS,79.61307083333331,98.66839537762118,0.7366224388780807,0.03311648749712938,0.041042892174392984
