Model,MAE,RMSE,R2,MAE / Mean,RMSE / Mean
M18,265.16917916666665,269.5081398454654,-0.5715093900419985,0.05590502472833964,0.05681979809983722
M24,170.38729999999998,195.16028010864127,0.36911130193171693,0.03237712150243068,0.037084501612067826
M36,374.54617499999995,416.58723530667163,-1.9881891420175108,0.07132090211246651,0.07932634055229688
ALL_MODELS,296.1622072916666,338.30903831259025,-0.09144458185086601,0.05776262337113531,0.0659828198263533
