Model,MAE,RMSE,R2,MAE / Mean,RMSE / Mean
M18,35.07545833333331,44.57079698834015,0.45815634284143847,0.016868945754764234,0.021435567555460867
M24,107.0153375,139.26025964430025,0.4939556198514946,0.03957179988906693,0.051495227281264724
M36,96.97134583333342,111.67773353858608,0.5382503053960612,0.036427433517506956,0.04195191042160726
ALL_MODELS,84.00837187500002,107.61483192037777,0.8728668705843484,0.03324526949316735,0.04258723278173121
