Model,MAE,RMSE,R2,MAE / Mean,RMSE / Mean
M18,186.95288333333338,191.70432916715131,-1.1583639887680945,0.056825304271837296,0.05826953102257667
M24,143.2484,162.86363802230892,0.512252463558792,0.036580286006128705,0.04158928447964988
M36,160.09371041666668,183.39623917501066,0.09413927540342504,0.04789192047614597,0.05486285550715473
ALL_MODELS,162.59717604166667,180.65400320665788,0.6810712533492451,0.04681890383265647,0.05201826138080959
