Model,MAE,RMSE,R2,MAE / Mean,RMSE / Mean
M24,35.88616666666667,44.35876660076153,0.9634961452452236,0.007180644139299501,0.008875969405619974
M36,222.41336874999993,267.04645141682084,0.05815881470450046,0.04440108675309118,0.0533113307131787
M48,117.77477083333326,139.59182572340592,0.47865925673936716,0.022122867228100918,0.026220992872720415
ALL_MODELS,149.62191874999996,202.53468370366065,0.4853266583076281,0.029424655025483856,0.039830482381617655
