Model,MAE,RMSE,R2,MAE / Mean,RMSE / Mean
M24,68.13776250000005,109.15534464533988,0.7630919436885816,0.01668952379980406,0.02673628624559272
M36,173.91203541666673,210.71313224483907,0.5359151138377859,0.0368657847436594,0.04466686251695737
M48,178.98442916666673,189.21016105402154,0.408655952317707,0.0361216799387829,0.03818538244125526
ALL_MODELS,148.73656562500005,184.73996759742718,0.8109552910062323,0.03220698760776106,0.04000306059284483
