Model,MAE,RMSE,R2,MAE / Mean,RMSE / Mean
M36,585.3425354166667,659.5270507008755,-0.37602684067102476,0.07397460243488885,0.08334991636294278
M48,543.7589645833332,603.9340233925167,-1.6279393822159576,0.06432337191850533,0.0714417146771705
ALL_MODELS,564.55075,632.3417727848083,-0.3303739987869636,0.06898954022564191,0.07727377595351924
