Model,MAE,RMSE,R2,MAE / Mean,RMSE / Mean
M36,76.73726250000003,99.72902561753693,0.9264570229127536,0.035016528187090036,0.04550806378592806
M48,60.848054166666635,85.52999948909736,0.662665714059743,0.026239626624980895,0.03688327067421927
ALL_MODELS,68.79265833333334,92.90118234777297,0.8954181995794334,0.030504044822377934,0.04119424803526209
