Model,MAE,RMSE,R2,MAE / Mean,RMSE / Mean
M12,63.825450000000025,74.37211130265837,0.8256843169261919,0.016941061712010624,0.019740440956246413
M18,314.00887916666665,345.6736927353026,-0.556429099788585,0.06929914849791723,0.07628730954443042
M24,464.5273458333333,476.9437736637049,-4.350071316460059,0.10419791859432682,0.10698304189848981
M36,443.12566666666675,480.69185569390766,-3.717836017460093,0.10620890216012706,0.11521281232614407
ALL_MODELS,321.37183541666667,381.95599751669806,-0.04209041640915401,0.07593385183744895,0.09024869925597041
