Model,MAE,RMSE,R2,MAE / Mean,RMSE / Mean
M24,152.5331666666667,178.77950301497094,-0.3077103930167995,0.031122072313329426,0.03647723798413036
M36,387.60158125000004,428.8297234616559,-1.644197154920112,0.06588525477808509,0.07289329289000925
M48,242.7223000000001,269.8001132721379,-0.11550800542956208,0.041835749014313126,0.046502895790318424
ALL_MODELS,292.61465729166673,343.70920676799557,0.4846306751993986,0.05209244473373353,0.06118850307690003
