Model,MAE,RMSE,R2,MAE / Mean,RMSE / Mean
M36,313.12183124999996,364.90025945370814,-0.2524740098632743,0.040709230498374854,0.04744098714457744
M48,548.0348916666667,583.6258656140861,-3.0454987444370545,0.06822630373607563,0.07265711760527054
ALL_MODELS,430.5783614583333,486.7090251696463,-0.9055460170641183,0.05476608308546368,0.06190544926736937
