Model,MAE,RMSE,R2,MAE / Mean,RMSE / Mean
M12,61.64265833333335,80.8234570619972,0.8291464818169423,0.014470956824539786,0.018973755986148765
M18,228.02535833333332,259.7261580326944,0.2083622088649072,0.044973937411656416,0.0512263550901077
M24,109.47110416666662,132.80156840574676,0.7645167854026667,0.02337440503198369,0.028355954499852513
M36,202.42459166666666,242.75512056617882,0.1569314232623754,0.04023279283158871,0.04824866580750871
ALL_MODELS,150.390928125,194.00799823074493,0.7831166523746327,0.031587059997243316,0.04074808471802305
