Model,MAE,RMSE,R2,MAE / Mean,RMSE / Mean
M24,265.81769583333335,269.6575463715885,-4.870483500216654,0.09994712047626508,0.1013908994660524
M36,233.47951666666663,298.6376715530167,0.5129416713899388,0.08076488927003984,0.10330430188990279
M48,271.12771250000003,273.3703228063194,-2.665674372757653,0.10080190076371354,0.10163567529551942
ALL_MODELS,250.97611041666664,285.40122785632497,0.2697830424281029,0.09018995972209744,0.10256085809229179
