Model,MAE,RMSE,R2,MAE / Mean,RMSE / Mean
M18,51.383158333333334,65.30973686204199,-0.5156309355220301,0.02133150784452786,0.027113069912110287
M24,71.27740416666673,82.37501662621742,0.6865318269953384,0.025010346793765924,0.028904359762408523
M36,64.68468750000004,79.5842431018148,0.7641883862283617,0.025349354604312452,0.03118835813041084
ALL_MODELS,63.00748437500004,77.00374762525568,0.8693209088087679,0.024322127370401958,0.02972496007923273
