Model,MAE,RMSE,R2,MAE / Mean,RMSE / Mean
M36,255.05481875,288.63997922080307,0.19289504549369174,0.06101364189101637,0.06904780867861367
M48,172.99763958333335,225.62652126650167,0.7084867018147186,0.03904147131559894,0.05091856385601888
ALL_MODELS,214.02622916666667,259.0563304605861,0.5660714764731037,0.049707553925505875,0.06016578699840393
