Model,MAE,RMSE,R2,MAE / Mean,RMSE / Mean
M18,358.07682500000004,362.63630192673645,0.23492907383237538,0.046517580002598195,0.04710989935392584
M24,278.4022499999999,319.51778708733485,0.781875813775071,0.028657070925848873,0.032889259647262324
M36,151.8759895833334,191.27269877973805,0.7965404601296815,0.015768538186002653,0.01985890503773918
ALL_MODELS,235.05776354166665,276.93284128884727,0.9211480580003263,0.025636285174484987,0.030203338900579673
