Model,MAE,RMSE,R2,MAE / Mean,RMSE / Mean
M36,107.92790625000002,130.12500289921147,0.7121531858740777,0.03762466046916988,0.045362772453788586
M48,83.43003124999997,94.95436266640036,0.309134494332274,0.030660124488952167,0.034895259374854284
ALL_MODELS,95.67896875000001,113.90532772636686,0.6863860224143994,0.03423423057427396,0.04075567811784848
