Model,MAE,RMSE,R2,MAE / Mean,RMSE / Mean
M12,137.8521083333333,150.28203657652054,0.45276974339564924,0.027176810856100797,0.029627305178633562
M18,213.69731666666658,227.79386790650398,-1.3984221420385143,0.0412377229235346,0.04395797081093588
M24,169.78714583333337,202.40110193921768,-0.1217838437757297,0.033469884515556735,0.03989902459622519
M36,251.01381249999997,288.4719471598936,-6.727356608006727,0.045286872491091965,0.05204491401558677
ALL_MODELS,193.08759583333332,222.8547773426803,0.2336157792744049,0.03700753710454758,0.04271277192012752
