Model,MAE,RMSE,R2,MAE / Mean,RMSE / Mean
M24,64.96335,73.0904393777611,-0.5001912593231115,0.030879786096256686,0.03474293018550736
M36,76.75658958333331,96.65793840684505,0.8137400112616757,0.03360376048887267,0.04231649984976799
M48,75.96019583333334,97.33222787171822,0.08256718286191511,0.03339582516624229,0.042792017969210595
ALL_MODELS,73.60918124999999,91.51678674569648,0.7569209787365115,0.03291036843502438,0.04091678671932555
