Model,MAE,RMSE,R2,MAE / Mean,RMSE / Mean
M18,109.41636666666659,132.66030020469884,0.4667730595180677,0.0395790800024115,0.04798708634642751
M24,217.41289166666672,251.21328414277286,-0.9915164633762814,0.07250318752779016,0.08377499471190736
M36,162.06355208333335,190.2984766296954,-0.6326155432873721,0.05408578649498012,0.06350868313697874
ALL_MODELS,162.73909062500002,195.66162743072783,-0.023218715849790517,0.05537226628955427,0.06657421824795094
