Model,MAE,RMSE,R2,MAE / Mean,RMSE / Mean
M18,62.78473333333335,76.28348545148334,0.29033007814508216,0.027763452113350785,0.03373260955219074
M24,88.35267083333336,104.72669830775207,0.6995821106711184,0.03463452404285902,0.04105319416219211
M36,310.90125625,313.9865115101268,-5.236882603055331,0.11943194426659838,0.12061713740065054
ALL_MODELS,193.23497916666665,231.28008469800608,-0.36243193815538466,0.07714933666042835,0.09233889844461877
