Model,MAE,RMSE,R2,MAE / Mean,RMSE / Mean
M36,104.81033749999996,129.42201548537184,0.8224961258453507,0.04076141561945503,0.05033305577807903
M48,99.82108958333326,112.86846631881671,0.5589746991858136,0.0362354405203055,0.04097168859792182
ALL_MODELS,102.31571354166663,121.42765084909138,0.7894856827073641,0.038420470325010836,0.04559717461368641
