Model,MAE,RMSE,R2,MAE / Mean,RMSE / Mean
M36,230.39817083333347,287.0106886838517,0.940394629338791,0.031567339167765635,0.039323939602850085
M48,270.53706874999995,293.8260710525237,0.5138841186439214,0.032924986498649854,0.035759311901525426
ALL_MODELS,250.46761979166672,290.4383716461562,0.9148409538527368,0.032286333198610524,0.03743873179467034
