Model,MAE,RMSE,R2,MAE / Mean,RMSE / Mean
M18,204.3281875000001,231.58232581305464,-0.7431325023376651,0.026933277495537568,0.030525749386315044
M24,222.43213333333355,260.2780315360259,0.7890804729802885,0.024113735923715938,0.02821658734801056
M36,322.1900041666666,370.74539406617095,0.27503862788185174,0.0369737472894497,0.04254584664842389
ALL_MODELS,267.7850822916667,314.75360274817075,0.8171859749090011,0.0312844080362065,0.036771578367889725
