Model,MAE,RMSE,R2,MAE / Mean,RMSE / Mean
M12,89.1838291666666,118.73106736663846,0.6929891473405143,0.01828692907062179,0.024345518999361986
M18,682.1666125,701.6607007327738,-11.983497645085171,0.11507533949055332,0.11836381591308599
M24,365.3530625,373.33628243480155,-2.659161567567871,0.0633770870375992,0.06476192071378664
M36,283.03765833333335,342.74826590289507,-0.18452297321561617,0.04842182256247951,0.058637058449663416
ALL_MODELS,354.93529062499994,436.82981779879333,0.18693612432659235,0.06333912294268325,0.07795341366553551
