Model,MAE,RMSE,R2,MAE / Mean,RMSE / Mean
M24,110.66238749999998,117.61582882204706,-1.2647932821951646,0.04053814793332925,0.04308535154357911
M36,115.8047083333333,138.01127245126267,0.6504828484844205,0.03633136380867722,0.04329822009216204
M48,61.98678750000001,72.50077317143764,0.7536362352046115,0.02041137271043425,0.023873479537826762
ALL_MODELS,101.06464791666666,119.5659524563605,0.7928499746250075,0.033295262509480124,0.03939042836732662
