Model,MAE,RMSE,R2,MAE / Mean,RMSE / Mean
M24,404.4867499999998,409.21791175006405,-3.1201820648607095,0.05012977986170996,0.050716133053800586
M36,307.03476458333336,356.08699370781187,0.5632211770673726,0.039682459678505075,0.04602217533583287
M48,288.8877958333333,330.4465943087457,-1.5376572683185392,0.03561057175728564,0.0407334346701553
ALL_MODELS,326.8610187499999,364.09138453246413,0.3288479303754669,0.041301891570657806,0.046006290206395295
