Model,MAE,RMSE,R2,MAE / Mean,RMSE / Mean
M18,93.20150000000012,112.64178308913631,0.36825611110635514,0.010970206129445187,0.013258408708830617
M24,113.17352083333321,129.6118939040141,0.9458867463735012,0.011339511378485444,0.012986567307347851
M36,234.38832291666654,275.0640158283517,0.49638042737997334,0.025277564459742417,0.029664226886971633
ALL_MODELS,168.7879166666666,212.60752570530335,0.8957383778492439,0.01823674531465949,0.022971249215218547
