Model,MAE,RMSE,R2,MAE / Mean,RMSE / Mean
M24,146.63918750000002,153.10688650059555,-2.586969680336318,0.05795060925407543,0.06050659107548647
M36,100.71634583333334,119.35471109980851,0.7851659999472695,0.03315036891765868,0.03928510980299803
M48,46.012449999999966,59.1783335738328,0.8242448339304385,0.015393713146632829,0.01979843045808979
ALL_MODELS,98.52108229166667,117.72307333517885,0.8378035044376952,0.03398511636764775,0.04060889561290975
