Model,MAE,RMSE,R2,MAE / Mean,RMSE / Mean
M24,158.25835000000012,188.03111550350084,-0.1771664034354581,0.0391676074783703,0.04653611595066689
M36,491.6858291666667,515.3005062936634,-2.29182281700634,0.10487013850317042,0.10990683940873251
M48,241.43684583333334,309.4104454055668,-0.524354912163673,0.056298669892347754,0.07214887382664494
ALL_MODELS,345.76671354166666,406.8659938163221,-0.18351530312226627,0.07811252370889478,0.09191552669366677
