Model,MAE,RMSE,R2,MAE / Mean,RMSE / Mean
M24,98.45642499999991,119.89323312288099,0.7590507827988943,0.023685677054619426,0.028842733227239993
M36,124.28842083333335,147.48451810596092,0.6141740181004449,0.025319017769610448,0.030044336468597083
M48,157.6383916666666,195.31449513683262,0.41909900796871513,0.02992565810289184,0.03707799059738644
ALL_MODELS,126.1679145833333,154.93991216041488,0.892562549477531,0.026227268554006585,0.03220827339015237
