Model,MAE,RMSE,R2,MAE / Mean,RMSE / Mean
M24,95.71109583333327,105.21957554046,0.6541415462336533,0.015613024978759549,0.017164110878307832
M36,324.35456666666664,393.91162780029,-0.5312896373353224,0.048694118493358474,0.059136455753160996
M48,139.00048749999988,154.6285335291525,0.42339577378367177,0.02135129476971914,0.02375185482130296
ALL_MODELS,220.85517916666663,293.81707042428593,0.25661977293961136,0.03402679698282779,0.04526791648327949
