Model,MAE,RMSE,R2,MAE / Mean,RMSE / Mean
M36,148.81161666666665,170.27460922720417,0.8946198408901246,0.04292307451941855,0.049113838719966586
M48,248.01662500000006,329.8675561103224,-0.20468529281859849,0.06797420305246751,0.0904071823389431
ALL_MODELS,198.41412083333339,262.4938543296526,0.6392256193798451,0.055768571512223704,0.07377956379928752
