Model,MAE,RMSE,R2,MAE / Mean,RMSE / Mean
M12,142.15398749999997,188.56658355785652,0.8156185047457971,0.019010791759769528,0.02521772421522535
M18,334.1861041666668,357.85184180964075,0.7428277801620751,0.03468789843351297,0.037144358153047674
M24,446.932625,454.7349815351703,-0.903820197781021,0.045615648934496295,0.04641198721159142
M36,477.70864583333315,516.7048545972895,0.21648327346162988,0.04802097382198951,0.05194101156161235
ALL_MODELS,350.245340625,399.1813833702143,0.8776935742030928,0.03801092579947907,0.04332178671311517
