Model,MAE,RMSE,R2,MAE / Mean,RMSE / Mean
M18,62.87820416666667,71.14025106293848,-0.5391781463471768,0.023581537331624842,0.026680095407546386
M24,50.73291249999996,62.42409518403462,0.8972411999012141,0.0150656392679939,0.018537451396538323
M36,237.08038541666667,247.19226776529345,-0.8396041878767198,0.07263353119514919,0.07573147504537472
ALL_MODELS,146.94297187499998,181.0840533196811,0.6835122487858899,0.046789674215889185,0.05766089900324187
