Model,MAE,RMSE,R2,MAE / Mean,RMSE / Mean
M12,50.23245416666665,61.62836763429573,0.9842094523046895,0.006908128194549494,0.008475330761781714
M18,164.98827500000016,201.5212344801722,0.8832546053293521,0.018457903200995697,0.02254499260011156
M24,141.24347916666662,167.92624371620826,0.740736133564697,0.015835358390791705,0.018826867393487108
M36,119.81123333333335,146.32974844128597,0.9039833759652416,0.013924252813450328,0.017006188441081524
ALL_MODELS,119.06886041666671,153.31379769218904,0.9663128679444698,0.014118505865104455,0.0181790750691994
