Model,MAE,RMSE,R2,MAE / Mean,RMSE / Mean
M36,69.50541249999999,95.89661118058773,0.8660668253900016,0.03194029659272591,0.04406802424696477
M48,77.6844770833333,98.57593493247455,0.5686693002746758,0.03188308993279408,0.040457315498048624
ALL_MODELS,73.59494479166665,97.24550113946732,0.8488195127387654,0.031910078272141346,0.04216473783299021
