Model,MAE,RMSE,R2,MAE / Mean,RMSE / Mean
M24,408.9508458333333,413.93932206802816,-5.302142674991942,0.054265701126801055,0.05492764659821457
M36,262.5542541666666,303.77223820635953,0.6580806705229527,0.030138955398780334,0.03487042313501197
M48,150.8826458333333,197.36416796340058,0.22932999804418974,0.01688583172846011,0.02208774979422625
ALL_MODELS,271.23549999999994,314.18685624952013,0.7833924642616631,0.03200942140246622,0.03707825664710914
