Model,MAE,RMSE,R2,MAE / Mean,RMSE / Mean
M24,332.52087083333333,339.6046167882813,-0.8855934011380255,0.06740800314213075,0.06884400674813754
M36,409.1548083333333,490.42592942514517,0.06153127862104768,0.07213112820173795,0.0864586578682025
M48,421.44554583333337,444.9092258730431,-2.7329713127285893,0.08028235084015271,0.08475201343730829
ALL_MODELS,393.0690083333334,445.62055033287595,0.21710677470523398,0.07303654825086035,0.0828012031881222
