Model,MAE,RMSE,R2,MAE / Mean,RMSE / Mean
M12,67.55538750000001,81.9411165138443,0.8402734945131046,0.01481071800493286,0.017964618583468196
M18,204.3281416666667,240.94974894719059,-0.2742252930667093,0.04040334670808171,0.04764481371254377
M24,281.3886999999999,340.20928450217957,0.40808764327453995,0.06520041707698544,0.07882970155875099
M36,471.3390041666667,492.6826054642384,-5.6024006960328485,0.10117737221054515,0.1057589779628972
ALL_MODELS,256.1528083333333,325.2881934076939,0.3008547223942972,0.05510810575806878,0.06998172801929653
