Model,MAE,RMSE,R2,MAE / Mean,RMSE / Mean
M18,221.20973333333336,239.12741584819378,-0.7456667572213398,0.0840010379418373,0.09080500585988815
M24,123.65714583333335,170.99126087616904,-0.05983249860221518,0.044857489419588885,0.062028268757981515
M36,202.2827666666667,212.87243519482703,-0.48028320664589663,0.07483062410407387,0.07874806857092419
ALL_MODELS,187.35810312499999,210.38612100006074,-0.3700303548488528,0.06941438544898809,0.07794604584821405
