Model,MAE,RMSE,R2,MAE / Mean,RMSE / Mean
M12,373.57682916666664,385.93119694935314,-4.669461617998587,0.08857866507276302,0.09150800469066554
M18,477.4810458333333,497.54416645938954,-2.975962290580918,0.09151163984827311,0.09535683765242843
M24,453.6336958333333,465.76421915905985,-0.20119800655691478,0.10095799015198582,0.10365768654955476
M36,495.3066125,558.4749247611305,-6.363381836164426,0.11340302507059452,0.12786573870742513
ALL_MODELS,449.9995458333333,480.96871930311863,-0.025789601604127466,0.09838138859093569,0.10515204051199227
