Model,MAE,RMSE,R2,MAE / Mean,RMSE / Mean
M12,150.14356666666654,190.59743749466867,0.6455769426263203,0.024591023305012435,0.031216695669103272
M18,302.93923750000005,317.5112109415057,-0.4533642631440582,0.04780672071645561,0.05010631805602331
M24,311.10217500000005,344.1777577913846,-0.560090167507661,0.047567321585566306,0.05262455682755011
M36,149.80382916666682,185.0644926451555,0.17788895381352166,0.023243718563725955,0.02871479992942585
ALL_MODELS,228.49720208333338,269.1876425699131,0.2650208865765359,0.035944835734218646,0.04234583839817989
