Model,MAE,RMSE,R2,MAE / Mean,RMSE / Mean
M24,83.00972916666665,106.10314480202939,0.6588961319563263,0.030027031711581352,0.03838059135540944
M36,138.9184604166667,166.96974610569367,0.12947290803401745,0.04638604054204464,0.05575260040259124
M48,62.34300000000002,73.71674097937887,0.5460617447463922,0.02076830825606574,0.02455723979103177
ALL_MODELS,105.79741250000002,134.58252808843804,0.5159006309897777,0.03599775859135761,0.04579194558980539
