Model,MAE,RMSE,R2,MAE / Mean,RMSE / Mean
M36,125.96855208333336,162.9938289485417,0.8143611107129698,0.03119787060589957,0.04036769734189495
M48,316.5216854166667,344.10296402133497,-1.474725485914958,0.0698954809355563,0.07598608016370431
ALL_MODELS,221.24511875,269.23394856850297,0.5344234016951994,0.05165519493943027,0.06285938499431218
