Model,MAE,RMSE,R2,MAE / Mean,RMSE / Mean
M24,187.9010291666667,206.226142923615,0.4548749817390181,0.0412308544,0.04525190793295323
M36,408.20019583333334,426.12605077589325,-0.984560638715458,0.08412198833070723,0.08781615255622287
M48,125.43829166666667,146.78657748130448,0.23656873701948844,0.023447870583837,0.027438453015384973
ALL_MODELS,282.434928125,326.81888855050306,0.30344688719902657,0.057604757949036085,0.06665720522991611
