Model,MAE,RMSE,R2,MAE / Mean,RMSE / Mean
M36,171.0145895833333,194.94178918273644,0.5873801879084894,0.07607269567957295,0.08671627046476887
M48,80.89971874999999,91.94877699914522,0.6359610215714495,0.035283412231843496,0.040102322396203524
ALL_MODELS,125.95715416666665,152.40879036559045,0.6006405917030784,0.05547678642705413,0.0671271907392387
