Model,MAE,RMSE,R2,MAE / Mean,RMSE / Mean
M36,156.88746875,188.26683647362668,0.7747693606729583,0.06293592829384481,0.07552386570334779
M48,224.7766854166667,260.5100560336287,-0.6900198218527223,0.08696123881679699,0.10078570717832012
ALL_MODELS,190.83207708333336,227.27724370296258,0.4879465470604666,0.07516618894245564,0.08952144997634386
