Model,MAE,RMSE,R2,MAE / Mean,RMSE / Mean
M12,48.75966666666665,60.030243056916696,0.923201336624174,0.011863665855636654,0.01460589855399433
M18,231.7108416666667,255.24224198168594,-0.07496150839125315,0.04823038802449221,0.05312842628541103
M24,99.76323333333328,131.22778709351786,0.7506319539921921,0.022140496754267523,0.02912343853677968
M36,350.2702625,369.52109602578906,-1.824511711233241,0.07267017894190872,0.0766641278061803
ALL_MODELS,182.62600104166668,235.85949455495324,0.6009435334259747,0.04004919568534644,0.051723100751262116
