Model,MAE,RMSE,R2,MAE / Mean,RMSE / Mean
M36,125.46040625,154.31485300917853,0.38052514164908025,0.060577188870558886,0.07450924379793757
M48,153.97930833333336,179.7523755588817,-0.604452022111374,0.07609788211068212,0.08883515085535466
ALL_MODELS,139.71985729166667,167.51714894049746,0.06012153818758548,0.06824723232775508,0.08182503191911832
