Model,MAE,RMSE,R2,MAE / Mean,RMSE / Mean
M24,118.81055416666668,154.32258672122632,0.39076826646967,0.017476423755822507,0.022700061787873448
M36,239.4749666666667,281.57535140966263,0.5845467940297545,0.02978876274045875,0.03502571251373833
M48,80.9708625,106.75381605223568,0.8780440384322861,0.009996917022480581,0.01318016145508337
ALL_MODELS,169.6828375,220.102927659422,0.886618887057134,0.02191143501648447,0.028422267492712143
