Model,MAE,RMSE,R2,MAE / Mean,RMSE / Mean
M12,69.71400833333325,81.71071465655011,0.7225298504030818,0.009833879158340178,0.011526138190650069
M18,126.59280000000005,151.40728642535396,0.6159339055705173,0.015674053591143128,0.018746452574874353
M24,136.1931875000001,159.7321547598133,0.7916728270388771,0.01881814491986,0.02207058144249447
M36,269.66603333333325,328.1637162529944,-1.0898613917645545,0.03649663510610101,0.04441371892151888
ALL_MODELS,150.54150729166665,201.7464951378103,0.8037335105561811,0.02021242466835896,0.027087451882476053
