Model,MAE,RMSE,R2,MAE / Mean,RMSE / Mean
M24,93.3310666666667,114.69636391296007,0.35581206794800435,0.015615144269312016,0.019189754640466804
M36,263.8587083333334,313.30583196769845,0.265004258068653,0.03936182419412987,0.04673823030062258
M48,132.98475000000005,153.12402419034117,0.786342281670457,0.021233535802436292,0.02444915262734057
ALL_MODELS,188.5083083333334,241.31064593643697,0.7008391738022703,0.029400732386494724,0.03763605851602046
