Model,MAE,RMSE,R2,MAE / Mean,RMSE / Mean
M18,133.16694166666667,142.07059129345407,0.17310383996046608,0.04920263870928013,0.052492367002938876
M24,106.58342499999999,116.10761136037763,0.7257725061740399,0.03249288281994284,0.03539641375229042
M36,109.16019999999999,131.9620522385508,0.5336773616780299,0.033710711505426844,0.04075234996526071
ALL_MODELS,114.51769166666668,130.855833637924,0.8162491358780624,0.036754454518708714,0.041998181381023514
