Model,MAE,RMSE,R2,MAE / Mean,RMSE / Mean
M12,384.46487499999995,398.7294161157267,-4.113083597434201,0.06767903797208387,0.07019008770016533
M18,221.81456250000005,247.66038064624496,0.3487232083568067,0.033759802522687066,0.03769349247892928
M24,317.7722624999999,360.9467568917441,0.25499474410401557,0.04929185442277115,0.05598894898852043
M36,215.84205833333337,233.2181351404232,-0.30061008363659947,0.035842502784946766,0.03872795563022935
ALL_MODELS,284.97343958333335,318.19572250694847,0.5177395867576265,0.04611259567654123,0.05148841491832127
