Model,MAE,RMSE,R2,MAE / Mean,RMSE / Mean
M18,132.34584166666664,166.77616786924568,0.4656934886358495,0.054692131000757614,0.06892051843897473
M24,88.1942625,107.11882929566077,0.4860002621099915,0.03511209296153144,0.04264638294537197
M36,88.75199791666664,115.49175899337921,-0.2651614664744615,0.035132203795182206,0.045717055490167344
ALL_MODELS,99.51102499999998,128.41867713614843,0.36169438658440145,0.039867866353946686,0.051449361087523675
