Model,MAE,RMSE,R2,MAE / Mean,RMSE / Mean
M18,407.66624583333333,414.80123179893593,-1.8157568259305248,0.08815120054779216,0.08969402530993019
M24,453.927175,465.2113616306114,-0.9909880196125398,0.08136536039972216,0.08338802386334367
M36,491.22433958333335,549.7332813756017,-3.422871314620118,0.09463379983785389,0.10590547967967667
ALL_MODELS,461.010525,498.2205922571083,-0.2899967034510218,0.08958147363989297,0.09681196508936973
