Model,MAE,RMSE,R2,MAE / Mean,RMSE / Mean
M18,140.90775,174.9440787342439,0.6220869343350894,0.023845116800518953,0.02960491520854765
M24,209.80099999999996,264.1161926586321,-3.503794375481391,0.03578745966538258,0.045052442990001065
M36,373.0657666666666,464.382763709875,-0.3996247735364902,0.061593134594284095,0.07666956505822868
ALL_MODELS,274.2100708333333,364.57697965255164,-0.22222503911784264,0.045920598547938604,0.06105389591114054
