Model,MAE,RMSE,R2,MAE / Mean,RMSE / Mean
M12,160.96065416666667,174.37887765046142,-0.09789696840003925,0.04805931376817905,0.05206570039699772
M18,222.18410833333334,252.57168125534184,-0.6290607299177717,0.05608290405023086,0.06375322462035742
M24,149.47132916666664,176.51563742587246,-0.8819979693300002,0.04277636951181702,0.050516029885060446
M36,231.9039041666667,272.6587007884758,-1.8861761683041292,0.06503802117416099,0.0764678042783423
ALL_MODELS,191.12999895833332,223.439580487828,0.3661253647275108,0.05319941983183531,0.06219251877886775
