Model,MAE,RMSE,R2,MAE / Mean,RMSE / Mean
M18,179.84442916666663,185.88620503148894,-7.6666470933548485,0.0721156569538194,0.07453834325930185
M24,82.30492083333336,103.69325947686805,0.27886540676271665,0.02878884921444604,0.036270123115469635
M36,84.85160208333333,97.6970605808322,0.5609551635386849,0.0343949406747456,0.039601899319173635
ALL_MODELS,107.96313854166668,126.88124819512872,0.6274841372599224,0.04198160773814105,0.04933793943937507
