Model,MAE,RMSE,R2,MAE / Mean,RMSE / Mean
M24,142.4030583333333,158.7379487441356,0.35967656994268404,0.025700270713329615,0.028648319094759095
M36,438.40768125,535.244795425867,-0.4666935684708231,0.07558047272883997,0.09227496778476728
M48,300.8661916666668,323.79680346638054,-3.170441467007917,0.053118640252469915,0.05716709419211203
ALL_MODELS,330.021153125,419.23027334851963,-0.400550423592809,0.05788310973883017,0.07352968647097878
