Model,MAE,RMSE,R2,MAE / Mean,RMSE / Mean
M18,139.26778749999997,143.17349874228498,-1.3201537178358969,0.05807563289489687,0.059704341560211274
M24,181.15259583333332,199.6936495614147,-1.1995374943971777,0.06432214315303586,0.07090554487918618
M36,223.16356041666668,237.53234206122116,-2.6830266428475484,0.09090859705849905,0.09676190831732409
ALL_MODELS,191.68687604166666,208.0981928486178,-0.029194461277983752,0.07573562862175688,0.08221975221201809
