Model,MAE,RMSE,R2,MAE / Mean,RMSE / Mean
M36,204.75073541666666,222.18493283890928,0.25484381147279167,0.07737940257143082,0.08396813485656869
M48,258.57888125,267.43043379817993,-3.3039698387291407,0.09408285300627635,0.09730345367266485
ALL_MODELS,231.66480833333333,245.8507487299086,-0.3720647816340834,0.08588959236874118,0.09114902148443131
