Model,MAE,RMSE,R2,MAE / Mean,RMSE / Mean
M18,65.41627083333334,82.4974263823146,0.8099908931474614,0.038582288901995485,0.04865669500578862
M24,107.45153750000001,141.89118945745744,-2.1103488093185976,0.06535484680301074,0.08630194751460957
M36,91.44212499999999,110.88311835263367,0.09905559247251527,0.05047577538323538,0.06120714469135798
ALL_MODELS,88.93801458333333,113.50007365258163,0.43380661971661294,0.051093002130358806,0.0652033838634167
