Model,MAE,RMSE,R2,MAE / Mean,RMSE / Mean
M18,205.86062500000003,226.2721340315756,0.7591920604510637,0.024570960378362518,0.027007222192283624
M24,240.81231249999988,281.02198567366344,0.9019952154263253,0.022187270382015213,0.02589199329013702
M36,667.2101770833334,687.7231151568234,-0.5638630185200546,0.059114354932489184,0.06093178689566052
ALL_MODELS,445.2733229166667,518.6758624886025,0.8561151519683068,0.042604408922696346,0.04962767227789274
