Model,MAE,RMSE,R2,MAE / Mean,RMSE / Mean
M12,168.32276250000004,196.0253274904536,-0.11056528408414912,0.03359065306326083,0.03911900368997278
M18,812.2741,824.0732222560031,-9.979309844122632,0.13647938168147355,0.13846188599853032
M24,314.4639125,332.717564862355,-0.7512092492866986,0.05453998395698738,0.05770586044527685
M36,332.56744583333335,354.396897652315,-1.473070756671932,0.057631928689536656,0.061414840776469276
ALL_MODELS,406.90705520833336,488.31873394603963,-0.2974942705416628,0.07234251519517607,0.08681639941704564
