Model,MAE,RMSE,R2,MAE / Mean,RMSE / Mean
M36,732.9271541666667,779.465317280564,0.5019566952752803,0.07998295646243038,0.08506157833231119
M48,157.6435416666666,186.92810447984286,0.8653367963883571,0.01665457594812729,0.019748403772111504
ALL_MODELS,445.28534791666675,566.7928621144224,0.578674047181077,0.04780555584756312,0.060850526410947695
