Model,MAE,RMSE,R2,MAE / Mean,RMSE / Mean
M36,150.67356041666665,182.84659514646708,0.821126730476526,0.029637785217847424,0.03596628432871529
M48,101.18691041666672,128.48620222806764,0.8411303809032621,0.019924811601337362,0.025300341340829268
ALL_MODELS,125.93023541666669,158.0214882850556,0.8282828324010102,0.024783877045197824,0.031099641187819604
