Model,MAE,RMSE,R2,MAE / Mean,RMSE / Mean
M24,115.75963333333333,120.05972254490679,-4.058577300519502,0.04173586311535746,0.04328621300460833
M36,132.1596333333333,143.60102235699057,0.6858970062673505,0.04346939301327996,0.04723264676590477
M48,116.7541125,133.20264983903758,-0.5348126574327086,0.04106000087919817,0.046844610458602984
ALL_MODELS,124.20825312499998,135.4619781946645,0.6363682406954849,0.042472679121622815,0.0463208602350453
