Model,MAE,RMSE,R2,MAE / Mean,RMSE / Mean
M36,59.62183333333334,76.13453517287947,0.9088088949100483,0.02218452427094154,0.02832869016215419
M48,71.67726041666668,95.02963602770961,0.6845987204078667,0.026974013908380313,0.03576211910191426
ALL_MODELS,65.64954687500001,86.10197201443583,0.8399740039231156,0.024565706233848246,0.032218893371633084
