Model,MAE,RMSE,R2,MAE / Mean,RMSE / Mean
M36,110.74575833333337,133.81565130109348,0.8816010162963103,0.022510730271655136,0.027200030754208165
M48,94.10872083333334,109.74555440808867,0.8477512500212412,0.018781988956708302,0.021902750060656014
ALL_MODELS,102.42723958333336,122.37384370337192,0.8722667935101037,0.020629294266478974,0.024646627621191314
