Model,MAE,RMSE,R2,MAE / Mean,RMSE / Mean
M24,199.60085416666666,206.51284308679712,-1.7391339261610228,0.04749197465995162,0.04913657685374084
M36,275.9116895833333,351.0374175072726,-0.23234921464377956,0.06250772204234592,0.07952743630813164
M48,105.36859999999997,117.58550016094318,0.488906629799143,0.023267453029829046,0.025965184143888233
ALL_MODELS,214.19820833333333,275.1946770870767,-0.016530078510655466,0.048793691923650066,0.06268849957847927
