Model,MAE,RMSE,R2,MAE / Mean,RMSE / Mean
M18,141.6445208333333,149.19275272081606,-2.4059142521857426,0.0559767577803392,0.05895975737361412
M24,87.52144999999996,102.84701349797828,0.6225800653401923,0.027021133065761024,0.031752705618394036
M36,98.99934583333334,118.55543112690651,0.4922075962792464,0.03398316992412378,0.0406961210450431
ALL_MODELS,106.791165625,123.436994200727,0.8216763441736115,0.03683790419656557,0.04257992821846213
