Model,MAE,RMSE,R2,MAE / Mean,RMSE / Mean
M36,823.3658166666668,876.9084545590911,-3.8989505741411783,0.18789369211752405,0.20011222696033268
M48,1083.0704770833333,1098.229652228403,-9.60592536611003,0.2698498486916892,0.27362679691966046
ALL_MODELS,953.218146875,993.7496683548962,-4.83350487933342,0.22707327943661554,0.2367285986656593
