Model,MAE,RMSE,R2,MAE / Mean,RMSE / Mean
M36,248.63826666666668,295.9437127294444,0.6644754430352859,0.05671169907433807,0.06750155961212168
M48,170.81191458333342,228.31755195346392,0.20091437116963962,0.038972572702468906,0.05209310143535098
ALL_MODELS,209.72509062500004,264.3024646443073,0.5717898542857617,0.04784352695438927,0.060293987970813076
