Model,MAE,RMSE,R2,MAE / Mean,RMSE / Mean
M18,94.28705416666658,115.4859584356957,0.8015180975667946,0.015583563804145705,0.019087273620664532
M24,151.3254291666666,172.44032646857497,0.43580699082981256,0.023678358466824433,0.02698227182796956
M36,274.7365625,320.57505703539294,-0.5137804354836588,0.04343203285556199,0.05067846188049633
ALL_MODELS,198.7714020833333,249.30373401480114,0.23425225372991199,0.03168602760107136,0.039741355719427704
