Model,MAE,RMSE,R2,MAE / Mean,RMSE / Mean
M18,98.77936666666658,104.34827005015053,0.7242792841888377,0.02313469563011103,0.024438964822331644
M24,137.64844583333334,156.1864050899984,0.366347533686302,0.028493972692536593,0.0323314305122518
M36,142.01638541666662,181.99724750560839,0.31566959875083556,0.029681563066044296,0.03803760223748259
ALL_MODELS,130.1151458333333,159.31788254668055,0.7377320544567674,0.027877025600510617,0.034133679533833096
