Model,MAE,RMSE,R2,MAE / Mean,RMSE / Mean
M18,68.10347499999999,78.48336838076479,0.6739561190534678,0.02886148114140415,0.033260362359414375
M24,116.13990000000001,130.7965806115964,0.0320182090425829,0.04719295667338266,0.053148636789162644
M36,153.17029791666664,171.7925613097092,-2.9030197872578456,0.06263353012335582,0.07024844052738058
ALL_MODELS,122.64599270833332,143.43356724872413,-0.41745146784175424,0.050515127059923885,0.05907706166526164
