Model,MAE,RMSE,R2,MAE / Mean,RMSE / Mean
M12,125.95343333333342,144.71855783332242,0.14311098382699095,0.025698882059391144,0.029527620257251634
M18,212.93818333333328,251.53868548981845,0.3614190274619341,0.03592907992885214,0.04244214632945706
M24,247.62706249999994,277.80636381565824,-1.131852474075088,0.04240673521520721,0.0475750137827934
M36,344.8995999999998,364.89011829227763,-1.0403874354277347,0.05944708459312134,0.06289266131162545
ALL_MODELS,232.8545697916666,271.3560140678352,0.6787707106164003,0.041453712264929436,0.048307895089155145
