Model,MAE,RMSE,R2,MAE / Mean,RMSE / Mean
M18,198.54650833333332,213.1234975718577,-3.1711423098882126,0.03790803805826479,0.040691189811813536
M24,127.04935416666667,167.23226398864517,0.34548607342283844,0.02188148188015788,0.028802112204718223
M36,168.22487708333327,190.6079084477155,0.579645116357481,0.031303960875835424,0.035469085263271444
ALL_MODELS,165.51140416666664,191.0831002873193,0.6438420777849581,0.030380678393881446,0.03507452701258633
