Model,MAE,RMSE,R2,MAE / Mean,RMSE / Mean
M24,395.7043541666665,399.9783698584831,-1.8859412869244743,0.05116260195450968,0.05171521089420217
M36,738.6859416666666,808.2187958702867,-3.4686672125224103,0.0941793525869694,0.10304449922512773
M48,132.53218749999985,155.23374717409624,0.46740799780175446,0.016110642597742,0.01887024931079561
ALL_MODELS,501.4021062499999,610.4333412855971,-1.7971193906299558,0.06337352732845491,0.0771542711008762
