Model,MAE,RMSE,R2,MAE / Mean,RMSE / Mean
M12,140.62947916666667,153.5573918381618,0.38656115161828286,0.03313769624255039,0.0361840080521142
M18,138.74445416666666,169.22573035126163,0.6074852810900067,0.028140512972196396,0.0343228051080054
M24,131.3924125,144.05637446483263,0.38595879146198764,0.02645839961739831,0.02900853291680077
M36,99.73263749999997,127.97881069964109,0.7602540180985857,0.019593998804836314,0.02514339063672252
ALL_MODELS,127.62474583333334,149.45570866740363,0.8628138673393715,0.026546778932406548,0.03108776148601318
