Model,MAE,RMSE,R2,MAE / Mean,RMSE / Mean
M24,43.933204166666656,50.82256783670268,0.8752124033188107,0.00950866550032465,0.010999762175175532
M36,165.27452083333336,203.74303724504202,0.45598541964479344,0.033249413234086075,0.040988389527745715
M48,135.32294583333328,148.56256197964908,0.5715408023219706,0.02609263838675985,0.02864546868732689
ALL_MODELS,127.45129791666666,164.07027356832688,0.7235547808561584,0.025815426391590745,0.033232647604112174
