Model,MAE,RMSE,R2,MAE / Mean,RMSE / Mean
M24,192.86588333333327,212.30945220745386,0.154030395293137,0.04541003600404186,0.049988000480500845
M36,324.49118541666667,369.47600525251045,-0.9467377154691516,0.06373350723854886,0.0725690025292795
M48,177.63519166666666,242.04085070002472,0.05028395483701831,0.035352925176837406,0.048170928318038604
ALL_MODELS,254.87086145833334,306.87298423734165,0.5075033750159241,0.052403252661112426,0.06309525708762888
