Model,MAE,RMSE,R2,MAE / Mean,RMSE / Mean
M12,28.921300000000013,38.9915557284523,0.560785376823631,0.014873386474672158,0.020052227168142093
M18,47.926208333333285,60.37302899423159,0.6586006051394904,0.021205114023929335,0.0267122521958881
M24,46.37774166666666,58.96356096975627,0.48963508091429286,0.022385780942037727,0.028460751041272485
M36,53.78723750000001,67.43409692981426,0.6110319940204183,0.025263096402990334,0.03167283115416537
ALL_MODELS,44.253121875,57.42234538713365,0.8431667009841517,0.02105923085693324,0.027326217374448302
