Model,MAE,RMSE,R2,MAE / Mean,RMSE / Mean
M24,80.67431666666666,90.03685461908547,0.7934303848852375,0.019279320508224795,0.021516753404011345
M36,142.4051125,186.9105640494472,-0.02264052954778384,0.030929477242184426,0.04059577592125586
M48,101.38536250000004,121.49510359779086,0.709707320635999,0.020700043386531468,0.024805887691385482
ALL_MODELS,116.71747604166667,152.26524003732868,0.7775039427452689,0.025524976707207898,0.03329892692232977
