Model,MAE,RMSE,R2,MAE / Mean,RMSE / Mean
M12,129.50060833333336,139.11376222324606,-6.198080342152623,0.056316855113430465,0.06049739605272714
M18,129.29842083333335,157.61246704712298,0.26897191522150565,0.04890720409771474,0.05961700881215053
M24,132.01875833333327,145.51008951910052,-1.5500475108455367,0.06120953172088707,0.06746468875006592
M36,180.82270416666674,202.81170371578764,-2.5632473602079457,0.07651037358297635,0.08581444066886873
ALL_MODELS,142.91012291666667,163.17176680153904,0.4143257922413679,0.0604050307542609,0.06896919120013273
