Model,MAE,RMSE,R2,MAE / Mean,RMSE / Mean
M24,136.02643750000001,139.65873745462096,0.16829029341459556,0.06799621969507624,0.0698119157483734
M36,153.2092229166667,174.5555197201769,0.39536995872403236,0.06361683665083609,0.07248042756917007
M48,72.50737083333333,94.60605210354103,0.4627506211265322,0.03029714121559273,0.03953105577389113
ALL_MODELS,128.7380635416667,149.4942532102813,0.6597398599350608,0.05591027333429844,0.06492457886154593
