Model,MAE,RMSE,R2,MAE / Mean,RMSE / Mean
M12,356.05495833333345,365.13635685789825,0.38216787407868424,0.03913390669579276,0.04013204081584879
M18,457.79799999999994,498.8190176224572,0.7156810650015488,0.03952255599880573,0.04306397703190672
M24,374.58833333333365,412.8095433467678,-0.14400322275418742,0.03162428459365626,0.03485107602152261
M36,1064.3956666666666,1092.0083679824374,-1.158421108675277,0.0956086950012725,0.09808898914464159
ALL_MODELS,563.2092395833334,660.4996151140297,0.7295050841975249,0.05160030253143417,0.06051388643232109
