Model,MAE,RMSE,R2,MAE / Mean,RMSE / Mean
M24,26.004833333333313,31.051695822893475,0.8979592536874573,0.008905510687480373,0.01063383892796215
M36,174.3443791666667,201.28283942284426,0.6474914104193885,0.05272744009627441,0.06087451117612624
M48,90.9175,106.19454728712925,0.5318014996744191,0.030526728129940266,0.035656194615077186
ALL_MODELS,116.40277291666666,152.70154925478067,0.7625376563581578,0.037214897726742906,0.04881990691321575
