Model,MAE,RMSE,R2,MAE / Mean,RMSE / Mean
M12,247.57654166666666,269.309428911825,0.49619754486441603,0.03685385822473903,0.040088981956395646
M18,216.74553333333333,268.6145302229681,0.8308372655621489,0.02466427447038519,0.030566639128678068
M24,506.4774958333332,536.2251253694465,-2.70722400825967,0.058892446742021584,0.06235145667349827
M36,403.3561583333335,444.1759983880921,0.13064680081275504,0.04584526110903263,0.05048482390502901
ALL_MODELS,343.5389322916667,396.70865788675957,0.8399280886022026,0.04176273247958384,0.04822637551191276
