Model,MAE,RMSE,R2,MAE / Mean,RMSE / Mean
M36,188.7653645833334,222.64530183621522,0.6821374727185465,0.03427838707968888,0.04043073184883301
M48,153.49109375,176.81881705820075,0.5255249488560648,0.026396568032073263,0.030408343701228673
ALL_MODELS,171.12822916666673,201.04206586632665,0.6997964884918859,0.030230274235010745,0.03551463609193922
