Model,MAE,RMSE,R2,MAE / Mean,RMSE / Mean
M24,47.55024166666666,56.92528574499355,0.6587342689037551,0.02433741656181356,0.029135801281266024
M36,217.85738958333332,253.63000412699557,-2.82316675322511,0.08597936838124053,0.10009735083614901
M48,247.38363333333336,258.4996409371604,-1.5117734158337406,0.09871489234350322,0.10315057581664061
ALL_MODELS,182.66216354166667,222.88949644875012,0.3683566363146956,0.07668839193562495,0.09357732729414857
