Model,MAE,RMSE,R2,MAE / Mean,RMSE / Mean
M12,38.82527083333331,46.28984089248146,0.7819361660415425,0.021264896506081824,0.025353298373298225
M18,119.65399166666668,136.16328308500303,0.4836910140462103,0.05871748011532092,0.06681904009732907
M24,164.82883333333334,176.34699113069192,-0.09418894627350416,0.07993800392022146,0.08552403231427659
M36,63.66241666666667,75.26796022821286,-0.0029990207471481956,0.031018271143773604,0.03667284594334136
ALL_MODELS,96.74262812500001,119.84022295133435,0.5133575965015225,0.04850495531960454,0.06008565998677658
