Model,MAE,RMSE,R2,MAE / Mean,RMSE / Mean
M24,145.9219583333333,168.46230467015948,0.5527068037596645,0.03545524216408843,0.04093196031509504
M36,473.18718125000004,544.1212379896202,-3.4060260565261737,0.11043465325352875,0.12698957754207865
M48,164.7591958333333,196.06469923719374,-0.5013328230826319,0.03991179017703938,0.04749533461546571
ALL_MODELS,314.26387916666664,405.880757626075,-1.6352310337341245,0.07476558080288659,0.09656187870237387
