Model,MAE,RMSE,R2,MAE / Mean,RMSE / Mean
M24,47.39888333333332,55.31363398854148,0.8969522853184111,0.010026116462925583,0.011700295394232339
M36,144.24283749999998,179.62677076895554,0.7953218732625119,0.02799031448218985,0.03485656473752669
M48,115.04155416666674,146.34834016277318,0.6273186397173283,0.021745444163535996,0.02766313166132329
ALL_MODELS,112.731528125,149.1718709468904,0.8469774994972652,0.02218628689863855,0.02935797980459067
