Model,MAE,RMSE,R2,MAE / Mean,RMSE / Mean
M12,43.05200833333333,52.024144725302,0.8621573419439894,0.0086583835421293,0.010462810352430116
M18,111.40965000000006,120.14146211114704,0.7569879964374777,0.019522576499879537,0.021052672590500428
M24,72.67525,84.22261468113837,0.8769982566647501,0.013981947461662404,0.016203537979649376
M36,118.50052916666671,141.5566489595965,0.5937782795384041,0.021217166879285012,0.0253452964722538
ALL_MODELS,86.40935937500002,105.2048195675955,0.9170040148303766,0.016104686401882406,0.019607721193138944
