Model,MAE,RMSE,R2,MAE / Mean,RMSE / Mean
M24,167.39868750000002,192.51943951514676,0.8011448421687144,0.023888503389225834,0.027473341350716628
M36,439.76380833333343,495.37032284448037,0.21260360595577366,0.051798111494461604,0.05834779199086925
M48,121.54120416666665,160.9989978128786,0.8005458954409728,0.014624577103951706,0.019372378884321945
ALL_MODELS,292.1168770833334,372.0779237599521,0.7766305684871894,0.036177518073781285,0.04608037695761292
