Model,MAE,RMSE,R2,MAE / Mean,RMSE / Mean
M36,59.72354583333334,75.73031082927594,0.8102844506184507,0.030138038267451643,0.03821546383310812
M48,51.760325,61.61116956286552,0.8385541671265904,0.026112180100265905,0.031081759162322982
ALL_MODELS,55.74193541666668,69.03265963731558,0.8226529734136312,0.02812482353745001,0.03483071328807568
