Model,MAE,RMSE,R2,MAE / Mean,RMSE / Mean
M24,263.63838333333337,275.677643938934,-3.3471148326840394,0.05591185691815564,0.05846511721307121
M36,192.39428958333335,259.9934225187898,0.0819112241086809,0.036412738449163706,0.04920661893438917
M48,120.8943375,135.0531126280617,0.572532647576071,0.02315170358430947,0.025863160313056407
ALL_MODELS,192.33032500000002,239.49460646553064,0.47263281326248296,0.03751963227584189,0.046720399222713184
