Model,MAE,RMSE,R2,MAE / Mean,RMSE / Mean
M24,46.7098499999999,55.892139627112634,0.8868811334007832,0.010925961229203801,0.013073802433171576
M36,274.2868020833332,314.06177615187914,0.4555958104077048,0.05639868960465382,0.06457719618785988
M48,141.91932916666656,186.92463447398944,0.4535437452943598,0.030026834106176254,0.03954891150251024
ALL_MODELS,184.3006958333332,242.5563587729032,0.6575533177222204,0.039363143023685224,0.05180545086121836
