Model,MAE,RMSE,R2,MAE / Mean,RMSE / Mean
M12,204.7336541666667,220.26775203398194,-0.8488446710364563,0.05413012206138322,0.05823722705637701
M18,270.5510041666668,296.33866055815486,0.06898777279777513,0.05663271641009989,0.06203068207575523
M24,100.02788333333315,131.6148597280431,0.7063006756726993,0.022849371341550427,0.0300647849757106
M36,261.7359666666668,327.48152002417766,-1.4970797121665553,0.057990650098779586,0.0725573427427509
ALL_MODELS,209.26212708333333,255.39239494652313,0.6540889778690284,0.04796656335956601,0.05854043282698421
