Model,MAE,RMSE,R2,MAE / Mean,RMSE / Mean
M12,122.83699583333332,136.48703797660448,0.5924904263246893,0.027168312260395164,0.030187342519154635
M18,102.02143749999993,134.78323083472617,0.7835817656188404,0.01899427886554751,0.025093846309254878
M24,170.26507083333328,185.70993521897142,0.2929610564827402,0.03383337914703714,0.0369024287769837
M36,129.70284166666673,155.97589671958136,0.6779628732694969,0.024865945073730304,0.02990287668964543
ALL_MODELS,131.2065864583333,154.605862798267,0.8559276468384718,0.026057557226641284,0.03070464087349345
