Model,MAE,RMSE,R2,MAE / Mean,RMSE / Mean
M12,146.97541666666666,157.4177462166671,0.06225424120821044,0.02361098281759339,0.025288499161295143
M18,75.34246666666672,97.85107550521613,0.9474879203775337,0.009944395131796766,0.012915289370604825
M24,176.4946500000001,208.17637392805494,-0.28863078197294345,0.023919180534301584,0.02821280005349407
M36,218.04562916666666,274.52890184121395,0.37612938348957936,0.030123040570099697,0.03792621424897616
ALL_MODELS,154.21454062500004,195.6135861906317,0.8946452779008718,0.021706186395325826,0.027533233546614435
