Model,MAE,RMSE,R2,MAE / Mean,RMSE / Mean
M24,71.03206666666665,90.9148208053102,0.4906966353259371,0.01917043867441834,0.02453648160094735
M36,267.41197708333334,320.82199577946614,0.5250590983689587,0.06386307161088418,0.07661840099415577
M48,240.2129583333333,268.69127525671536,-1.557854106246825,0.06107950247385762,0.06832074974478655
ALL_MODELS,211.51724479166668,267.54159115592716,0.5521826513052024,0.052837619014163305,0.06683266264111654
