Model,MAE,RMSE,R2,MAE / Mean,RMSE / Mean
M24,320.7410625,330.5576235378643,-3.9571294044184544,0.08690305264227413,0.08956279665506207
M36,355.2656791666666,424.5778566912919,-0.0983062160528212,0.08644328157711978,0.10330832773789361
M48,403.07790000000006,412.01652793645815,-5.120338515883335,0.09905662092975631,0.10125329377918284
ALL_MODELS,358.5875802083333,399.86206201543956,-0.27288287926458166,0.08976143438241505,0.10009323864692497
