Model,MAE,RMSE,R2,MAE / Mean,RMSE / Mean
M24,88.78975000000001,97.65618488045618,0.7836617604399515,0.022258648784156433,0.02448136998757989
M36,202.98560833333332,240.3432719948352,0.2654044763612876,0.046938515049909424,0.05557712382815012
M48,296.10731666666663,305.964520846086,-2.5387706285408043,0.06528478802076156,0.06745807266828407
ALL_MODELS,197.7170708333333,233.8165922514629,0.42614468198567723,0.04605133064995499,0.05445946147105527
