Model,MAE,RMSE,R2,MAE / Mean,RMSE / Mean
M36,219.41730833333335,244.94330828354785,-0.4209874165325207,0.04139005572628882,0.04620518434323267
M48,388.86405625000003,435.1966010818308,-1.486844205124454,0.07329509192576829,0.08202808762959483
ALL_MODELS,304.1406822916667,353.1241324704865,-1.10653238980868,0.057348965862665,0.06658531724773473
