Model,MAE,RMSE,R2,MAE / Mean,RMSE / Mean
M36,207.1664708333333,279.95670640217975,0.7936117872118343,0.035793569821643896,0.048370037281300966
M48,203.77888125000007,262.6744735518587,0.6315599239959613,0.036262410329985666,0.046742868960325416
ALL_MODELS,205.4726760416667,271.4531603383007,0.7464205900415501,0.036024532557519445,0.047592572408341215
