Model,MAE,RMSE,R2,MAE / Mean,RMSE / Mean
M24,144.1431791666666,175.09391746028876,0.8219756498803871,0.01857196089589417,0.022559772907613223
M36,215.55593750000014,254.01883919394163,0.736610386217447,0.021876217056230392,0.025779717910012788
M48,121.68356250000004,141.59754091118157,0.9102887844165195,0.012287338645887684,0.014298208409214048
ALL_MODELS,174.23465416666673,211.98990828254026,0.9574254740487547,0.018648995833486642,0.022690083871149003
