Model,MAE,RMSE,R2,MAE / Mean,RMSE / Mean
M12,56.27827916666664,76.66581803451422,0.9637504818861774,0.006757650820016607,0.009205697753726554
M18,430.9108333333336,452.7476377355088,0.4238441687627317,0.04176419989904091,0.043880639295920086
M24,349.6539791666666,374.1037071726261,-1.6963151959118936,0.034447960838242225,0.036856751594355724
M36,909.5770833333332,934.663061054,-3.473968512467171,0.08841253255247884,0.0908509348192897
ALL_MODELS,436.60504375000005,553.2645598059576,0.655769768973076,0.04468390544693944,0.05662330665073077
