Model,MAE,RMSE,R2,MAE / Mean,RMSE / Mean
M36,192.74139791666667,222.48043055653096,0.8853259247132911,0.02911135022026432,0.03360308579834326
M48,234.56828541666667,268.42265392405915,0.5639947332901527,0.029674971535501558,0.033957849845434714
ALL_MODELS,213.6548416666667,246.5240993495916,0.9144565905122954,0.029418067181090624,0.033943824815066685
