Model,MAE,RMSE,R2,MAE / Mean,RMSE / Mean
M18,265.4115000000001,278.1052549731622,0.6372533961700894,0.02972396769030477,0.031145566839892915
M24,262.7980625000002,302.4826360913309,0.8938423944892623,0.022900794083046506,0.02635899403871996
M36,732.5482812500001,764.142526278056,-0.604106399516098,0.06214443829796259,0.06482468021644261
ALL_MODELS,498.3265312500001,578.0713361933947,0.8231611907958866,0.04532262685345453,0.05257538947254494
