Model,MAE,RMSE,R2,MAE / Mean,RMSE / Mean
M24,330.08567083333327,339.25214294673884,-1.8820317478015038,0.08716283887861982,0.08958334907492443
M36,690.7310416666666,715.8370186921924,-2.935230828745542,0.1544403038955836,0.16005374022249605
M48,478.0914833333333,486.3505836158838,-13.758229962981519,0.11339146366771748,0.11535031778301638
ALL_MODELS,547.409809375,586.616182298468,-1.1841178659738278,0.1291955946779166,0.13844879142058159
