Model,MAE,RMSE,R2,MAE / Mean,RMSE / Mean
M36,503.9426854166668,607.2490098964398,-0.07873524204633364,0.10077300124564133,0.12143108135424585
M48,378.3948625,427.2994912175154,-1.605800523682415,0.07821240257335525,0.08832075468914222
ALL_MODELS,441.16877395833336,525.0410532591495,-0.29681687745091345,0.08967927256634545,0.10672854132735013
