Model,MAE,RMSE,R2,MAE / Mean,RMSE / Mean
M12,96.30942916666673,117.4320643175006,0.3706543950714649,0.029417564557799772,0.035869440439082315
M18,167.57926666666663,202.46153448164952,0.24196782182349197,0.0434579446119269,0.05250388264946015
M24,116.97415833333342,139.99078140705677,0.4940287305120873,0.03639661104844881,0.04355825332567594
M36,128.25389583333336,155.39548769069174,0.058588301278792,0.03860501298082351,0.04677475705889157
ALL_MODELS,127.27918750000003,156.94436844637022,0.7560811034135493,0.037254035233211184,0.04593689782750343
