Model,MAE,RMSE,R2,MAE / Mean,RMSE / Mean
M24,156.80910416666666,160.6826189038957,0.16006189678953042,0.06736750859229558,0.06903162776910886
M36,92.10362708333334,117.46891224140346,0.5521416375987911,0.032574227085175364,0.041545150218002994
M48,81.35336249999996,99.05828860218905,0.5369711797409855,0.030474655449593394,0.037106852400576526
ALL_MODELS,105.59243020833333,125.7272238269881,0.7743137482848039,0.039650906893328064,0.047211702923067034
