Model,MAE,RMSE,R2,MAE / Mean,RMSE / Mean
M18,165.01911666666672,198.8791421077929,0.8121606300507,0.02004006942371235,0.024152061259782465
M24,145.13054166666677,165.80803425328196,0.8902561596130146,0.016009031451512837,0.018289920266203838
M36,193.51145833333337,241.36711983770707,0.4891610623481799,0.019792265960937735,0.024686921752325664
ALL_MODELS,174.29314375000004,214.22032493788336,0.920361388461655,0.01891701974670493,0.02325054233233707
