Model,MAE,RMSE,R2,MAE / Mean,RMSE / Mean
M12,212.76502916666672,230.81060687787493,0.17342113025171058,0.05006432311071024,0.054310507912751466
M18,252.34028333333333,283.75234757157517,-0.7756973309508819,0.05139487762653179,0.05779266388639978
M24,249.57956249999995,274.7753615785212,0.10906945282283387,0.05893318017690059,0.0648826599817443
M36,550.7072083333334,585.0949189645828,-7.113390916762448,0.12464256547119457,0.13242559864908182
ALL_MODELS,316.34802083333335,371.35781078647443,-0.030206942062365627,0.07103789385043624,0.08339068053496186
