Model,MAE,RMSE,R2,MAE / Mean,RMSE / Mean
M12,114.25754166666667,131.2279850502393,0.7035784293353482,0.038528929916259204,0.04425155456086303
M18,201.29364166666673,211.55232342340673,-1.9247651430663861,0.06671888024969275,0.07011912555292521
M24,347.74598749999996,364.95682728909463,-4.076137839314674,0.12783995619140984,0.13416708312815195
M36,123.97559583333332,141.9060375654477,0.4104049387012315,0.039025409545794365,0.04466960772229247
ALL_MODELS,196.81819166666665,232.00537649407818,0.10736862640777067,0.06627154060917266,0.07811957624279749
