Model,MAE,RMSE,R2,MAE / Mean,RMSE / Mean
M12,107.63382083333339,122.11672549629004,-3.571317450617493,0.05070489734228401,0.05752760593394891
M18,53.152945833333355,62.62854646929853,0.8278922322049181,0.020172533919478805,0.023768701022536524
M24,38.85321249999996,53.82722653940642,0.20515948266159023,0.01485877206960289,0.0205853374489412
M36,87.156425,94.0912774082743,0.519347316282428,0.03239012387736141,0.03496733753172163
ALL_MODELS,71.69910104166668,87.44336492844776,0.8811008039273868,0.028499145826432596,0.034757216930817264
