Model,MAE,RMSE,R2,MAE / Mean,RMSE / Mean
M24,334.1994583333333,345.2686819538156,0.18067283288726954,0.04114511206069591,0.04250790435413937
M36,271.63159375000004,381.2641234431861,0.6399648866752772,0.027193071753929324,0.038168397581658436
M48,271.33645833333327,335.5389252669377,0.43541202342224705,0.02763522517017195,0.034174153411105336
ALL_MODELS,287.19977604166667,361.4282421025019,0.8559778896375436,0.030296167264615873,0.038126389330139586
