Model,MAE,RMSE,R2,MAE / Mean,RMSE / Mean
M12,81.11861249999993,101.86278742010622,0.44707120922022925,0.015507532937184354,0.019473219305750657
M18,181.88093750000004,210.1837988005469,0.040888591799870366,0.0299809920534077,0.03464639498899789
M24,186.3664583333334,221.07834732889387,0.4401707437373581,0.03264027642976511,0.038719726897122976
M36,96.1296458333333,124.00427121845277,0.585795369090252,0.017456429133500796,0.0225182539060778
ALL_MODELS,136.37391354166667,172.3411962338932,0.7880756895589538,0.0242291753649581,0.03061938282560064
