Model,MAE,RMSE,R2,MAE / Mean,RMSE / Mean
M36,191.24311250000005,226.68608519315598,0.6242128790640713,0.04006454814465657,0.04748968710674439
M48,111.83056458333328,136.86458579029468,0.6352852742247227,0.023728315990487213,0.029040058517448106
ALL_MODELS,151.53683854166664,187.24114940865388,0.6308181090539831,0.03194845325731754,0.03947597935457758
