Model,MAE,RMSE,R2,MAE / Mean,RMSE / Mean
M12,104.7840958333333,117.52058261185034,-3.0448365382089326,0.03944379911225433,0.044238185339404434
M18,128.72057499999994,142.62812522161138,0.16446446975749884,0.041785045919954536,0.04629969033203946
M24,66.28389166666666,80.15786332923508,-0.2578315456904985,0.024516295771174947,0.02964783503732034
M36,103.4534625,113.46819689660661,0.3683676412189655,0.037776269664972766,0.04143317295314729
ALL_MODELS,100.81050624999996,115.60080471404147,0.6769802703006441,0.03607031054326434,0.04136232502142339
