Model,MAE,RMSE,R2,MAE / Mean,RMSE / Mean
M24,49.50488750000009,64.52890033667414,0.7946575921188368,0.018078473828362782,0.023565027511871263
M36,167.87468124999998,198.8014518625991,0.09748666969674091,0.06083196590746094,0.07203875564802817
M48,205.24581666666668,212.8936902032855,-3.0849516877927217,0.07280694680520863,0.07551988064618373
ALL_MODELS,147.6250166666667,179.25661552114857,-0.0485954819019061,0.053310267830273865,0.06473305405518456
