Model,MAE,RMSE,R2,MAE / Mean,RMSE / Mean
M18,308.57317500000005,331.0247289692519,-4.409343469915831,0.054495762936363115,0.05846083398526848
M24,417.2469250000001,442.3042376891207,-1.9029337355158478,0.06173585564035857,0.06544333566291566
M36,151.8297979166667,190.95951969055355,0.6234535697684529,0.023603849965668687,0.02968705691596785
ALL_MODELS,257.36992395833335,307.4660494216453,0.5940423937803274,0.040713828770486675,0.04863862838502245
