Model,MAE,RMSE,R2,MAE / Mean,RMSE / Mean
M18,38.302883333333334,48.79600736265893,0.9401151812845244,0.019764129686962506,0.025178538370825045
M24,107.4439791666667,120.36684759562641,0.3233062341929208,0.05109283732910642,0.05723804918357508
M36,83.47370416666662,98.4083506100621,0.5800051441584191,0.04056880847272283,0.047827151890192585
ALL_MODELS,78.17356770833332,95.18092675824191,0.7036105535202597,0.03833877831475483,0.04667972254243368
