Model,MAE,RMSE,R2,MAE / Mean,RMSE / Mean
M24,230.93689166666672,247.41368750200886,-0.8913691710097955,0.031247803486457847,0.03347725965794045
M36,254.16555416666665,305.92762065725617,0.6602657316172731,0.030973136018360548,0.037280967664788715
M48,243.1832208333332,264.1396521594676,0.3249692249623255,0.030317687057161244,0.032930328359482314
ALL_MODELS,245.6128052083333,282.0313399111375,0.7198569807293151,0.030871716673125865,0.03544925766917336
