Model,MAE,RMSE,R2,MAE / Mean,RMSE / Mean
M18,43.747370833333285,56.647220687312426,0.924905992494628,0.011108209989525903,0.014383703768506843
M24,96.68278750000007,114.84104946309316,0.7603719229072435,0.02071792516004609,0.024609016036877433
M36,121.37764583333335,153.90346879720312,0.49857923600394505,0.026597975749164553,0.033725491235851016
ALL_MODELS,95.7963625,126.26354350029648,0.8786674494882534,0.02161013154369986,0.028483041662621337
