Model,MAE,RMSE,R2,MAE / Mean,RMSE / Mean
M24,141.6954708333333,152.6799320545857,0.5505318020969385,0.03317391596999345,0.035745611391070777
M36,204.98080416666676,228.04123976919365,-0.1779310127596785,0.041857198283013514,0.04656615251622457
M48,157.0927375,170.2594821501348,0.5096601155028174,0.03106594897908736,0.033669744826249036
ALL_MODELS,177.1874541666667,197.67717811191983,0.7219253337553306,0.037063981905973827,0.04135001198150571
