Model,MAE,RMSE,R2,MAE / Mean,RMSE / Mean
M36,357.81053333333347,404.0113413644619,0.4904599451361952,0.0563901120585213,0.06367125249281509
M48,318.19762499999996,349.29764408035544,-0.5302509731955904,0.0481448934560585,0.052850482019471255
ALL_MODELS,338.0040791666667,377.6466656222443,0.34412379553412864,0.05218352076910583,0.058303830733251724
