Model,MAE,RMSE,R2,MAE / Mean,RMSE / Mean
M18,92.33493333333338,113.64922204292694,0.48726290335484823,0.030003633951177257,0.03692957295698894
M24,218.16083333333333,234.36510108348574,-1.562942982734704,0.05795727252601284,0.062262147730835264
M36,146.63629583333335,195.50350563585278,-0.24130569655785905,0.04345181467419823,0.057932328737357985
ALL_MODELS,150.94208958333334,189.92524036357756,0.5831275814703458,0.04442413055208104,0.05589735570997794
