Model,MAE,RMSE,R2,MAE / Mean,RMSE / Mean
M12,127.0346125000001,139.0326202758653,0.0027250524118835884,0.024062623910847347,0.02633526081750195
M18,239.75055000000006,257.12879559569626,0.24456657221277478,0.03728745228914883,0.03999022191165285
M24,120.81251666666658,164.4616981512717,0.6474210925837937,0.01975674843281547,0.026894799370608617
M36,228.80096666666668,256.00938788021034,-0.18702078773511466,0.036654828481599906,0.04101372620553537
ALL_MODELS,179.09966145833334,210.97022530849367,0.8243596618907395,0.029767875198238192,0.03506503187326501
