Model,MAE,RMSE,R2,MAE / Mean,RMSE / Mean
M36,79.02198750000002,101.43436563008368,0.9008923331187978,0.03516809976357147,0.045142548331037195
M48,247.41710833333332,255.57192073752122,-2.821130305859749,0.09830736476139232,0.10154755345723288
ALL_MODELS,163.2195479166667,194.42985521807515,0.519361409888079,0.06852565643313217,0.08162890798974554
