Model,MAE,RMSE,R2,MAE / Mean,RMSE / Mean
M18,161.06825416666663,189.34552645822416,0.30738808276022844,0.024539994540514455,0.028848255726094944
M24,235.15771249999997,256.0702311877357,0.03536832810705093,0.031364816605535174,0.034154082185760014
M36,254.57127708333323,316.3140312759315,0.10135533651871798,0.03529054359252797,0.04384977848862884
ALL_MODELS,226.34213020833326,274.5600227884353,0.6287070052330178,0.03178051193770512,0.03855074649077948
