Model,MAE,RMSE,R2,MAE / Mean,RMSE / Mean
M24,107.80036666666665,142.48486226622168,0.2294682929163271,0.017604970093699598,0.023269324739480537
M36,448.1130208333334,575.4558644873978,-0.2778530899589935,0.06449061248231033,0.08281727919513532
M48,152.76979999999995,186.53573934504254,0.5565244407077287,0.023044808990458944,0.028138287037755786
ALL_MODELS,289.19905208333336,423.4962874612665,0.33484642331985215,0.04340773371649606,0.0635652639371246
