Model,MAE,RMSE,R2,MAE / Mean,RMSE / Mean
M24,78.03170833333333,94.35231874167603,0.6574241866858452,0.021188674548848783,0.025620361484417317
M36,330.07176875000005,391.70134532169806,-0.06117837242172608,0.07962850573210635,0.09449639676650655
M48,109.23276666666668,162.50605990236696,0.35262068691759285,0.029060606799614242,0.04323359055610521
ALL_MODELS,211.852003125,292.47669454615476,0.3651214351631411,0.05386595693963657,0.07436576856426837
