Model,MAE,RMSE,R2,MAE / Mean,RMSE / Mean
M12,105.87889999999997,114.14822978546357,0.5761152017307156,0.04548714019762279,0.0490397664838022
M18,99.44587916666667,120.87996765092186,0.6278466067124813,0.035327655826758834,0.04294200955641919
M24,200.2325,207.76278403477767,-0.9581426347377251,0.07050336702806591,0.07315483659034733
M36,83.63280000000002,103.76572663174161,0.49191748936901636,0.03132852393513244,0.0388702405088545
ALL_MODELS,122.29751979166667,142.80623707994857,0.7088339042539378,0.04592381822235608,0.05362502595187642
