Model,MAE,RMSE,R2,MAE / Mean,RMSE / Mean
M36,157.87766874999997,181.37960359395254,0.7554657935542829,0.024831015963930426,0.02852740269115995
M48,129.63025208333332,157.63966704419673,0.701064955209977,0.020409860430026402,0.02481985146908121
ALL_MODELS,143.75396041666664,169.92472631389546,0.7347169387296975,0.022621608614333506,0.026739928704774773
