Model,MAE,RMSE,R2,MAE / Mean,RMSE / Mean
M12,254.51517500000008,271.32928493862863,0.568002301035714,0.040600626121635106,0.04328283707894375
M18,180.77497500000013,234.67913091467935,0.8833951357306775,0.021705586240019226,0.028177838856298175
M24,108.33042916666675,123.96164087348264,0.8631522164917306,0.013422320368400955,0.015359053499517729
M36,262.46469583333334,305.2352341403177,0.5350000353044158,0.03138544366551571,0.036499930839935746
ALL_MODELS,201.5213187500001,243.530753664151,0.9401270816100729,0.0259769484342837,0.031392141880254014
