Model,MAE,RMSE,R2,MAE / Mean,RMSE / Mean
M12,197.7769041666667,210.43674227234635,-2.901125778177838,0.034021988001462194,0.03619975927332377
M18,116.98963750000011,138.90498271850714,0.4763307061154337,0.01773701223633758,0.021059637680870828
M24,289.79080000000005,314.27716979463236,-0.1359058736396972,0.048198054054054064,0.0522706311508744
M36,238.33755833333325,256.3030186773785,-0.41950278709895183,0.037317015474543976,0.04012990558869212
ALL_MODELS,210.72372500000003,238.76745672279517,0.5911300095799042,0.03397628081961707,0.03849794397948999
