Model,MAE,RMSE,R2,MAE / Mean,RMSE / Mean
M18,280.3146625,285.43150699993174,-5.594899569857728,0.10833765821765597,0.11031524635251316
M24,96.42882500000002,135.10385179729025,0.5369615829203249,0.031098130853679847,0.043570760734959704
M36,298.2100666666667,325.51151516625407,-1.6993980662083246,0.12306520509315383,0.13433195539604512
ALL_MODELS,243.29090520833336,279.1234892347727,0.2904804048584321,0.0923779887671558,0.10598368455696784
