Model,MAE,RMSE,R2,MAE / Mean,RMSE / Mean
M12,83.80384166666666,124.98176078990487,0.5950884589269692,0.015454953549666126,0.02304891123304864
M18,183.55520833333324,239.15976915967863,-0.07769062350162925,0.03169138964224822,0.041291693654508674
M24,85.56036666666667,109.9205109692833,0.8828048806387928,0.01587084128762994,0.020389475312152096
M36,639.4107458333333,666.002017757747,-4.8092155227127416,0.11035025275950094,0.11493940550236169
ALL_MODELS,248.08254062499995,363.4759421556654,-0.25549318054606207,0.044300783301959086,0.06490690118033594
