Model,MAE,RMSE,R2,MAE / Mean,RMSE / Mean
M36,430.6821270833334,515.6731521512692,0.6931046808632095,0.047448826789997366,0.05681240185744498
M48,148.1582083333333,188.5725244091558,0.7381023785409317,0.014303056266190405,0.018204616924183598
ALL_MODELS,289.42016770833334,388.2514628508614,0.834686064168045,0.029782982721491106,0.039953285568315657
