Model,MAE,RMSE,R2,MAE / Mean,RMSE / Mean
M12,110.45111666666658,131.6300826455557,0.4756489201580908,0.02255293437016112,0.026877452257936467
M18,188.4578791666667,231.8402899243779,-0.47479618813008795,0.03649867739384452,0.04490055807834823
M24,291.7226625,351.3405615644391,-0.1733759239505146,0.06175767324112624,0.0743787795281432
M36,470.1560583333333,489.5194697878667,-4.574335936611566,0.08721600748200994,0.09080800509293616
ALL_MODELS,265.1969291666666,329.4487441891777,0.0883982464049079,0.05257877386644086,0.06531753997203883
