Model,MAE,RMSE,R2,MAE / Mean,RMSE / Mean
M24,57.705441666666694,69.79234653695929,0.8792242426154145,0.00976520451548762,0.011810611232924298
M36,274.8235562500001,355.634885185833,-1.1069695838097715,0.04160762381484076,0.053842264179078066
M48,154.54791666666674,197.04102795476177,0.5967849598842629,0.023178855539516204,0.029551906106711427
ALL_MODELS,190.47511770833339,272.32723030156455,0.5397139591957538,0.029545722517014286,0.042242288006550735
