Model,MAE,RMSE,R2,MAE / Mean,RMSE / Mean
M18,51.97314166666664,59.86052617159323,-0.44409561803062814,0.02464934392538138,0.02839010015252228
M24,103.907225,119.07565979885085,-0.10635977480829162,0.040696727972975175,0.046637659075549065
M36,60.365954166666675,75.68467380348272,0.5785560307791938,0.025652163674351077,0.03216176513480622
ALL_MODELS,69.15306875,85.46729644658072,0.7940393223326225,0.029526699786956774,0.03649248326063659
