Model,MAE,RMSE,R2,MAE / Mean,RMSE / Mean
M24,123.52332083333333,153.81329539850282,-0.09366834502143329,0.01943030726073905,0.02419494205804441
M36,176.5135541666666,219.51403848193664,0.6389254020926939,0.023877383045879826,0.02969415468135768
M48,189.70487083333342,217.93467926754172,0.5808091086780469,0.02678217920210827,0.030767610809662473
ALL_MODELS,166.56382499999998,204.6502384863573,0.850060803051683,0.023604729765637454,0.029002177249133912
