Model,MAE,RMSE,R2,MAE / Mean,RMSE / Mean
M24,51.15806250000001,65.90085245086934,0.9227713155742853,0.012738297055588987,0.01640923431640346
M36,224.54531874999998,256.3422432613774,0.5733312318931589,0.05246207196989978,0.059891006812200304
M48,101.7540458333333,146.3010057673149,0.5967130383394413,0.021899270053356044,0.03148656358710091
ALL_MODELS,150.50068645833332,198.2231053654124,0.7459388083343823,0.034953757850527886,0.046037281213601115
