Model,MAE,RMSE,R2,MAE / Mean,RMSE / Mean
M12,40.844458333333364,53.26403695832212,0.8155935333174864,0.012426689823031295,0.016205274669131013
M18,98.97445833333329,118.45290089856384,0.6915441333092573,0.02494263603334942,0.02985141463726749
M24,71.74704166666675,84.1575784227571,0.8270017400060443,0.021695233655457447,0.025447994584109294
M36,164.12103750000003,192.09686416571958,-0.012776422080766903,0.048552928777457295,0.05682918842266684
ALL_MODELS,93.92174895833335,123.34083933623519,0.8658257127617278,0.026946017937139327,0.03538631367065409
