Model,MAE,RMSE,R2,MAE / Mean,RMSE / Mean
M12,43.90880833333333,53.532829906485105,0.21834772151737192,0.021117195358996456,0.025745705022857196
M18,128.6573833333333,155.195780878946,0.3715162893038443,0.04757452853445087,0.057387814943527425
M24,254.0365958333334,264.9956211949651,-4.497770520877084,0.09331861358557568,0.09734433692532468
M36,93.80465000000005,110.32596039106876,0.6419761162647108,0.03605328934725516,0.042403162023343315
ALL_MODELS,130.10185937500003,165.33752679680708,0.6999059754639407,0.05148619452975247,0.06543027216230797
