Model,MAE,RMSE,R2,MAE / Mean,RMSE / Mean
M12,231.2311666666667,293.3075536535924,-0.18559201636167244,0.03606905023430544,0.045752158064762
M18,141.94240833333325,163.26438742788483,0.7463654922333627,0.019640231535130948,0.022590502783317687
M24,117.49776249999998,157.4268934458295,0.5510998693160598,0.015830744227562858,0.02121048802678876
M36,435.33102083333324,462.7106078664391,-0.5612787686867275,0.06069164033273694,0.06450876332454945
ALL_MODELS,231.5005895833333,296.466235280087,0.6350186030840288,0.0327987269569016,0.042002982024336805
