Model,MAE,RMSE,R2,MAE / Mean,RMSE / Mean
M24,45.30365416666672,55.0106904466343,0.9355077320491069,0.01102278690186538,0.013384596215726107
M36,208.54670625000006,244.48886447067787,0.3135818353601204,0.0447997793630619,0.052520835173880426
M48,205.94264166666667,222.56251943273526,-0.024634472081472847,0.042726689142461964,0.046174796562808144
ALL_MODELS,167.08492708333338,207.43062745167666,0.6913449493941916,0.03664109657258249,0.045488757036578974
