Model,MAE,RMSE,R2,MAE / Mean,RMSE / Mean
M24,83.46075000000003,102.44540363296359,0.5707867119611756,0.015739144783367128,0.019319297276500606
M36,457.298475,482.11469513819054,-2.9169677670182868,0.08477942922471428,0.08938015521408185
M48,217.83625000000004,241.7540033175925,-1.9224165750744233,0.03888457504964635,0.043153982340199924
ALL_MODELS,303.9734875,365.31124311400004,-1.5255726042439863,0.05605049056139892,0.0673607246228478
