Model,MAE,RMSE,R2,MAE / Mean,RMSE / Mean
M36,153.68693124999993,191.64249762868846,0.8093353491122495,0.036380986832371634,0.045365881965660826
M48,155.5635479166667,174.74042908073142,0.35406096352910954,0.0395243051401894,0.044396609178740054
ALL_MODELS,154.6252395833333,183.38629236216102,0.7610674770126781,0.037897085217249216,0.044946128898824995
