Model,MAE,RMSE,R2,MAE / Mean,RMSE / Mean
M18,41.44511666666665,55.039400918031724,0.9245740447273477,0.022302804995627694,0.02961827893075543
M24,77.69364583333332,120.98477076550618,0.5984509694752825,0.03941755628369093,0.06138113303820206
M36,97.55916666666667,120.40176626626129,0.5004024724151597,0.04695282498621347,0.05794640578313071
ALL_MODELS,78.56427395833333,108.00442242180264,0.7216350948050645,0.039356134711619244,0.054103937885780315
