Model,MAE,RMSE,R2,MAE / Mean,RMSE / Mean
M12,142.76825416666668,153.48704119512692,-0.35321130891591657,0.027566317237606403,0.029635947390006648
M18,170.51599166666668,197.26557248790905,0.03767409964617907,0.029950992417810827,0.03464953408845266
M24,153.95777500000005,175.98333216409074,0.6328262634251565,0.031170273826998038,0.03562956565553287
M36,120.41440416666664,131.13329153133492,0.3618958339714763,0.023324259299613403,0.025400506821885167
ALL_MODELS,146.91410625,166.31149332745758,0.7668817611120635,0.028018161663478217,0.0317174601233582
