Model,MAE,RMSE,R2,MAE / Mean,RMSE / Mean
M12,289.97182916666645,304.62522614828475,0.5901235253971824,0.033975599146621856,0.035692517453529624
M18,432.29814583333336,464.8213958383204,-0.2815553009203675,0.04798114773809854,0.05159093158393079
M24,155.35170833333328,203.15557765858085,0.7514042114806825,0.017519716747958304,0.02291077590668819
M36,199.60152083333347,261.6885422640855,0.2582620079636099,0.020749857059939546,0.027204200767276487
ALL_MODELS,269.30580104166665,323.49982238058186,0.6706430317852479,0.029897018318652737,0.03591337460382731
