Model,MAE,RMSE,R2,MAE / Mean,RMSE / Mean
M12,197.90882083333338,217.65377197508266,-0.5397562446858895,0.026087116298228758,0.02868977359550726
M18,134.9221708333334,172.90085357667058,0.9069243588987961,0.014626832683629737,0.01874407920138445
M24,111.80574999999983,128.88017319394004,0.8955606152452784,0.012499769414592543,0.014408672604378612
M36,322.7676333333333,375.9873794999896,-0.24222107518993474,0.03804689148436656,0.04432027734501503
ALL_MODELS,191.85109375,242.5100401057097,0.891475563879022,0.022413301919971377,0.028331611987558132
