Model,MAE,RMSE,R2,MAE / Mean,RMSE / Mean
M24,98.14874999999996,105.32573508570128,0.5917769953196602,0.024486429172860417,0.02627696381518343
M36,313.2585875,347.8331058524524,-0.13199585261205038,0.06591824100093377,0.07319367262257499
M48,174.38029583333332,197.60336734023429,0.32569354553390406,0.036390194509899394,0.04123645357383136
ALL_MODELS,224.7615552083333,270.2389407124136,0.5997784032405356,0.04911557204089111,0.059053427302155195
