Model,MAE,RMSE,R2,MAE / Mean,RMSE / Mean
M12,102.20344999999998,149.48585121780195,0.5138781855847595,0.021380915771031087,0.031272372839162565
M18,67.1144916666666,81.93294433023667,0.7997037304601536,0.013002484662576672,0.015873350532173716
M24,152.33765416666662,196.03522714917952,0.7154657063809323,0.029769922320294424,0.038309330127188776
M36,370.16825833333337,390.6531314003096,-3.256280106898445,0.06835768520513373,0.07214055548926956
ALL_MODELS,172.95596354166665,234.57339279915698,0.5160268045005798,0.03379015484992236,0.04582826231629571
