Model,MAE,RMSE,R2,MAE / Mean,RMSE / Mean
M18,389.96766666666684,393.318870919004,-2.8062446997661916,0.048330367516821515,0.04874569665044898
M24,326.7595416666667,372.5888891929918,-1.5575323014651472,0.04017576512054427,0.04581057869769057
M36,239.80481041666667,286.2474390835004,0.7037009053381149,0.031035161098978133,0.03704569299794554
ALL_MODELS,299.0842072916667,338.15580999547836,0.4210596274721705,0.03779203634406027,0.04272909217450456
