Model,MAE,RMSE,R2,MAE / Mean,RMSE / Mean
M12,85.11328333333329,100.39725530331567,0.8152450010755916,0.02025562287425505,0.023892967835231354
M18,85.99321249999997,102.19648459272177,0.47603354510226015,0.020113803017308585,0.02390374659115588
M24,118.65636666666656,134.28116387052694,0.42380085573735826,0.027903005124486794,0.031577302667012676
M36,155.4625541666666,187.49994183764093,-0.11749297755567167,0.03374058436273533,0.04069377117526707
ALL_MODELS,111.30635416666661,135.7492076358934,0.6923774059357515,0.02568015554102898,0.03131951264382683
