Model,MAE,RMSE,R2,MAE / Mean,RMSE / Mean
M18,346.75095833333324,369.4611743263762,0.10732995764073394,0.03755442488458882,0.04001402616362452
M24,507.5289999999998,553.0276766373601,0.5791469089025041,0.04294299977436822,0.04679272985988493
M36,290.7038437500001,362.0400672425134,0.656088671479201,0.02542020221341714,0.03165810124814982
ALL_MODELS,358.92191145833334,419.6686761718906,0.8787871054008768,0.03268584585817115,0.038217855257492606
