Model,MAE,RMSE,R2,MAE / Mean,RMSE / Mean
M36,151.48304375,177.49971810495987,0.8605411929834654,0.032472539501067356,0.03804958274474617
M48,151.62289166666667,178.01173523072973,0.691345220110515,0.031215119685356826,0.036647880537994476
ALL_MODELS,151.55296770833334,177.75591102294692,0.8179314046312771,0.031831126673974065,0.03733460984880446
