Model,MAE,RMSE,R2,MAE / Mean,RMSE / Mean
M24,147.3228874999999,166.23734819363315,0.4299804421725517,0.03246219025147125,0.03662993928191771
M36,487.34378750000013,513.7320411817296,-1.4796988284711534,0.09228466636684264,0.09728161359277196
M48,339.52241666666674,367.74132631090936,-0.8600926512674931,0.06800081782525245,0.0736526064546593
ALL_MODELS,365.38321979166676,415.54475068422255,0.01733471260641517,0.07273856118748072,0.08272445376942869
