Model,MAE,RMSE,R2,MAE / Mean,RMSE / Mean
M36,230.89954583333346,265.61294758570864,0.9457241868951632,0.026334158297039223,0.030293231553231815
M48,108.63126041666669,129.654618805538,0.8883144856624854,0.010953354297693924,0.0130731519699059
ALL_MODELS,169.76540312500006,208.9982752354404,0.9586186312729826,0.0181706349445264,0.0223698780401246
