Model,MAE,RMSE,R2,MAE / Mean,RMSE / Mean
M18,150.71204999999995,163.2557603608496,-0.314338258991542,0.05503787583688373,0.0596186586832074
M24,62.19635000000003,76.41636212478757,0.29232943296529146,0.021384645359081998,0.026273837671660267
M36,102.75241874999995,131.22507483472256,0.49211558142693723,0.03784706600059852,0.048334473568810536
ALL_MODELS,104.60330937499998,129.35604375341617,0.4539517162381932,0.037774291679205534,0.046712986007854174
