Model,MAE,RMSE,R2,MAE / Mean,RMSE / Mean
M12,46.26901666666668,58.3418487180586,0.9152511533557676,0.024898683826991643,0.03139542073215557
M18,75.54546666666667,115.31690452829686,0.6351930346081673,0.038327686291089735,0.05850556407735175
M24,187.61844166666666,198.66948144546717,0.07127249730682994,0.09265298874462437,0.09811040463160173
M36,107.37360416666667,127.3618667608215,-0.6306837187113452,0.050394369915519405,0.059775594537306714
ALL_MODELS,104.20163229166667,134.5291490202414,0.568118905511116,0.05219896106742365,0.06739128416420026
