Model,MAE,RMSE,R2,MAE / Mean,RMSE / Mean
M24,83.80183749999999,120.03603754888049,-0.03627721788703542,0.020858767708614213,0.029877672120191778
M36,165.3336166666667,206.67800653573525,0.05189263461950622,0.034709798415843325,0.04338955433550397
M48,108.10627916666665,130.8088240616546,0.5288071565876615,0.02272154673392358,0.027493119104990065
ALL_MODELS,130.64383750000002,170.99063975405204,0.7894306251531561,0.028552779510529317,0.0373707488136346
