Model,MAE,RMSE,R2,MAE / Mean,RMSE / Mean
M36,247.62245833333327,313.87609044661434,0.9273740756253609,0.03193969392827871,0.04048544840296529
M48,376.61396041666666,422.19914134007286,-0.09985363000168057,0.04329331518016659,0.048533518180285125
ALL_MODELS,312.118209375,372.0015558450973,0.8592458249186603,0.03794303368524224,0.04522282628962058
