Model,MAE,RMSE,R2,MAE / Mean,RMSE / Mean
M18,280.5441958333334,283.98717809609605,-5.2633505270492265,0.06374495337278108,0.06452726413544431
M24,488.48324166666663,511.23232001366557,-3.4540537617743015,0.0931916105595345,0.0975316228036977
M36,539.8178291666667,567.1688443257942,-4.8463684368538,0.119816403555013,0.1258871557474781
ALL_MODELS,462.1657739583333,496.32857017737075,-0.5522110732265222,0.09910542771240428,0.10643119418390559
