Model,MAE,RMSE,R2,MAE / Mean,RMSE / Mean
M36,190.66716666666662,246.2139305987579,0.7672997299077117,0.0311265806425282,0.0401946381229564
M48,346.02447291666664,383.53841223167456,0.0414267387187125,0.05550285782074459,0.06152015140274614
ALL_MODELS,268.34581979166666,322.27551355795237,0.5052935668656733,0.04342201963676204,0.052148580846257515
