Model,MAE,RMSE,R2,MAE / Mean,RMSE / Mean
M36,98.9082729166666,115.81916278990795,0.7796579689649598,0.037616945701178184,0.044048521214141476
M48,70.10633125,82.14262911925283,0.748783472510063,0.027474048643485217,0.03219096689111253
ALL_MODELS,84.5073020833333,100.40291327441231,0.777835322588698,0.032621479581168664,0.03875749792652591
