Model,MAE,RMSE,R2,MAE / Mean,RMSE / Mean
M18,92.53202083333338,107.0233680015589,0.9541952853504844,0.011302368604538728,0.013072421239254573
M24,148.06196666666654,186.42440180686273,0.8900692425731399,0.017090564204673874,0.021518680861311295
M36,717.0391812500001,735.4791134802406,-1.9832069145818596,0.07760811733482458,0.07960394749528517
ALL_MODELS,418.66808749999996,531.0525189703004,0.3383927639365827,0.04740248027163869,0.060126881664210194
