Model,MAE,RMSE,R2,MAE / Mean,RMSE / Mean
M24,92.73226666666672,103.6599587181208,0.5096142111401583,0.028324925865119078,0.031662772316634204
M36,142.59986875000004,169.08167760519683,0.8088037340357881,0.04033942538896748,0.047830743311229655
M48,115.33370833333326,140.31244495240188,0.23247033858082822,0.03471597707348273,0.04223469176950127
ALL_MODELS,123.31642812500002,147.99509844378187,0.7831054511805572,0.03609415371387804,0.04331748748606056
