Model,MAE,RMSE,R2,MAE / Mean,RMSE / Mean
M12,44.66354583333327,53.627262184642696,0.9452265296203161,0.010379730030695923,0.01246288205238087
M18,78.7556166666667,94.40787705401848,0.8277373582964057,0.016326778325803978,0.01957163877459807
M24,148.5500708333333,166.21381936666572,-5.2109682492345515,0.0315309250906518,0.03528019514283167
M36,105.62770833333336,122.91508325520918,0.6679333746954034,0.021275355629222444,0.024757349654861486
ALL_MODELS,94.39923541666666,116.75174724533747,0.8627900116741156,0.020082050679755797,0.02483721922939381
