Model,MAE,RMSE,R2,MAE / Mean,RMSE / Mean
M24,740.6207375,749.8118775731114,-17.78155362700902,0.08723019924424597,0.08831273034182988
M36,373.7434916666668,421.4137314287608,0.45284680904402497,0.045285545228274444,0.05106162654319498
M48,261.8396041666666,294.6337569109635,-0.5641188689300201,0.03121116949682879,0.03512021856167398
ALL_MODELS,437.48683125,501.05038881698476,-0.2964405323119115,0.05241593017987942,0.060031571971647796
