Model,MAE,RMSE,R2,MAE / Mean,RMSE / Mean
M18,204.7101125,220.90425073579297,0.4972390352376097,0.051343324276308916,0.05540497458103283
M24,75.20538333333337,94.27071436032863,0.9486012523909743,0.017055469776144094,0.021379205161706247
M36,125.39236458333335,155.55052284118645,0.5991714411394146,0.026362548727607207,0.03270301386876155
ALL_MODELS,132.67505625000004,162.84777085631362,0.8659734869352844,0.02963239954679442,0.03637134475546233
