Model,MAE,RMSE,R2,MAE / Mean,RMSE / Mean
M36,144.28251666666665,168.80260928901174,0.5985275003696386,0.07143361904467205,0.08357340559532717
M48,100.07389166666668,108.51300796081625,0.3251220250013356,0.04717777603174292,0.05115622367478422
ALL_MODELS,122.17820416666666,141.8967825559884,0.5696003381734037,0.0590087367748492,0.0685322717595545
