Model,MAE,RMSE,R2,MAE / Mean,RMSE / Mean
M24,172.48241666666664,210.3988047741142,0.1288049581655788,0.028668827436233054,0.03497102570469996
M36,329.76795625000005,401.6162110730071,-0.46212042698082545,0.04941469779319259,0.060180934268745184
M48,120.17532916666657,146.8398020208828,0.529714351986784,0.0183766033768716,0.022453999671877587
ALL_MODELS,238.0484145833333,311.61705124286135,0.36385713737120073,0.036760094262229155,0.04812076651489486
