Model,MAE,RMSE,R2,MAE / Mean,RMSE / Mean
M24,22.508087499999988,32.53816419010269,0.9397113079265923,0.010194072578362356,0.014736765499093517
M36,52.69102083333335,69.47215596194219,0.7913495361831503,0.019721846197033738,0.026002896759043253
M48,56.36691666666667,72.75735698560544,0.6172938738397715,0.021521277780429216,0.027779261007246862
ALL_MODELS,46.06426145833334,63.255683603123266,0.9300582315848818,0.018116812922996252,0.02487810180546611
