Model,MAE,RMSE,R2,MAE / Mean,RMSE / Mean
M36,257.92959791666675,317.36181368204814,0.9287468945462165,0.03301269965282408,0.040619495866255434
M48,338.46488333333315,386.1417143438623,0.2792309593399319,0.0370701215491296,0.04229189198283524
ALL_MODELS,298.19724062499995,353.4288785172881,0.8995929897805107,0.03519914310481565,0.04171867468065888
