Model,MAE,RMSE,R2,MAE / Mean,RMSE / Mean
M18,83.69580416666663,110.41122723176562,0.8148743550995412,0.012797442039742351,0.016882343088807886
M24,342.85613749999993,366.09622137198267,-4.206994691877271,0.05234344955248944,0.055891486249801746
M36,310.31857916666655,356.39333731525187,-0.39746368070156235,0.04732044094988482,0.05434637500161096
ALL_MODELS,261.79727499999996,316.3263758237187,-0.46298451040756894,0.039960216173587575,0.04828342983831022
