Model,MAE,RMSE,R2,MAE / Mean,RMSE / Mean
M12,41.941049999999905,52.869147935114235,0.8998956518493942,0.009099404272244852,0.011470331586613227
M18,90.08109583333339,101.37115215757687,0.7383832190291209,0.01712500534674642,0.019271318878227615
M24,49.39482916666668,58.78778982968814,0.9310937448469866,0.010256578879064216,0.012206978213843983
M36,107.87624166666664,132.99676484251717,0.6469031906439082,0.02072616638380992,0.025552550163473152
ALL_MODELS,72.32330416666666,92.48702744814403,0.9257325288165629,0.014544534569008134,0.01859954800743631
