Model,MAE,RMSE,R2,MAE / Mean,RMSE / Mean
M36,248.87930624999998,307.24287341804103,0.7070194591400013,0.03346370122412392,0.041311123348177735
M48,182.1176937500001,212.40593088143603,0.7289915378526153,0.022695384411679956,0.02646988413598287
ALL_MODELS,215.49850000000004,264.1159430437547,0.7889486632407186,0.027875084044879636,0.034163829956762135
