Model,MAE,RMSE,R2,MAE / Mean,RMSE / Mean
M24,30.299316666666652,36.416632314575686,0.6168796449126106,0.015582060512556777,0.01872801867553391
M36,53.03623750000002,65.44559762850426,0.7568554964546095,0.024486504111960766,0.030215829232609095
M48,34.03209166666665,41.25568295140279,0.8544130826025866,0.015984386864456527,0.019377204407876374
ALL_MODELS,42.600970833333335,53.83877548483488,0.8621309537448587,0.02027300315767036,0.025620863657762807
