Model,MAE,RMSE,R2,MAE / Mean,RMSE / Mean
M36,345.61397916666664,432.7721378362815,0.7626664539182226,0.03645580883273963,0.045649363961309274
M48,139.94647916666668,182.07553780843043,0.8348569620209512,0.01344666817465735,0.017494611898856517
ALL_MODELS,242.78022916666666,331.99640416397176,0.8447269089113887,0.024414898943870743,0.033386815249389065
