Model,MAE,RMSE,R2,MAE / Mean,RMSE / Mean
M36,303.73167083333334,347.1653170874162,-0.5105124641310976,0.058230997695383174,0.0665580336873309
M48,427.7681416666666,455.9143276880395,-1.874406551634177,0.0819616586432911,0.08735455228377162
ALL_MODELS,365.74990625000004,405.2046591413056,-1.158868064633261,0.07009990516785292,0.07766183311052506
