Model,MAE,RMSE,R2,MAE / Mean,RMSE / Mean
M36,218.36243541666667,249.9662611825898,0.8011386321667893,0.0372882692793437,0.04268503985102444
M48,79.80059583333336,102.71981993812504,0.8570185339801606,0.013116334001061521,0.016883426154502036
ALL_MODELS,149.08151562499998,191.09486274848354,0.8235846797301398,0.024971516734540046,0.03200885463903996
