Model,MAE,RMSE,R2,MAE / Mean,RMSE / Mean
M24,268.7899499999999,306.38528759057056,-0.16707320156969918,0.05285245133381397,0.06024486221221155
M36,652.5632812499999,691.1882278386223,-5.450978332085488,0.12897675802320696,0.1366108381698518
M48,560.6843583333333,574.1163023961558,-15.970501127028431,0.11217145786617541,0.11485867523742938
ALL_MODELS,533.6502177083333,587.1464480294463,-4.470371599835713,0.10565652918162752,0.11624815986492833
