Model,MAE,RMSE,R2,MAE / Mean,RMSE / Mean
M24,154.9333375,165.8499921566964,-9.230748497675823,0.06737696781909111,0.07212437145322739
M36,205.15458958333332,221.3214617560361,0.39086556214915524,0.0854706919298002,0.09220607013288083
M48,193.20332916666666,213.38424269712272,-2.944433487279179,0.08174890957493697,0.09028793259517542
ALL_MODELS,189.6114614583333,206.76401633109296,0.059592712571229556,0.08014468063560272,0.08739469612406019
