Model,MAE,RMSE,R2,MAE / Mean,RMSE / Mean
M36,256.09392083333336,303.1110474430129,0.3127477319433618,0.0710783795817119,0.08412789345197332
M48,79.10201874999997,97.21403905711418,0.7454702479160717,0.023663313078433196,0.02908151116974529
ALL_MODELS,167.59796979166666,225.0854020941813,0.5048997494234568,0.04825885308250199,0.06481202227080367
