Model,MAE,RMSE,R2,MAE / Mean,RMSE / Mean
M36,354.63168958333335,387.8868879233124,0.07177925636377225,0.08756112805740594,0.09577207695439414
M48,359.13725208333335,395.3442801632624,-0.8822460837173771,0.09115881705930567,0.10034914702327594
ALL_MODELS,356.88447083333335,391.63333468988594,-0.22103283787508343,0.08933511303486219,0.09803342841185118
