Model,MAE,RMSE,R2,MAE / Mean,RMSE / Mean
M36,83.48808958333335,101.0082572748624,0.9105252149000344,0.030036864117766106,0.036340169162800806
M48,153.25687500000004,186.4921792812056,0.006847854157591593,0.05055757917308116,0.06152150185216811
ALL_MODELS,118.3724822916667,149.96999861765377,0.7511401220248632,0.04074185271098269,0.05161719579126262
