Model,MAE,RMSE,R2,MAE / Mean,RMSE / Mean
M12,130.18610000000004,164.26880943412291,-1.3318451612470437,0.022345069657007187,0.02819500691148375
M18,281.5637708333334,350.6467897359779,-0.36362891985185497,0.04101812194603783,0.05108211450219108
M24,218.58367499999997,300.18721817817016,-0.059468599137393996,0.03307447229717802,0.04542211961438027
M36,184.16205416666662,242.8594070516306,0.20733400180800987,0.02786323536828302,0.0367439907786717
ALL_MODELS,203.62390000000002,273.4183929694879,0.6561998842965623,0.031436934255153884,0.04221231419264448
