Model,MAE,RMSE,R2,MAE / Mean,RMSE / Mean
M36,128.24608958333332,170.82450986654828,0.9695068803855527,0.017752985741806726,0.02364707647511829
M48,360.24904166666676,402.4313461880616,-0.1421929870049896,0.04496274936034781,0.05022753057076466
ALL_MODELS,244.24756562500002,309.1375111223822,0.8643904675672591,0.032061726138060416,0.04057965611753443
