Model,MAE,RMSE,R2,MAE / Mean,RMSE / Mean
M36,157.16976041666666,187.9017661537278,0.16239613331441127,0.06818151706311908,0.08151331045639267
M48,101.94387916666665,135.20986874359275,0.07175281733825989,0.048743449979579426,0.06464925140894373
ALL_MODELS,129.55681979166664,163.68992383367674,0.3672167450584286,0.0589349483739818,0.07446197912230067
