Model,MAE,RMSE,R2,MAE / Mean,RMSE / Mean
M24,150.95776250000006,171.15239651991809,-0.04409548169772126,0.022480679448994796,0.02548807096350232
M36,171.36266458333338,224.48162778061544,0.7369384249776634,0.02116693618324383,0.02772825866764165
M48,140.62700416666667,175.21000347915003,0.7802431733876636,0.01795773262248329,0.02237389905237518
ALL_MODELS,158.57752395833336,200.48422043626314,0.9131199815090216,0.020636331386293366,0.026089818452030376
