Model,MAE,RMSE,R2,MAE / Mean,RMSE / Mean
M36,194.45726666666667,241.7998277105104,0.9025615186776644,0.02598899846860643,0.03231627935432131
M48,100.49548749999998,126.1870202285728,0.8644834812428779,0.01255288086458466,0.015762007538758487
ALL_MODELS,147.47637708333332,192.86046867489299,0.9129486495642903,0.019043876802967874,0.02490440217101306
