Model,MAE,RMSE,R2,MAE / Mean,RMSE / Mean
M18,352.6888125,363.06030614602275,0.38917350047456734,0.03876393449379697,0.03990386262887854
M24,474.44637500000005,492.8421089056862,0.7224537314980067,0.040959841293251364,0.04254797934415288
M36,1033.9193541666666,1061.9882992262771,-1.3619228062425042,0.08999292614063942,0.09243606301530517
ALL_MODELS,723.7434739583332,810.9168307533901,0.5922756983147222,0.06630818457280556,0.07429486388693288
