Model,MAE,RMSE,R2,MAE / Mean,RMSE / Mean
M24,96.42164166666662,105.12659015603913,0.6578401266426686,0.018133742379362758,0.019770857145336242
M36,556.5094645833333,590.7450821067298,-1.3811570771531083,0.09121236870859796,0.0968236151783208
M48,413.64911666666666,439.0702957325408,-1.217165672545585,0.07145330147259929,0.07584452847731347
ALL_MODELS,405.77242187499996,474.8141290597486,-0.09430895333200473,0.06963410241467827,0.08148226421624111
