Model,MAE,RMSE,R2,MAE / Mean,RMSE / Mean
M24,57.03264166666668,66.78696452213437,0.3465102551832695,0.03080486564342621,0.036073438099906034
M36,66.75169791666667,77.82970817871781,0.8646327393114687,0.02810277336794927,0.03276666689393713
M48,90.57047916666664,114.6694220950907,0.13077686703221414,0.037443869289602416,0.04740691328950211
ALL_MODELS,70.27662916666667,86.20397604529569,0.9099532118572418,0.031162067261280655,0.0382245724014817
