Model,MAE,RMSE,R2,MAE / Mean,RMSE / Mean
M18,228.97489583333325,259.0013159826823,-2.4263299766578608,0.03498849187905489,0.03957667677036841
M24,168.35031666666669,215.64623111621967,0.3497587774907496,0.02157945458623968,0.027641932270790946
M36,532.8330020833333,548.7805775922245,-3.1573047829547143,0.06868008824011193,0.07073566829781112
ALL_MODELS,365.74780416666664,423.055913373251,0.4769735498039508,0.04899159915723674,0.05666797036910253
