Model,MAE,RMSE,R2,MAE / Mean,RMSE / Mean
M24,76.27439583333332,81.68402313706815,0.1378089313239762,0.033471421257610934,0.03584532291034422
M36,64.43244166666663,79.49274845936156,0.7623280822838615,0.027102584280493884,0.03343748675479004
M48,33.72135416666671,50.60104247300234,0.5601234757611,0.013955829352830629,0.02094161196309869
ALL_MODELS,59.71515833333333,73.94413305066591,0.7162437016547039,0.025276814744593135,0.031299793967521014
