Model,MAE,RMSE,R2,MAE / Mean,RMSE / Mean
M36,94.76614791666672,111.31416035765157,0.730954775916804,0.032886832325978214,0.038629512834142656
M48,150.2022875,185.16924988639107,-0.5457919382432264,0.05012730344578247,0.06179689625487925
ALL_MODELS,122.48421770833336,152.77187797434726,0.37620198718930753,0.04167547387149825,0.05198090438051965
