Model,MAE,RMSE,R2,MAE / Mean,RMSE / Mean
M24,298.4322458333333,323.4650683373624,-0.638839538957606,0.07774541280420293,0.08426678288536024
M36,269.09164583333325,295.7970543504905,0.1669073869379074,0.05759923922834742,0.06331554903464741
M48,328.9130083333334,390.78311439599605,-2.8344900597486338,0.07155727365024113,0.08501753821298728
ALL_MODELS,291.38213645833326,328.7601282304405,0.4644588029372291,0.06555770281798408,0.07396733048532485
