Model,MAE,RMSE,R2,MAE / Mean,RMSE / Mean
M36,341.59183125,398.95462657484177,0.6967867063400808,0.055602153699031494,0.06493930602666913
M48,312.9376395833333,349.7750624954524,0.3204006977134015,0.05554366541436791,0.06208198242756777
ALL_MODELS,327.2647354166666,375.1715530321889,0.6627447033476916,0.05557417445571034,0.06370942873660083
