Model,MAE,RMSE,R2,MAE / Mean,RMSE / Mean
M12,102.37598333333328,107.94729643991393,0.7356633855002177,0.025664573410211403,0.027061242526927532
M18,143.35424166666667,167.63089508752552,0.6366009708652051,0.03409171513788286,0.039865054965869784
M24,319.56529583333327,330.9740716488459,-1.132708937126036,0.07190870828918869,0.07447591550083259
M36,273.02045,305.1883189518864,-2.520838377597948,0.06019466997381838,0.06728693817321459
ALL_MODELS,209.5789927083333,246.18919651612728,0.36380575040729213,0.048814153728949664,0.05734123029147947
