Model,MAE,RMSE,R2,MAE / Mean,RMSE / Mean
M18,41.78063749999999,53.48676259968052,0.6650158587117678,0.014511994732043357,0.01857797447634966
M24,199.1400708333333,221.11659683789284,-0.8428500613291121,0.057870629760131735,0.06425706617396719
M36,133.57041458333333,179.39621330580727,0.11239429725961836,0.045928435115870914,0.0616857211123518
ALL_MODELS,127.015384375,170.38147336747855,0.6470395315632509,0.04186184688906512,0.05615448227739707
