Model,MAE,RMSE,R2,MAE / Mean,RMSE / Mean
M12,285.55349999999993,302.3921814881573,0.48689905074246553,0.030587371014389256,0.03239106453616852
M18,175.3425208333333,220.59855486789144,0.9480677374405363,0.014486129087779688,0.01822500969648673
M24,751.408125,764.2935815596048,-4.138413668811031,0.05980445769468009,0.06083000921063624
M36,953.9231874999999,1017.7444167725805,-0.6673421060927291,0.07846672024786731,0.08371645377864657
ALL_MODELS,541.5568333333333,663.3349701545851,0.7918999432385497,0.04692735526067566,0.05747975814408011
