Model,MAE,RMSE,R2,MAE / Mean,RMSE / Mean
M24,37.514158333333306,44.02803756141264,0.3664673279638877,0.016339808714905344,0.019177018592655366
M36,105.99917916666668,124.12789605946091,0.6406917972681022,0.039500346251785605,0.04625597021034504
M48,69.56682500000001,85.07775555501176,0.45582196341571457,0.025902598631645905,0.031677957914893376
ALL_MODELS,79.76983541666665,99.99020169757155,0.8142023868925866,0.030833142217533794,0.03864884631135851
