Model,MAE,RMSE,R2,MAE / Mean,RMSE / Mean
M24,52.40868333333329,61.225861060121716,0.7108142398154741,0.02824187529469877,0.03299325651577163
M36,139.280075,155.9756839749536,0.07358407512534737,0.05939343295250618,0.06651296912632836
M48,128.9988708333333,138.27607976983492,-0.5818547838849824,0.05812068971990688,0.0623005540751678
ALL_MODELS,114.99192604166667,133.72145329188606,0.6998016006759911,0.05247602951033195,0.061023161978927605
