Model,MAE,RMSE,R2,MAE / Mean,RMSE / Mean
M12,54.75230416666668,70.58716602267666,-0.1715162276722242,0.02551860993513808,0.03289882286371693
M18,128.09573749999993,147.56831586973954,0.25213724760061984,0.05197108733137232,0.059871514705239694
M24,66.82294583333334,78.14348259749231,0.48647735429211747,0.03322940347678346,0.03885882730745738
M36,143.24927916666664,165.27351128853422,-0.878021043706771,0.06595523730959597,0.07609569640725974
ALL_MODELS,98.23006666666664,122.6587677887826,0.6446893051904901,0.044684516933049645,0.05579704842147647
