Model,MAE,RMSE,R2,MAE / Mean,RMSE / Mean
M24,44.19047916666667,65.77057599260918,0.9009520913515575,0.011307094043519516,0.016828830600366967
M36,187.66396666666665,234.4710128776636,0.5385932166985676,0.04221871935958605,0.05274888976541208
M48,73.33995416666666,90.9495945517557,0.754508667341455,0.016698849211619828,0.020708406250518344
ALL_MODELS,123.21459166666666,175.03635991936312,0.7641747177470407,0.02867087804345982,0.04072931671920512
