Model,MAE,RMSE,R2,MAE / Mean,RMSE / Mean
M12,107.11908750000002,136.90475616799108,0.4580601858694968,0.01639441946777372,0.020953072436799156
M18,743.8554124999999,770.4002258759909,-4.973159455770039,0.09662708260038862,0.10007526329732451
M24,381.4642999999999,411.7328671446137,-0.027190686123622854,0.052677222276564024,0.056857073548281775
M36,289.2879541666666,333.3485918436827,0.17507983204719813,0.04005648769962152,0.04615737909771292
ALL_MODELS,380.4316885416666,472.46816238305547,0.2063852787007482,0.05302992195384022,0.06585926075951376
