Model,MAE,RMSE,R2,MAE / Mean,RMSE / Mean
M36,122.94097708333338,142.19648073903403,0.41279693203123613,0.04930705452783211,0.05702972105641311
M48,94.21744374999999,145.24907568581904,0.5169797242038399,0.03496360410369007,0.0539011777074019
ALL_MODELS,108.57921041666668,143.7308824194565,0.5800411485491139,0.041856989346622284,0.05540786298892025
