Model,MAE,RMSE,R2,MAE / Mean,RMSE / Mean
M12,57.48810416666669,74.23255711020326,0.8150614986981672,0.01917921682559983,0.02476551156057825
M18,65.22592916666669,76.96618829195121,0.7695461993756433,0.018392065935098817,0.021702522722546577
M24,133.36134166666665,170.98395213812705,0.3919019743248301,0.04066927827191867,0.05214250128735768
M36,201.66350416666668,229.86593930149903,-2.917809709143019,0.062164276815186825,0.0708578874505308
ALL_MODELS,114.43471979166668,152.89549422321562,0.6517239770084922,0.03503003134476371,0.04680339991973668
