Model,MAE,RMSE,R2,MAE / Mean,RMSE / Mean
M18,55.87485416666675,70.46018634283539,0.54803349360408,0.009512435005284715,0.011995520221801687
M24,267.8493958333333,314.3178486408444,-2.556917885597131,0.040591698396761945,0.04763384017743763
M36,199.54329374999998,272.44313455075775,0.1270706796942952,0.03280219901025702,0.04478593968539314
ALL_MODELS,180.702709375,251.1030022527411,0.4903461726791718,0.02933609561416118,0.04076519775806125
