Model,MAE,RMSE,R2,MAE / Mean,RMSE / Mean
M24,66.49030416666668,78.4318667993889,0.8830394512078932,0.031206948274176204,0.036811671129076635
M36,243.1032333333333,255.1050084488673,-0.7772706254623327,0.11503307570977915,0.12071214910829682
M48,202.63012916666662,218.46147857753147,-1.8072424774537494,0.09085025126566905,0.09794831747017047
ALL_MODELS,188.83172499999998,214.49598249344416,-0.20823376464839027,0.08795484609711601,0.09990885339134922
