Model,MAE,RMSE,R2,MAE / Mean,RMSE / Mean
M36,639.1723770833333,696.430384742516,0.6458179436467393,0.07145000314395837,0.0778506001878009
M48,246.1266458333334,285.7450458307962,0.6539476293870203,0.026580687619386187,0.03085931544022584
ALL_MODELS,442.6495114583334,532.2901051163044,0.6575215138650969,0.048628553331441345,0.05847628223776598
