Model,MAE,RMSE,R2,MAE / Mean,RMSE / Mean
M18,258.6457,281.7681197704787,-0.4492628487254988,0.06620976801237266,0.07212879179234695
M24,280.05221249999994,348.5197201891229,-0.1481957646748544,0.06358199886481883,0.07912660377011588
M36,409.39970833333336,537.1203656989027,-0.360666927392421,0.1020416761865199,0.13387567532218989
ALL_MODELS,339.3743322916667,440.9806807493785,-0.06663249104072433,0.0831025415449757,0.10798287276190319
