Model,MAE,RMSE,R2,MAE / Mean,RMSE / Mean
M36,225.1701958333333,276.7630899883087,0.5627780034214593,0.04410939595398133,0.054216112734465506
M48,94.25073750000001,115.37002295471949,0.6786837754155579,0.018310224747750705,0.022413098353252368
ALL_MODELS,159.71046666666666,212.02364275765234,0.5866763908094914,0.031156178724995324,0.041361387550567404
