Model,MAE,RMSE,R2,MAE / Mean,RMSE / Mean
M18,321.89170416666667,330.4915162481047,-1.135602092284787,0.04267941494945031,0.0438196585269019
M24,286.70497916666653,342.42846484565143,0.6137828779922139,0.03584745767126854,0.042814707769187985
M36,277.8390937499999,337.46024420453125,0.3125521953159206,0.034294330855257564,0.04165350926338534
ALL_MODELS,291.0687177083333,336.98691691432344,0.4952394081556938,0.03667792047380213,0.042464128184605175
