Model,MAE,RMSE,R2,MAE / Mean,RMSE / Mean
M24,162.3270541666666,207.9044908896621,-0.3002465704746302,0.024285309188380493,0.03110402556633768
M36,319.3143291666667,382.5045424734718,0.27304271441441264,0.040193236393197586,0.048147214493100936
M48,272.6295708333333,287.78635657035073,0.3752273765362417,0.03495549673048978,0.03689884048683872
ALL_MODELS,268.39632083333333,323.5215272535225,0.7513805345490865,0.03534732920038577,0.042607223123386405
