Model,MAE,RMSE,R2,MAE / Mean,RMSE / Mean
M18,342.2339958333334,367.0928714050817,0.06392841179710018,0.050944419359040365,0.05464487284215399
M24,187.03757499999986,233.96780881795817,0.8716612191083114,0.021283696208773475,0.026624060783047566
M36,351.6465687500001,387.1734006013679,0.07506497155966485,0.04042321138620265,0.04450716601972818
ALL_MODELS,308.14117708333333,349.75155327244767,0.8755797478546347,0.03745956086732439,0.04251797738381241
