Model,MAE,RMSE,R2,MAE / Mean,RMSE / Mean
M18,104.98977500000001,139.0869271770595,0.4093036457121324,0.01610797614253112,0.0213393057057798
M24,576.2030666666667,597.7881688580329,-3.128666431359745,0.07583656574408697,0.07867747395184446
M36,163.11316458333334,229.27000074107448,0.470751933897147,0.02263142469808125,0.03181047201527248
ALL_MODELS,251.85479270833335,347.06819741148183,0.4783014626404525,0.03531014978079079,0.04865910989012121
