Model,MAE,RMSE,R2,MAE / Mean,RMSE / Mean
M18,196.67902500000002,245.66105175371723,-0.5121921606860491,0.04549332677962182,0.05682323524055218
M24,186.6905375,213.16561780164912,0.2672275549873605,0.036417355365183604,0.04158179712306825
M36,796.5573520833335,844.6165238781535,-3.649451251401463,0.18944320086014263,0.2008729909583523
ALL_MODELS,494.12106666666676,618.9796195710995,-0.5297424758457991,0.11067083447070711,0.1386360461828
