Model,MAE,RMSE,R2,MAE / Mean,RMSE / Mean
M36,155.51733958333332,182.54250491953974,0.7612216568297734,0.03151500130875685,0.036991548960753795
M48,116.79580625,135.80700826839794,0.7902683625472126,0.02331079135793229,0.02710515844989605
ALL_MODELS,136.15657291666665,160.88087145013992,0.7752778849199529,0.02738168567382542,0.03235385085430286
