Model,MAE,RMSE,R2,MAE / Mean,RMSE / Mean
M36,198.45255833333331,210.6617776692041,0.6191204488178418,0.07617896740347396,0.08086565791338886
M48,115.52543750000001,124.92785877615029,0.4417788815914566,0.045010641406516345,0.048673981893011364
ALL_MODELS,156.98899791666668,173.18394046380706,0.586916009602718,0.06071069279171132,0.06697359143305918
