Model,MAE,RMSE,R2,MAE / Mean,RMSE / Mean
M36,226.05752708333333,267.01795389030684,0.7693038148528405,0.04479528258266936,0.05291195057067551
M48,141.31077916666663,172.87788139037622,0.739560544017735,0.02679914579892691,0.03278574766986456
ALL_MODELS,183.68415312499997,224.92815472255916,0.7748758306496931,0.03559971635186097,0.043593191744861384
