Model,MAE,RMSE,R2,MAE / Mean,RMSE / Mean
M24,103.69769583333338,123.97701907570922,0.5841771072909757,0.03279064929247149,0.039203252494361136
M36,105.4742895833333,124.63450975299484,0.6560102270509025,0.029343073659562867,0.03467346985367633
M48,159.17359583333328,189.5360348704732,0.06470464924967101,0.04615176625510425,0.05495523759745037
ALL_MODELS,118.45496770833331,143.49366868964876,0.7161563474859436,0.034333840264002484,0.04159123753945781
