Model,MAE,RMSE,R2,MAE / Mean,RMSE / Mean
M12,51.13943750000001,68.02585645439352,-0.16895903733492523,0.021366337064568357,0.02842157538612963
M18,74.87790416666665,89.31311421953244,0.6081234429490228,0.026064130939258565,0.03108886031891829
M24,310.4890291666666,320.9793596990434,-25.04040934636875,0.10882737283308748,0.11250426639371786
M36,58.157370833333324,68.15167829487338,0.8154635562932865,0.021192124561589965,0.0248339777883935
ALL_MODELS,123.66593541666664,173.40469293329463,0.40353856676800537,0.04553394853620836,0.06384781983299115
