Model,MAE,RMSE,R2,MAE / Mean,RMSE / Mean
M12,273.0343250000001,314.91425034708266,-3.2981429476075323,0.04985676200041087,0.0575041428585666
M18,192.4805125,236.058535938286,0.45309068181245227,0.030148291750148475,0.036973933200538184
M24,301.2100875000001,321.4305846829783,-2.781750024612654,0.04589751434884195,0.048978654716016604
M36,145.8511083333333,199.45261188899806,0.6574176780511591,0.02286246701674634,0.031264615077827115
ALL_MODELS,228.14400833333335,272.94394233064446,0.6989375118182015,0.03679296993643242,0.04401789175997169
