Model,MAE,RMSE,R2,MAE / Mean,RMSE / Mean
M24,31.146075000000007,39.23215392917524,0.7797498041086468,0.015691376632100427,0.019765139054960447
M36,103.87944375,140.44371772224645,0.5740831332232228,0.04928841583962674,0.06663732603166965
M48,196.73497083333334,221.4753011263004,-1.989058037155889,0.09354782358884949,0.10531189402316506
ALL_MODELS,108.90998333333333,150.03278525559003,0.2912623169323111,0.0524669848199724,0.07227774374375433
