Model,MAE,RMSE,R2,MAE / Mean,RMSE / Mean
M12,60.38607083333333,76.42619038488216,0.9057821644926758,0.011774893769143896,0.01490261347598063
M18,107.53937499999995,130.9512135226289,0.8269810733013393,0.019633378214929588,0.02390765896485614
M24,171.9429041666667,206.41280493881575,0.7687443730016,0.03466882046542889,0.04161898108486582
M36,137.4122,181.50862560247657,0.012994874500290465,0.0247909673151517,0.032746542190061026
ALL_MODELS,119.32013749999999,156.95605285445748,0.8390866116535359,0.022611179717171075,0.02974318998576364
