Model,MAE,RMSE,R2,MAE / Mean,RMSE / Mean
M36,206.58430833333333,216.2768376575601,0.6855577963125317,0.06566309613678202,0.06874387942550284
M48,128.51924791666664,150.0476387511514,0.36673532241085294,0.03971060850869343,0.04636257320743411
ALL_MODELS,167.551778125,186.13162600959387,0.6321891201362777,0.052503323530083794,0.05832542685564093
