Model,MAE,RMSE,R2,MAE / Mean,RMSE / Mean
M24,229.87866666666673,272.2907147719572,0.7056486098083734,0.03341644205668047,0.039581693354534334
M36,164.1706229166667,204.16753849287247,0.7922025876614087,0.021565278275695043,0.026819230531258988
M48,227.92326666666668,263.7724756762792,0.02233809340221493,0.02829572783091335,0.03274625837974509
ALL_MODELS,196.5357947916667,238.26818913982925,0.8419433412536872,0.02606600735252469,0.03160086118956114
