Model,MAE,RMSE,R2,MAE / Mean,RMSE / Mean
M36,311.3903041666667,369.77463864666277,0.7305269174110816,0.04979240724762727,0.05912826812836194
M48,359.80405833333333,385.74948919234055,0.3578692024347919,0.06472872514663719,0.06939630635920899
ALL_MODELS,335.59718125,377.846497799319,0.7088571700476382,0.05682108762672047,0.0639744615283611
