Model,MAE,RMSE,R2,MAE / Mean,RMSE / Mean
M12,182.85611249999997,194.67417600694472,-0.8107365969348621,0.041264743161794425,0.043931699976179565
M18,212.65717499999997,238.76534635106003,-2.0788852554362323,0.04157148023556051,0.04667525973092539
M24,209.50110416666664,258.2705472469333,0.03111870604733913,0.04464991119793979,0.05504389604765473
M36,96.1402875,125.35504339180801,0.5238693022033699,0.020309183008837096,0.02648066261841524
ALL_MODELS,175.28866979166662,210.54957130158033,0.5331831583006893,0.03695604268421236,0.04439008495764018
