Model,MAE,RMSE,R2,MAE / Mean,RMSE / Mean
M18,80.72045833333323,89.4953174755063,0.9563243358639144,0.009001068629227463,0.00997954559753635
M24,152.22324999999992,192.0606156597008,0.9292896370653372,0.013633255465082426,0.01720112688482024
M36,694.5545729166666,721.8014230776652,-0.6081671773722215,0.06611145714971275,0.06870495957144344
ALL_MODELS,405.5132135416666,521.2703906446995,0.7255841627385753,0.03942276264276209,0.05067632372224623
