Model,MAE,RMSE,R2,MAE / Mean,RMSE / Mean
M36,88.74021041666667,107.35211836883545,0.8402498184303143,0.04283733192537839,0.05182181004378842
M48,132.65526458333332,145.39265338111068,-0.9900549576825228,0.06338927526132403,0.06947583237723556
ALL_MODELS,110.69773750000002,127.7957373613773,0.6063999468480832,0.05316548415338821,0.06137724584982476
