Model,MAE,RMSE,R2,MAE / Mean,RMSE / Mean
M18,149.1744458333334,183.42844194590236,-0.12024178548280684,0.03691941777608202,0.04539699304653519
M24,285.7785416666667,310.91635725803195,-0.5159115357563466,0.05904159528954006,0.06423504587527237
M36,427.71031875,474.1683936669772,-2.0988509996413267,0.09692877113962778,0.10745721507424202
ALL_MODELS,322.59340625,380.78415986971817,-0.036642095360170934,0.07287741736597121,0.08602335202000477
