Model,MAE,RMSE,R2,MAE / Mean,RMSE / Mean
M12,208.4665375,217.84804117254055,-1.0573142975261844,0.026817877702854813,0.0280247477414531
M18,190.40116666666654,225.922708383863,0.43160336869466753,0.021337050111129775,0.02531772380611453
M24,118.5946541666669,140.64270027276737,0.8709958339485412,0.01432317001982712,0.016986004320426018
M36,224.07129166666633,273.0216464749175,-0.31989092637752203,0.02676636653675965,0.03261371596361619
ALL_MODELS,185.38341249999993,219.55638671540805,0.8049803351683423,0.022236086646334065,0.026335014405670435
