Model,MAE,RMSE,R2,MAE / Mean,RMSE / Mean
M18,98.4130416666667,123.52911742203067,-3.285131585928429,0.04677981778570015,0.05871853472229622
M24,60.23749166666662,75.32537409376624,0.7898442472307134,0.024414830952139678,0.030530093867166378
M36,69.72439791666663,83.88955472850519,0.5553226487031775,0.031869457696519526,0.03834403301402894
ALL_MODELS,74.52483229166664,93.55248475925882,0.7459866123765645,0.03331975232746053,0.041826939101285154
