Model,MAE,RMSE,R2,MAE / Mean,RMSE / Mean
M12,35.83006250000002,42.38354109636291,0.9112716444716054,0.012894116147606131,0.015252507629405916
M18,120.53542083333336,132.92923957218903,0.5544851626879541,0.03559642294630114,0.03925655546749689
M24,166.9928791666667,171.33037098551858,0.2747948835646926,0.05135148179942856,0.052685290961247015
M36,105.04299999999999,130.13321161024123,0.011550369493480872,0.0342080681710246,0.04237889030280458
ALL_MODELS,107.10034062500002,128.21397747041738,0.7974351197459224,0.03430607201129118,0.04106913123045171
