Model,MAE,RMSE,R2,MAE / Mean,RMSE / Mean
M36,70.67784791666669,90.6685905906287,0.9062298044737338,0.027523419600843757,0.03530822933920313
M48,87.49125,107.22195828443911,0.40165205515800395,0.03356817418828833,0.04113834666325418
ALL_MODELS,79.08454895833334,99.29083960275753,0.8167923484350021,0.030568260953592684,0.03837852444321977
