Model,MAE,RMSE,R2,MAE / Mean,RMSE / Mean
M24,83.92612916666667,105.13344023431004,0.3167498883435973,0.019662313917279215,0.0246307881182675
M36,104.51833541666663,123.6771977682485,0.6920859101267636,0.021480876125557154,0.025418454611095345
M48,99.59760000000001,120.91434992985744,0.5994617389381116,0.020692559536691572,0.025121362209169027
ALL_MODELS,98.1401,118.601663953414,0.8614095412189123,0.020866582061487147,0.02521712687793099
