Model,MAE,RMSE,R2,MAE / Mean,RMSE / Mean
M24,115.67838333333334,131.6084253486867,0.7988639487949319,0.031267596941131424,0.035573450106074725
M36,220.99968750000002,277.39854558784117,0.5936824538896321,0.053754592304690874,0.06747270049415163
M48,60.80338333333324,81.37807507048497,0.8080232075998489,0.01369741216666508,0.0183323521564493
ALL_MODELS,154.62028541666666,210.8572235621995,0.7703785048763911,0.03780167876761343,0.051550525918702905
