Model,MAE,RMSE,R2,MAE / Mean,RMSE / Mean
M24,136.4990916666667,155.42406970341932,0.8734939903503149,0.021812806786251717,0.024837053206570942
M36,280.07931249999996,314.1867019784421,0.6996103043246188,0.0334479638346785,0.037521176952731355
M48,251.22933333333347,275.15691232943203,0.7479288707998792,0.02939357480622046,0.03219307705311933
ALL_MODELS,236.97176249999998,272.62361198455505,0.936910046355199,0.03004205914046653,0.034561816935161645
