Model,MAE,RMSE,R2,MAE / Mean,RMSE / Mean
M18,88.95029999999997,104.57108479077759,0.8117737847371645,0.029995042994436005,0.035262547560538725
M24,201.52857916666667,208.3530469094695,-1.8369724025166132,0.06679675040395532,0.06905872371980373
M36,228.6293125,263.2916906797787,0.15792471263441255,0.07754143732291366,0.08929745668762412
ALL_MODELS,186.93437604166664,219.65378023881817,0.19988315811792,0.062943516491996,0.07396061458439099
