Model,MAE,RMSE,R2,MAE / Mean,RMSE / Mean
M36,74.64851874999998,101.17543748479768,0.9312724889474985,0.02853127657541445,0.03867008264671451
M48,141.23257708333335,151.51958788273538,0.18275397984730368,0.04722082778989016,0.05066026913878435
ALL_MODELS,107.94054791666667,128.83061488325313,0.8656999660976985,0.03850020843473318,0.0459512724505471
