Model,MAE,RMSE,R2,MAE / Mean,RMSE / Mean
M36,267.02221875000004,337.7032886017495,0.8115926457861494,0.03733216777106241,0.04721403292182036
M48,511.9667916666667,551.1330749721809,-1.6076505689361422,0.06198160810534733,0.0667233008524151
ALL_MODELS,389.49450520833335,457.05096951036444,0.6870304191325776,0.05054240379884402,0.05930880756659194
