Model,MAE,RMSE,R2,MAE / Mean,RMSE / Mean
M18,89.30175000000001,94.181280795447,-0.14501942780420407,0.04394500830411516,0.04634620448813286
M24,93.08889583333335,107.113002992632,0.34351664868470444,0.03914587713765069,0.0450433149674651
M36,63.51777499999998,80.45229926606613,0.6394332894984845,0.03112281496906963,0.03942049330119
ALL_MODELS,77.35654895833333,91.22561862871054,0.774922823606897,0.03643791222001423,0.042970777892378555
