Model,MAE,RMSE,R2,MAE / Mean,RMSE / Mean
M36,126.52683750000001,162.13367906018684,0.6867278470055105,0.029728468075108185,0.03809457342866568
M48,84.34415624999998,97.71865470884276,0.7850444968027792,0.01918802371653901,0.022230679011642395
ALL_MODELS,105.435496875,133.85862946350846,0.7404612038284136,0.024373218568497702,0.030943711841768074
