Model,MAE,RMSE,R2,MAE / Mean,RMSE / Mean
M18,220.1357791666667,227.09712913514844,-2.0717402784556085,0.06095762942622101,0.06288529149592785
M24,258.8240916666667,276.0811670186385,-0.6401391981342717,0.05970452509563446,0.06368531947143773
M36,386.00237500000003,438.6359567510213,-5.59974721793079,0.09657000343997249,0.10973786327698566
ALL_MODELS,312.7411552083334,357.9793715961742,-0.33461807640887864,0.07847651022675294,0.08982818969674632
