Model,MAE,RMSE,R2,MAE / Mean,RMSE / Mean
M18,87.4875750000001,98.74037148142607,0.8006889773896904,0.013841601898546442,0.015621931609837013
M24,132.36829999999995,161.43649078889342,0.6350899183276736,0.019335012324640143,0.0235809974068558
M36,197.826225,250.35185010162945,0.2006327833241648,0.030012038116910823,0.03798065331272053
ALL_MODELS,153.87708125,200.72586979332036,0.6118876994600968,0.023359134401758394,0.030470961187483697
