Model,MAE,RMSE,R2,MAE / Mean,RMSE / Mean
M24,189.38699166666666,212.53105993654785,-0.9714728453970198,0.04271365152753893,0.047933480293546354
M36,627.6782854166667,771.5918622602054,-0.7283721916606796,0.1324134313992634,0.16277307737959978
M48,458.688975,499.9465873536592,-4.420209290348427,0.10131362071821678,0.11042645821281286
ALL_MODELS,475.858134375,609.4719118746708,-0.7907210172222678,0.1032125278747416,0.13219304693794331
