Model,MAE,RMSE,R2,MAE / Mean,RMSE / Mean
M36,472.645,513.9811849911289,-0.5876690371385602,0.10777755608129293,0.11720347404523647
M48,245.9987583333333,275.3184108153389,-0.04867091617884456,0.05720042241717571,0.06401792230399633
ALL_MODELS,359.32187916666663,412.29654731683644,-0.4033294824431215,0.08273567058180169,0.09493335446182995
