Model,MAE,RMSE,R2,MAE / Mean,RMSE / Mean
M12,68.78669166666664,98.52132909082009,0.7869408159304158,0.009403137263836594,0.013467860692383432
M18,113.14016250000005,144.67449899345164,0.7980810753143535,0.013355190119959282,0.01707753813388242
M24,333.01984166666676,354.24182317802234,-0.5897805221388817,0.04123425148712023,0.043861940330868314
M36,126.7997375000001,160.4112285184409,0.800141132416348,0.01564358592115478,0.019790315701925028
ALL_MODELS,160.4366083333334,213.22300208239298,0.8292223015898391,0.020074179732812,0.02667892890180479
