Model,MAE,RMSE,R2,MAE / Mean,RMSE / Mean
M12,72.55985833333334,79.6406148367674,0.4920558211557231,0.025440630524024486,0.027923255410182722
M18,97.30485833333337,129.27168575656856,0.7090013170025218,0.028619426708660654,0.03802154999641718
M24,147.50525000000005,174.6404542833361,0.5194305259765502,0.05578163998487333,0.0660432828501208
M36,315.49169166666667,329.0260420360029,-5.529704512093574,0.11293946571603299,0.117784481733575
ALL_MODELS,158.21541458333334,201.1288274216869,0.6607059597111905,0.05413758986587396,0.06882154939096848
