Model,MAE,RMSE,R2,MAE / Mean,RMSE / Mean
M18,205.20768333333334,216.05716083751423,-1.1424144612475367,0.09602231234158705,0.10109908091441491
M24,148.8015541666667,171.57659160410336,0.26151518032850574,0.0522378015066189,0.060233133891588984
M36,222.9675895833333,243.50729498512075,-0.47661326803573045,0.0862613387603772,0.09420770661147575
ALL_MODELS,199.98610416666665,220.6302500551488,0.5174597934558588,0.0787718371114986,0.08690328856413697
