Model,MAE,RMSE,R2,MAE / Mean,RMSE / Mean
M24,34.43192083333336,46.030950234801274,0.9499836045883936,0.011670189238808087,0.015601508341127392
M36,203.6515520833333,241.97632132592238,-0.5281840777056648,0.06565433877359124,0.07800969456406928
M48,82.59192083333335,99.35649873536833,0.15556609384238396,0.02739821556919335,0.032959528523923816
ALL_MODELS,131.08173645833335,179.64941023095656,0.12178225378061613,0.04308828240563196,0.059053112441009116
