Model,MAE,RMSE,R2,MAE / Mean,RMSE / Mean
M12,163.10949166666663,182.41853762364264,-0.9420554214295613,0.062323920969256964,0.06970188188322783
M18,141.57899166666664,177.7096113878528,0.3522974667439259,0.04323077647298311,0.054263167130732794
M24,237.98457500000004,253.01570544971446,-0.8966407725380854,0.0753672252718252,0.08012742703991803
M36,112.57519583333332,143.20430179216714,0.16132195449369358,0.0377410278258926,0.04800948822445118
ALL_MODELS,163.81206354166667,193.2496106751374,0.5975504800471849,0.05445615758599913,0.06424210174045886
