Model,MAE,RMSE,R2,MAE / Mean,RMSE / Mean
M24,669.9836,675.1975457607227,-13.795302037499436,0.1581595443949364,0.15939037345704452
M36,594.7436645833333,709.6913282858543,-0.45587085281668216,0.11912990965426586,0.142154458896743
M48,289.7192833333334,355.5565590237357,-0.5351668372551202,0.06024626821702741,0.07393693500415596
ALL_MODELS,537.297553125,630.4037903110956,-0.33594615768865355,0.11293794195955476,0.13250852580129704
