Model,MAE,RMSE,R2,MAE / Mean,RMSE / Mean
M36,90.92313124999998,105.96934482003019,0.8072287542225179,0.042141190954385684,0.04911483287012329
M48,180.02661458333333,200.9140684571231,-1.9505045930809497,0.07996000277597852,0.08923730254410946
ALL_MODELS,135.47487291666667,160.61750363142247,0.32413340633899645,0.06145320600659629,0.0728582380364996
