Model,MAE,RMSE,R2,MAE / Mean,RMSE / Mean
M24,97.92839583333331,108.35504175407382,0.47950266221992155,0.03035598134945236,0.03358804766090323
M36,369.1964270833334,410.78952276391067,-2.5349140592366477,0.08901348907763944,0.0990416104148825
M48,446.07020416666666,454.95425789279665,-4.147411271015853,0.11068510680093463,0.11288954104988647
ALL_MODELS,320.59786354166664,372.90087686727,0.2598597963464635,0.08246161218327425,0.09591457395047576
