Model,MAE,RMSE,R2,MAE / Mean,RMSE / Mean
M12,192.77722500000004,201.92786357813944,0.18133449428235326,0.04666364158993032,0.04887864452364973
M18,130.69702499999997,151.82923526359855,0.5806507519014626,0.026717618800201008,0.031037551394141247
M24,119.17456666666668,135.79517776812503,0.7369229535697885,0.026776539314903064,0.030510913678861988
M36,171.89742083333329,221.82720045586439,0.14743370499845843,0.03579052564002463,0.046186336403896494
ALL_MODELS,153.636559375,181.2971427912777,0.7798244848625263,0.03362478786607635,0.039678563434911385
