Model,MAE,RMSE,R2,MAE / Mean,RMSE / Mean
M12,58.83474999999995,87.48492314373848,0.8596565096869013,0.020999286160435424,0.03122509972115231
M18,105.85601249999998,127.41616413661801,0.2885311109978904,0.03591230651795937,0.04322672122017489
M24,153.66434166666673,174.56155977592127,0.5797305967305466,0.05700773202250667,0.06476036348578047
M36,127.65755833333338,146.98654426951248,-0.09979067858897483,0.04453041190663064,0.05127288541711432
ALL_MODELS,111.50316562500002,137.8089919131289,0.6268173860826347,0.03942958350369643,0.048731810650769945
