Model,MAE,RMSE,R2,MAE / Mean,RMSE / Mean
M24,33.26067916666674,50.768606303670474,0.9408265727456857,0.006944922177464976,0.01060062598453199
M36,87.66742500000002,114.5219603247452,0.6819398880417695,0.018291992975379055,0.023895248363766556
M48,124.6753333333334,140.2902266069493,0.48716292975504205,0.023713053952957596,0.02668298230018689
ALL_MODELS,83.31771562500005,110.10149619861131,0.8518898776936363,0.016975719534014055,0.02243282962959823
