Model,MAE,RMSE,R2,MAE / Mean,RMSE / Mean
M36,309.8876020833334,373.6914980234947,0.6024860133726744,0.04390638437924317,0.05294643103231521
M48,168.44597916666666,229.57796587703325,0.46932916232131183,0.023371335495470495,0.03185320118309832
ALL_MODELS,239.16679062500006,310.1220550938612,0.5834613690484164,0.033531286455762394,0.04347924491701986
