Model,MAE,RMSE,R2,MAE / Mean,RMSE / Mean
M12,94.94298750000002,125.24830833724697,0.45428077459772853,0.03189038375412865,0.04206963276176912
M18,493.25392083333327,505.7749434189335,-4.350015218786062,0.13071378678297355,0.13403189578815664
M24,420.5977208333333,436.95759229442723,-6.184408789425554,0.12158492586391723,0.12631418058930963
M36,250.27537499999994,293.19974139937284,-2.2512726891884354,0.07251205997392436,0.0849484981600385
ALL_MODELS,314.76750104166666,370.2679630862524,-0.21025959482836876,0.09216191517524917,0.10841209620795737
