Model,MAE,RMSE,R2,MAE / Mean,RMSE / Mean
M36,159.19741875000003,175.75760949699838,0.35593623402580743,0.06441002124108634,0.07111014393243247
M48,165.53376458333332,183.8231446934214,-0.6412793177640776,0.0732416527630548,0.08133392584490232
ALL_MODELS,162.36559166666666,179.83559967520046,0.2885942000958326,0.06862843833517521,0.07601263442636476
