Model,MAE,RMSE,R2,MAE / Mean,RMSE / Mean
M36,236.2399770833334,264.7903625363457,0.2681592991032695,0.046678133207096704,0.05231934055795741
M48,500.71965000000006,509.9787586923536,-1.9556978444607283,0.10540079463228524,0.10734982422151898
ALL_MODELS,368.4798135416668,406.3202372572176,-0.4233875763374404,0.07511054463224055,0.08282389752143048
