Model,MAE,RMSE,R2,MAE / Mean,RMSE / Mean
M36,275.0099395833334,355.4173327140062,0.6228374763487857,0.04714523457477965,0.060929556030344355
M48,572.3445479166667,605.4303188506893,-3.75791497703326,0.09832127830904458,0.10400497933129486
ALL_MODELS,423.67724375000006,496.42086548471445,-0.19616954186301916,0.07270672670589835,0.08519016947532872
