Model,MAE,RMSE,R2,MAE / Mean,RMSE / Mean
M12,68.277125,75.76144760261755,0.018613286555965614,0.034721595965588846,0.03852766755229099
M18,84.52634166666668,95.025213982005,0.5078361243640619,0.03925447860833221,0.044130210251129474
M24,145.32849583333333,160.59869394038384,0.34381714223625326,0.07402916056457604,0.08180767599637509
M36,81.80124583333331,110.05479908558998,-0.06857373413853152,0.035581874037154494,0.04787159362128064
ALL_MODELS,94.98330208333334,114.75363559850365,0.6574240619320793,0.0453284003519534,0.054763296518029414
