Model,MAE,RMSE,R2,MAE / Mean,RMSE / Mean
M12,295.67598749999996,302.6294217005669,-1.797678990929307,0.06698468632596424,0.06855997017891226
M18,187.4755083333333,216.35958961046381,0.6160600372965455,0.03468717486161863,0.040031377882504056
M24,136.60877916666666,175.76903625291084,0.8071739081901452,0.027928502551259445,0.03593448391360524
M36,127.46626249999993,161.4415703756457,0.5840437211544544,0.02424292370967357,0.030704718232298353
ALL_MODELS,186.80663437499996,220.99444203749763,0.7970777915054901,0.03742104462538133,0.04426953520743473
