Model,MAE,RMSE,R2,MAE / Mean,RMSE / Mean
M12,51.64372916666671,62.25664087318652,0.8508501192090001,0.014023301465180755,0.016905123957192694
M18,259.0678666666667,304.48971131735857,-1.0180952766230695,0.058407267056823205,0.06864769496037317
M24,225.35215833333328,271.03101398065434,0.014890759690496247,0.05846090105281362,0.07031091873160498
M36,160.52789166666665,199.9120555049269,0.020289719014748075,0.04270731285541674,0.053185191740677366
ALL_MODELS,174.1479114583333,229.1356116508998,0.6103332804764121,0.04427923154546393,0.05826052531229591
