Model,MAE,RMSE,R2,MAE / Mean,RMSE / Mean
M12,152.69950416666674,185.6453111283349,0.5457536403663658,0.02380613668695557,0.028942449264208425
M18,133.84073333333322,143.507855465177,0.6741590678850689,0.01848628913443829,0.019821526997952622
M24,73.09556666666663,100.92531356773594,0.8100781206625031,0.01031312557685637,0.014239652008639839
M36,130.61917083333336,182.35151264583402,0.763746702150727,0.018907479493365506,0.026395876378166566
ALL_MODELS,122.56374375,156.92090301097554,0.8631247069560403,0.017730580193669136,0.022700829542007837
