Model,MAE,RMSE,R2,MAE / Mean,RMSE / Mean
M24,307.85052083333335,323.73965496031235,-4.649460239703143,0.04672513833992095,0.04913676976472725
M36,270.9231583333333,333.2350176386717,0.46813905188737004,0.03636735518007058,0.044731784168823494
M48,157.93335833333325,184.9631457714594,-0.018150415971739164,0.022368183883626908,0.026196426771207846
ALL_MODELS,251.9075489583333,300.462095549833,0.6284248408904813,0.0352954844255811,0.042098600291294565
