Model,MAE,RMSE,R2,MAE / Mean,RMSE / Mean
M36,181.51639375000005,210.8048361089752,0.884786205623763,0.03322156346873178,0.03858200406931519
M48,168.72255625000008,218.8134052314833,0.5846696692304254,0.028158067903273486,0.036517717960159235
ALL_MODELS,175.11947500000005,214.84643962133654,0.855858171523967,0.030573090030879588,0.03750878959268839
