Model,MAE,RMSE,R2,MAE / Mean,RMSE / Mean
M12,118.39558333333328,145.05967688404422,0.6938762039355328,0.025409049450058115,0.031131469598650287
M18,147.4626708333333,181.4226761534316,-0.2972451209173199,0.031070665027874096,0.038226102696829446
M24,150.96182499999998,166.0799511063246,0.7909315361761284,0.034920279895521086,0.03841738384964088
M36,113.93801250000006,143.5328907027483,0.5897047974048939,0.022920349524328414,0.02887380559797124
ALL_MODELS,132.68952291666665,159.79732331405185,0.7928401496038195,0.02838322834803573,0.03418177876693482
