Model,MAE,RMSE,R2,MAE / Mean,RMSE / Mean
M36,207.66326249999997,234.39925859937316,-0.2788019340765038,0.04417309952405009,0.049860248046876686
M48,142.32831249999995,177.7450163020858,0.7092787873996347,0.02983470240668683,0.03725871242690684
ALL_MODELS,174.99578749999992,208.00997963098376,0.43824866228148185,0.036951343147670346,0.04392247519377804
