Model,MAE,RMSE,R2,MAE / Mean,RMSE / Mean
M24,307.0941083333333,314.1034945806981,-2.5171078357737624,0.09388146893231089,0.09602430221813306
M36,279.5047,323.12214634055056,0.31240477078013884,0.07096579565410575,0.08204019541896634
M48,278.4572541666667,296.04316039977533,-1.462390874915545,0.07235788328280642,0.07692762938062589
ALL_MODELS,286.140190625,314.29222112499946,0.4167898657364115,0.07632143516023093,0.08383035365833313
