Model,MAE,RMSE,R2,MAE / Mean,RMSE / Mean
M36,78.08035208333335,96.48830355038831,-0.29134578150990564,0.03550418146853479,0.043874523454861536
M48,142.30714166666664,178.2012101307606,0.4815612176305567,0.06726946022867158,0.0842368069318073
ALL_MODELS,110.19374687499999,143.2928191049701,0.4293706791856764,0.051078683656520386,0.06642126967164869
