Model,MAE,RMSE,R2,MAE / Mean,RMSE / Mean
M12,99.18147083333331,111.24336642114326,-4.586670668444418,0.04568732461948906,0.05124356143082548
M18,47.73715833333332,58.861136014988666,-0.9617378172625692,0.020976450986854144,0.0258645000615132
M24,147.57086666666666,157.92272865577593,0.19938669270585319,0.07313634824267955,0.07826674694871809
M36,84.04388333333333,101.30787373203853,-0.2208396536306909,0.03516603089368527,0.042389709710396545
ALL_MODELS,94.63334479166666,112.96303976508891,0.5698829255345983,0.042751401627271146,0.051031993983372166
