Model,MAE,RMSE,R2,MAE / Mean,RMSE / Mean
M18,71.08478333333333,75.78424357135526,0.7622841196738517,0.03575018964397226,0.03811365741942806
M24,89.08121250000005,99.57025367584485,0.6063651041300698,0.03552295588601813,0.039705675637123475
M36,92.01698125000003,110.17779949472677,0.47731003618559475,0.040132068837057173,0.04805268520627389
ALL_MODELS,86.04998958333336,99.91969524792775,0.8283490982163163,0.03790000596431506,0.04400880307116834
