Model,MAE,RMSE,R2,MAE / Mean,RMSE / Mean
M18,176.17331250000007,181.16957586353897,-7.955337339390949,0.07014083210298439,0.07213002141180364
M24,117.83109999999999,156.83223773899292,0.2050367008824575,0.03783155275514709,0.05035348966215609
M36,101.24042083333336,117.59436580691097,0.6113344302817885,0.03442771055316256,0.03998901580375572
ALL_MODELS,124.12131354166668,145.838640071702,0.7199380893727293,0.043143868218289264,0.05069268837761562
