Model,MAE,RMSE,R2,MAE / Mean,RMSE / Mean
M12,50.985095833333354,70.03452139616282,0.9078312968157091,0.01339876594579798,0.01840491117993876
M18,169.49301666666668,197.6778216975921,0.687073704624986,0.03969159104658197,0.046291861529791485
M24,321.79563749999994,369.92331091852276,-1.2203372673975807,0.07175063917947191,0.08248164646355884
M36,500.68934999999993,515.5143098764556,-7.781759336636112,0.10951011027066435,0.11275260582370306
ALL_MODELS,260.740775,334.1330629504565,0.28291538415665085,0.060876441647068555,0.07801170303746988
