Model,MAE,RMSE,R2,MAE / Mean,RMSE / Mean
M24,246.05194999999992,277.79513677560556,-1.508238646936893,0.03243304572291637,0.0366172362082358
M36,329.6786041666666,370.8912907194808,0.4702437429006616,0.036290397519573254,0.04082701214651185
M48,250.77364166666675,308.4277158663085,0.16409070725305264,0.029560453237198074,0.03635654453684838
ALL_MODELS,289.04569999999995,334.4467420209871,0.7935941364827344,0.033768212711945876,0.03907225994153167
