Model,MAE,RMSE,R2,MAE / Mean,RMSE / Mean
M12,122.21067083333334,140.19345993745725,-0.6159021154960036,0.03217269705811377,0.03690677487768437
M18,400.5122374999999,419.53079378475354,-1.298289717125388,0.08566114175719389,0.08972881084040249
M24,361.5083875,394.416607426224,-0.5743491823804525,0.09228037970644544,0.10068069111071448
M36,215.02348750000002,252.18104766173204,-1.4985583495278814,0.054717416474929226,0.06417296813675281
ALL_MODELS,274.8136958333334,322.0326203027737,0.4038808374267322,0.06735079548239524,0.07892311583271963
