Model,MAE,RMSE,R2,MAE / Mean,RMSE / Mean
M18,212.36177083333337,218.43278164713416,-0.06648434173406903,0.04792817848410759,0.0492983520738313
M24,155.15792499999998,169.04511467212924,0.5527156147342255,0.030498371799701874,0.033228085244075264
M36,82.94423124999997,100.44672316928029,0.786299779003421,0.016237639636038838,0.01966402809289678
ALL_MODELS,133.35203958333332,155.29666712739683,0.8214940733594831,0.02702916375475319,0.031477126705142834
