Model,MAE,RMSE,R2,MAE / Mean,RMSE / Mean
M12,190.50859166666672,197.40030548208176,0.3913250237011049,0.04179767801150025,0.043309723386903275
M18,147.48348750000005,180.78161185266353,0.6391838944697754,0.02855348084927883,0.03500015072491953
M24,138.41261666666665,161.88385202412098,0.5094935224473962,0.026403284213203614,0.030880605088296244
M36,101.00217500000001,125.80116046596439,0.6679826040093827,0.019087025196850394,0.023773447647111378
ALL_MODELS,144.35171770833335,168.58320298091465,0.8123120406793138,0.02850412492003777,0.03328894697946962
