Model,MAE,RMSE,R2,MAE / Mean,RMSE / Mean
M18,125.02530833333338,148.7179645014039,0.501439747808663,0.030285915862570158,0.03602518418218028
M24,191.95862916666667,239.69765034767846,0.49841544299093354,0.04330748643999286,0.05407781242862109
M36,140.23030416666663,175.0675746181444,0.32280656356733217,0.03122937513918788,0.03898765673331105
ALL_MODELS,149.36113645833333,187.66280126399442,0.5854723085625625,0.034059324546130434,0.042793382569564345
