Model,MAE,RMSE,R2,MAE / Mean,RMSE / Mean
M18,200.74662916666668,217.68163068337037,0.263845285245045,0.031918163449180505,0.0346107822426622
M24,286.4916083333333,298.6005753281477,-0.20448782947401356,0.04367194649458213,0.04551780216127555
M36,280.42100625000006,349.44005832132746,-0.6084353221166074,0.042002116611798486,0.052339952255078454
ALL_MODELS,262.0200625,308.53051090714575,0.024090582778738323,0.03999969150182952,0.04709992485856948
