Model,MAE,RMSE,R2,MAE / Mean,RMSE / Mean
M24,51.223341666666634,68.70407264630192,0.9100991142101511,0.011904215123316316,0.015966706466590295
M36,95.92793541666663,117.05747916197957,0.5616015650036925,0.02012131192672577,0.024553327884560845
M48,50.79143333333328,71.25317742922064,0.8884104976126739,0.010230325206663579,0.014351695340533719
ALL_MODELS,73.4676614583333,96.43932256536087,0.9063802985113141,0.015629165789502835,0.020516049253265032
