Model,MAE,RMSE,R2,MAE / Mean,RMSE / Mean
M12,112.78298749999998,131.26540531869804,0.23612757505353132,0.03496062848729076,0.04068983425874087
M18,287.8753166666666,350.4104953307775,-0.521690956361688,0.06906659335825818,0.08406993510145211
M24,717.732175,719.2731177462019,-36.09117439377277,0.17390257942717535,0.17427594142437733
M36,440.7667208333334,466.5104226108901,-4.412228244795425,0.10936913318583158,0.11575701642502596
ALL_MODELS,389.78929999999997,467.70821945641916,-0.16433295696497652,0.10025847875187885,0.12030015852782643
