Model,MAE,RMSE,R2,MAE / Mean,RMSE / Mean
M12,106.72672499999994,120.49270576737543,0.48251738868180394,0.01589377885331347,0.017943813219266632
M18,361.87716666666665,392.1565498420646,0.36211479489887954,0.043912024794850915,0.047586279893669065
M24,311.8898166666666,332.5441342444162,-0.10727155123053067,0.039228545075308936,0.04182638182662692
M36,362.5057624999999,403.57518755417954,-0.16593272766859646,0.04629112022730174,0.05153558773517808
ALL_MODELS,285.7498677083333,332.3265656537762,0.7612795462531614,0.03718578028225527,0.04324699343333208
