Model,MAE,RMSE,R2,MAE / Mean,RMSE / Mean
M12,69.85687083333335,79.19615893101815,0.6534246323391084,0.03735245404923695,0.04234616941839001
M18,106.68780833333331,127.18479575598516,-4.142076325386536,0.05651835158043438,0.06737672386861301
M24,170.33832916666665,187.9420890976138,-0.3948047358827762,0.10161363839729569,0.11211498653665568
M36,51.17137083333333,69.33166380001215,0.6057362317825938,0.026121724981388917,0.03539210743805789
ALL_MODELS,99.51359479166665,125.07708854999392,0.3901262112032352,0.05384085022205188,0.06767172671159977
