Model,MAE,RMSE,R2,MAE / Mean,RMSE / Mean
M36,347.4238854166667,393.2755478110144,0.5957927440959955,0.050880835568248045,0.05759589170786748
M48,197.24635208333336,251.40176529317367,0.4173802085893824,0.027384154323612186,0.03490267204084079
ALL_MODELS,272.33511875,330.05189296425607,0.6118769222638132,0.03881871464333758,0.047045677800497974
