Model,MAE,RMSE,R2,MAE / Mean,RMSE / Mean
M12,123.75915833333322,154.41610069529386,0.1000850606124537,0.016381183439132124,0.02043904067796013
M18,160.88089583333348,182.56247021707506,0.6285592200233436,0.018292919985028893,0.02075821770292648
M24,134.33563333333348,184.93146804035962,0.7606069007368199,0.01744401508470268,0.024014085005484333
M36,531.7224375,565.5586307696227,-3.8528330935336808,0.06585885440320383,0.07004978705705248
ALL_MODELS,237.67453125000006,320.6359307669964,0.6698569728077093,0.029594368488021144,0.039924420322668144
