Model,MAE,RMSE,R2,MAE / Mean,RMSE / Mean
M12,61.29346666666667,76.45751046787362,0.6443874619254313,0.013752308655940619,0.017154638825329
M18,705.0573666666666,720.1886055523604,-5.845260660970214,0.12716146990305852,0.12989048270276285
M24,352.67355,366.5809548324046,-0.4738177710888045,0.07258462066185865,0.07544693824748702
M36,410.8113166666667,473.0821391361847,-3.653248645535184,0.08527848116593868,0.09820500228576251
ALL_MODELS,382.45892499999997,469.76209012911636,-0.038121203465226294,0.07774493619021604,0.0954916236342783
