Model,MAE,RMSE,R2,MAE / Mean,RMSE / Mean
M36,155.62526458333323,182.84608375140786,0.6139166300887526,0.03342197838089356,0.03926790341229129
M48,126.66898541666659,155.47972136584707,0.6211686540404123,0.026358254577928817,0.0323534136156996
ALL_MODELS,141.14712499999993,169.71540015453562,0.6434137995113602,0.029834390921621025,0.035872892158658985
