Model,MAE,RMSE,R2,MAE / Mean,RMSE / Mean
M12,218.0178916666666,245.63096068766615,0.24988388338749634,0.042869087959625074,0.04829867484190853
M18,450.31575416666664,474.11655760975015,-7.645995257483916,0.08684971150755383,0.09144003039725171
M24,526.3662541666666,535.6556880059144,-2.1657130245823426,0.10667964414193788,0.1085623512653646
M36,626.2712750000002,648.0319112557538,-20.62159328321656,0.12529288697348354,0.12964635654441864
ALL_MODELS,455.24279375,497.9943406171751,-2.9352539861827656,0.09013277222883329,0.09859708070139193
