Model,MAE,RMSE,R2,MAE / Mean,RMSE / Mean
M12,166.16227083333328,202.20439893996593,-3.7472898439785247,0.04121386198985127,0.05015352853483513
M18,343.15497083333327,382.17823054156884,0.05977743443792838,0.06613654417551354,0.07365752961628617
M24,437.0676083333333,443.82371843074225,-2.9915268318394936,0.08297570440918223,0.08425832747186171
M36,303.01868750000006,366.1624900851914,-1.5935283423831992,0.057440671205611034,0.06941030394639039
ALL_MODELS,312.350884375,359.8615292850974,0.6222937824676813,0.06321919260066665,0.07283525185134995
