Model,MAE,RMSE,R2,MAE / Mean,RMSE / Mean
M18,41.27632916666669,49.08133962683358,0.8426687017791072,0.023646716635237403,0.0281181140296471
M24,130.96054166666661,149.50526874060043,-0.17467432306550879,0.05791510963700016,0.0661162050815259
M36,135.26996666666665,151.9844516458619,-0.7841439318858896,0.06490816430577907,0.07292847039478342
ALL_MODELS,110.69420104166666,133.1909816437945,0.6446907021760085,0.05416340445269017,0.06517122794452625
