Model,MAE,RMSE,R2,MAE / Mean,RMSE / Mean
M24,268.03398749999997,308.0736403059157,-0.47259002373831915,0.06306929389387819,0.07249075814092688
M36,694.4227270833334,743.442945003434,-2.0893417895632447,0.15187283699738013,0.16259374124690665
M48,406.16599583333345,428.390709598675,-3.349404864357708,0.09192828959156539,0.0969584495361914
ALL_MODELS,515.7613593750001,588.1842383285515,-1.5844379595270532,0.11581738555823257,0.13208038848106696
