Model,MAE,RMSE,R2,MAE / Mean,RMSE / Mean
M36,76.77369374999999,93.74638063139089,0.9053478186866095,0.03625176874495839,0.044266101386140864
M48,168.80256874999998,185.1557061140822,-1.2163885580679366,0.07453131916146183,0.08175171224670413
ALL_MODELS,122.78813124999999,146.74982008181473,0.6384558394980295,0.05603379142165834,0.0669685964426655
