Model,MAE,RMSE,R2,MAE / Mean,RMSE / Mean
M36,213.03035,232.88855890522777,0.3216828309352401,0.037992230239349646,0.04153378028078045
M48,334.6884625,404.6122303584755,-0.25549783838386664,0.05984371838331161,0.07234638501473951
ALL_MODELS,273.85940625,330.11220654848086,-0.03558603013844097,0.04890382926956302,0.058949046921208795
