Model,MAE,RMSE,R2,MAE / Mean,RMSE / Mean
M18,198.23423333333332,213.0273543859215,-0.8089911591381038,0.06885523908764617,0.07399352357968791
M24,150.26540000000003,174.11451006750323,0.2984534274425229,0.04353783636956286,0.050447867898302336
M36,90.70342916666668,115.62461486621625,0.7144358261380299,0.027727982320385695,0.03534637340911099
ALL_MODELS,132.47662291666666,160.02704416647313,0.6960164259602657,0.041164979640454964,0.04972582988606883
