Model,MAE,RMSE,R2,MAE / Mean,RMSE / Mean
M24,528.2939375000001,549.1463905199032,-1.550978504381825,0.1065404093876831,0.11074569876122982
M36,628.8981437500001,659.4809343094043,-1.9245016770306864,0.11091881795300475,0.11631270726920839
M48,282.2585166666668,331.50271449372786,-0.15620170791892685,0.05006950981551564,0.05880488076402458
ALL_MODELS,517.0871854166668,565.9695251011661,-0.45710852160225524,0.09429122513096963,0.10320495539950376
