Model,MAE,RMSE,R2,MAE / Mean,RMSE / Mean
M12,54.66046666666665,78.25598883774006,0.7751195810492156,0.018238393949505056,0.026111441053633656
M18,421.5582583333333,448.8001310723739,-1.4760168308273616,0.10707941154680636,0.11399908076135867
M24,636.6010625,710.5265356413232,-2.5603236805668477,0.17277618767598865,0.19283986990005267
M36,182.18505416666662,213.64880393549964,-0.25816609043066285,0.050427195875813055,0.059136080805138984
ALL_MODELS,323.75121041666665,435.3272696239814,0.007731611591886733,0.09099726599326599,0.12235812584951608
