Model,MAE,RMSE,R2,MAE / Mean,RMSE / Mean
M12,118.05520416666661,134.71520533739715,0.9269059974685294,0.01916506513886821,0.021869647371430427
M18,181.5318833333333,231.12861764287936,0.874832774953844,0.026186417430503376,0.03334086745862722
M24,60.87076666666678,76.52578552665005,0.9020928809682525,0.008209185261773794,0.010320460626546572
M36,189.26391666666666,238.6893808217579,0.5152137063290654,0.024409339566876243,0.030783734428084207
ALL_MODELS,137.43044270833335,183.30128259927042,0.9412096911973086,0.019451661010052163,0.02594413829689701
