Model,MAE,RMSE,R2,MAE / Mean,RMSE / Mean
M18,161.81312083333333,170.4651558092017,0.24403609221162403,0.03812937428203945,0.040168125393180626
M24,161.71351666666666,194.19424594417487,0.48311269283993863,0.032799158286148905,0.039386984726275644
M36,149.81424791666666,181.55955012735893,0.3995399077043944,0.02979611548708684,0.03610984534920519
ALL_MODELS,155.78878333333333,182.138350566115,0.7962545140396049,0.0324050822925785,0.03788596401129094
