Model,MAE,RMSE,R2,MAE / Mean,RMSE / Mean
M12,190.11496249999993,206.95167752334814,-1.4310686170323752,0.03738556855611817,0.040696460847224454
M18,136.83623750000007,160.91676184721643,0.7964601899380239,0.022198809644515656,0.026105369674887587
M24,116.03604583333338,148.2387576177828,0.831083953457185,0.022073198589149138,0.02819902653530525
M36,121.94149583333335,152.9640572532877,0.5739164823055013,0.020992876356619734,0.026333575121254046
ALL_MODELS,141.23218541666668,168.89044758701755,0.8936202117233756,0.02531614593350126,0.030273943614715998
