Model,MAE,RMSE,R2,MAE / Mean,RMSE / Mean
M36,268.8139895833333,337.70044380419426,0.6167898712489455,0.04396261511885819,0.05522850451140311
M48,170.75880208333334,215.1921940335541,0.29729978466544826,0.026348193878764695,0.03320429506659229
ALL_MODELS,219.78639583333333,283.15125826890176,0.6275837147548404,0.034899308944030746,0.044960850296261824
