Model,MAE,RMSE,R2,MAE / Mean,RMSE / Mean
M18,264.66974999999996,305.76116663099697,0.6288366542698989,0.03847386751140211,0.04444714447001488
M24,192.94320833333327,236.18505260454137,0.7714147183887404,0.02564171327316019,0.03138845596383517
M36,135.8792166666668,170.74587998945753,0.7883606667021706,0.01724802428717256,0.02167387446909881
ALL_MODELS,182.34284791666667,227.80560855700344,0.8555194145004611,0.024183635451823834,0.030213237613472072
