Model,MAE,RMSE,R2,MAE / Mean,RMSE / Mean
M12,41.32020416666666,54.576737492280095,0.2048339399022634,0.023264789095856987,0.030728703134582706
M18,152.01809583333332,182.92662510799124,-0.7252682691020342,0.06715939806718822,0.08081433967035048
M24,103.53715000000001,108.9835667564534,-1.168104380588388,0.05065418297455969,0.053318770428793245
M36,100.97855,112.91173623978007,0.2712703075862307,0.045932398316970546,0.05136048045477279
ALL_MODELS,99.4635,123.55894185806712,0.6736563354610801,0.04803815484305903,0.05967559538144501
