Model,MAE,RMSE,R2,MAE / Mean,RMSE / Mean
M24,162.4846916666667,168.9226015666766,-0.10011630315337006,0.05095360955404859,0.05297247511008635
M36,408.52094375,435.7132622895353,-2.586605505245051,0.10411603234610116,0.11104629225062225
M48,251.42859583333333,284.07381159472806,-1.6451882973433833,0.06802491686112708,0.07685719817233672
ALL_MODELS,307.73879375,349.6158140101753,0.06429824144102547,0.08355419228571914,0.09492422646481634
