Model,MAE,RMSE,R2,MAE / Mean,RMSE / Mean
M24,94.39051249999996,101.450557510159,0.8350496328154058,0.02397219365079364,0.025765220954961015
M36,176.24429999999992,200.77404907472368,0.24665531010385522,0.042118365396104654,0.04798041559916924
M48,257.82878750000003,272.67428720095324,-1.031172116380799,0.0548367708831818,0.05799421219778875
ALL_MODELS,176.17697499999997,203.26332679764758,0.6799167335509089,0.041433298546293705,0.04780346638781711
