Model,MAE,RMSE,R2,MAE / Mean,RMSE / Mean
M12,86.67524583333335,99.26165446779832,-0.31760129016153216,0.03611217797375183,0.04135615074000347
M18,131.2657125,148.54143325835193,3.390667345415377e-05,0.04672486206691979,0.05287426433021544
M24,180.85633333333337,205.09503894429042,-1.725656314727181,0.07181826003507728,0.08144347818695143
M36,82.88256666666666,94.73269280678662,0.596107279386699,0.034783199272574665,0.03975632348329857
ALL_MODELS,120.41996458333335,144.01014853831916,0.548793371272376,0.047641154071229,0.05697402169211568
