Model,MAE,RMSE,R2,MAE / Mean,RMSE / Mean
M36,411.64964166666664,428.92030008078126,-1.4551503466971725,0.0892130899436977,0.09295600296129951
M48,214.80335833333336,246.66102447881795,0.06392808638933589,0.0413741455760966,0.04751037979070581
ALL_MODELS,313.22650000000004,349.8673211506953,0.2017357142548043,0.06388493390498125,0.07135810886762459
