Model,MAE,RMSE,R2,MAE / Mean,RMSE / Mean
M18,173.54209999999998,185.07372798061448,-0.275200861650587,0.031831879184372226,0.03394706269706481
M24,250.03363749999994,264.2372844458863,0.16315129903080083,0.04155021914791964,0.043910560137244564
M36,294.8321604166667,391.30714845186594,0.46468474170382656,0.0541131582066724,0.07182006739581136
ALL_MODELS,253.3100145833333,320.27964192992346,0.5561250314167512,0.045302019031580196,0.057278881997631585
