Model,MAE,RMSE,R2,MAE / Mean,RMSE / Mean
M18,76.9676625,88.18013942696365,0.8892014915347355,0.016607842590761153,0.019027235954247455
M24,166.51860416666662,213.6831730898565,0.6924150380109169,0.03344138788010643,0.042913294346363824
M36,170.0457104166667,206.89853299717004,-0.19121998246833805,0.03143658180557696,0.038249613248590976
ALL_MODELS,145.894421875,186.44720523774984,0.8049008876228614,0.028561713352312123,0.03650072129490261
