Model,MAE,RMSE,R2,MAE / Mean,RMSE / Mean
M24,286.87911249999996,313.08616770040385,-0.9248288489232337,0.07652235287579882,0.08351284273197768
M36,500.8948729166666,591.4753227735049,-0.7503128944880493,0.11644543090171157,0.13750310205221108
M48,416.4501333333333,444.72476196133664,-2.8299821869371273,0.103023276812864,0.11001797956060486
ALL_MODELS,426.2797479166666,498.87101970522815,-0.40188967219763017,0.10400660746599434,0.12171791546800191
