Model,MAE,RMSE,R2,MAE / Mean,RMSE / Mean
M18,240.47548333333341,282.5381361714218,0.546299345406341,0.03194201810896373,0.037529140754655216
M24,118.9009791666668,174.29479673676576,0.8603266312706007,0.012860242457017973,0.01885159702418882
M36,202.04330416666664,239.31230649102645,0.7167272937978582,0.023767936338326405,0.02815218098474941
ALL_MODELS,190.86576770833335,237.03756803344555,0.901640592604326,0.022604077294781345,0.028072165972594463
