Model,MAE,RMSE,R2,MAE / Mean,RMSE / Mean
M36,139.90127708333333,170.06660998178714,0.6473138554683695,0.03476887905146526,0.042265699902277014
M48,406.03891041666674,438.7806498293802,-1.842910284032211,0.09153782571530558,0.09891915681212426
ALL_MODELS,272.97009375,332.75449696089044,0.056052481306144375,0.06453575122643182,0.07867001523988189
