Model,MAE,RMSE,R2,MAE / Mean,RMSE / Mean
M18,46.544991666666725,59.878464283475964,0.9153642560791948,0.015775735065668713,0.020294917989032952
M24,96.73990416666669,117.54919525124191,0.5137012538256949,0.03086007443344189,0.03749824797009113
M36,181.21755208333335,224.4381496871108,-0.7011367306776064,0.05957714909967604,0.07378636867037883
ALL_MODELS,126.43000000000002,171.86347041991647,0.19625594896052312,0.04155919574864407,0.05649377212071982
