Model,MAE,RMSE,R2,MAE / Mean,RMSE / Mean
M12,102.25503749999994,118.00438834082078,0.4807691220652196,0.02798090118234575,0.03229052778204361
M18,97.8484416666667,130.35405316193345,0.38939616880431804,0.024925570238284782,0.03320593616607125
M24,135.2640666666667,166.8507585535624,0.6729232765887296,0.04024468604723239,0.04964257367241676
M36,163.8566,207.51232419133166,-0.15716004715080678,0.044269614553314116,0.05606420862517966
ALL_MODELS,124.80603645833332,159.54447276905498,0.6993382581506649,0.03409428488499483,0.04358406741191932
