Model,MAE,RMSE,R2,MAE / Mean,RMSE / Mean
M18,99.89369999999997,106.44534011135319,0.06225537116428059,0.034266401772314714,0.03651380208207641
M24,131.88798749999998,142.76248732448502,0.5396626115086732,0.036286962054339095,0.03927891431603394
M36,147.56891875,178.487343643356,0.2607994378250623,0.04565428582477715,0.05521970528634097
ALL_MODELS,131.72988124999998,154.45646789647424,0.7632759512678541,0.04048737169677216,0.047472421347036706
