Model,MAE,RMSE,R2,MAE / Mean,RMSE / Mean
M36,346.67934791666676,371.9772622219125,0.35419560088506985,0.08288600453266258,0.08893436897194132
M48,232.57465833333345,263.8005105453907,0.4699826904992964,0.05466369409909758,0.06200293065021449
ALL_MODELS,289.6270031250001,322.4575886640895,0.402676475749875,0.06865436086995172,0.07643665617685608
