Model,MAE,RMSE,R2,MAE / Mean,RMSE / Mean
M24,48.15801249999996,57.12290278861077,0.746366825016151,0.009337773881851079,0.011076054056736836
M36,117.3679958333334,140.77952699402599,0.6585312411279844,0.019137126338387964,0.022954431272464697
M48,88.66828333333335,104.90918154194924,0.8694098732262061,0.014841536015176035,0.01755998128805712
ALL_MODELS,92.89057187500002,116.08909599540574,0.9379417002163553,0.01588031374211104,0.01984626888642555
