Model,MAE,RMSE,R2,MAE / Mean,RMSE / Mean
M24,129.62109583333336,144.50030921386605,0.6768443322129025,0.022356013165364744,0.024922261260143762
M36,350.0409041666667,392.28960101642383,-0.19138917463507177,0.056775090136818744,0.0636276423478769
M48,176.34317500000006,206.568832526126,-0.34801079409619873,0.027881813270791617,0.032660825212310424
ALL_MODELS,251.5115197916667,304.68561012351716,0.2633723361503397,0.041141189570681774,0.049839182141373166
