Model,MAE,RMSE,R2,MAE / Mean,RMSE / Mean
M24,110.39564166666663,122.34559832064177,0.07296355703024116,0.04169544567543748,0.04620883733626153
M36,127.16865416666667,157.99792689723017,0.5182033011592948,0.04643098139442898,0.057687162392307124
M48,93.17562916666667,105.57675601077122,0.06386410918113772,0.03307667992959309,0.03747899099588074
ALL_MODELS,114.47714479166666,137.87819501813794,0.4793540108045734,0.04184727530967149,0.05040156091091301
