Model,MAE,RMSE,R2,MAE / Mean,RMSE / Mean
M24,160.40549166666673,193.6091064630807,-0.08315017910874989,0.03291409933055754,0.03972725182420028
M36,322.29750625,383.89808025512474,-0.21886583794325865,0.05895933251775037,0.07022820260089405
M48,94.85312499999993,117.10831506472962,0.7141352904122653,0.018120472817002298,0.022372041403753172
ALL_MODELS,224.96340729166664,294.0894063077897,0.381896296851694,0.04276684535290366,0.05590809772536014
