Model,MAE,RMSE,R2,MAE / Mean,RMSE / Mean
M36,56.37718749999999,77.1248491949201,0.831877714109459,0.020213518479787262,0.027652400440378894
M48,106.73559791666666,130.97385091590564,0.6927484272313507,0.04170750901586629,0.05117873675268824
ALL_MODELS,81.55639270833332,107.47649042251297,0.8036296304167573,0.030498466003155242,0.04019143049904074
