Model,MAE,RMSE,R2,MAE / Mean,RMSE / Mean
M12,150.65210833333333,164.1893479726913,-0.3672451922573441,0.027729295733601247,0.030220984204006346
M18,101.96613333333339,121.59477375754416,0.5082752516634943,0.016901864795425044,0.020155500249889907
M24,206.27629583333328,230.6966853869374,-0.376840908520383,0.037474971424245856,0.041911513184864295
M36,178.26993333333323,212.76830745312876,0.5234727587461803,0.032458944557399914,0.038740322420379704
ALL_MODELS,159.2911177083333,187.23964877786605,0.664901975008616,0.028365907556353594,0.033342867100989694
