Model,MAE,RMSE,R2,MAE / Mean,RMSE / Mean
M12,322.86672916666663,342.4663061544795,0.19142904394711202,0.03898003159128523,0.04134630863733662
M18,558.740375,592.1838690799153,0.15348808303583794,0.05272337639870725,0.05587914248499252
M24,229.63112499999997,266.3401599289119,0.6780352883636379,0.023731621509895447,0.02752537953344939
M36,232.94995833333346,284.2779407372154,0.7391239006747903,0.023442783044778134,0.028608144585210802
ALL_MODELS,336.04704687500004,393.6101923319257,0.8425744422198012,0.034919798862580995,0.040901382334138876
