Model,MAE,RMSE,R2,MAE / Mean,RMSE / Mean
M12,146.25877916666664,149.2696675557515,0.06331273618736422,0.07128923617457705,0.07275679890611175
M18,150.18783333333332,156.94826780068328,-0.3182419731172035,0.060617661402889184,0.06334625611248001
M24,101.77035416666668,118.49895881106055,0.39232928278017376,0.045403634166744124,0.052866902341582915
M36,175.85830416666658,192.86521382703057,-3.8874556165550382,0.07646151741879378,0.08385595992406988
ALL_MODELS,143.5188177083333,156.64704462715792,0.4075676593108426,0.06328920375202116,0.06907851446148373
