Model,MAE,RMSE,R2,MAE / Mean,RMSE / Mean
M24,208.12980833333336,242.53432204044512,-0.13509542479032755,0.051474277882544495,0.059983138353589545
M36,205.56528541666668,245.92628829320358,-2.011960105016862,0.05136804520868149,0.06145372585377341
M48,166.5157,189.19468186207692,-0.6126885566276696,0.04001538785032692,0.04546537397933179
ALL_MODELS,196.44401979166665,232.1513534097177,-0.6426924953983704,0.04847988272463425,0.05729199799313854
