Model,MAE,RMSE,R2,MAE / Mean,RMSE / Mean
M12,59.64131249999999,72.95215707264654,0.7213193948014278,0.0067834923297837545,0.008297443117863604
M18,236.13787499999998,323.6165448391428,0.5648049797376249,0.023206038072697638,0.03180285187410961
M24,458.3638541666666,540.4747093729368,0.10768251784176375,0.04823655605153075,0.05687760580620054
M36,202.22687500000006,243.74563880551455,0.5999464847531748,0.021738591980794045,0.026201695442759913
ALL_MODELS,239.09247916666664,339.69638400476305,0.731539731664185,0.02531893221554244,0.03597248123595748
