Model,MAE,RMSE,R2,MAE / Mean,RMSE / Mean
M36,475.54186458333334,502.2027815163797,0.1930689307671185,0.09321151851488868,0.09843735610650849
M48,531.9531229166666,554.7424170976182,-3.5038403949538877,0.10248015275447707,0.10687048387242501
ALL_MODELS,503.74749374999993,529.1251189889289,-0.45499671046107726,0.09788592751223579,0.1028171925118455
