Model,MAE,RMSE,R2,MAE / Mean,RMSE / Mean
M12,69.07004166666668,90.89457959980344,0.5886438573236791,0.008129832614847404,0.010698671955484684
M18,144.69212499999995,168.31036706347484,0.9087494127176295,0.014497543115504876,0.01686399175690577
M24,129.2762708333333,171.20820169000984,0.8838701492614023,0.013996176869950422,0.018535963769629852
M36,180.59958333333316,205.29291637088323,0.07288634692712503,0.019401316879059275,0.022054053780325582
ALL_MODELS,130.9095052083333,164.352999744191,0.9376950601028242,0.014144160037635783,0.017757573274361223
