Model,MAE,RMSE,R2,MAE / Mean,RMSE / Mean
M18,200.25747916666663,229.58528096344622,-0.08722801582999029,0.04412618092343851,0.050588480826326984
M24,182.45897499999992,212.66602510555919,0.38396504588071545,0.033363164270530946,0.03888661289672175
M36,414.9630229166667,460.0284031493783,-1.889892466591979,0.08228665366708118,0.09122306277052354
ALL_MODELS,303.16062500000004,360.96693161479374,0.2585107665241022,0.060351615719437375,0.07185938986713877
