Model,MAE,RMSE,R2,MAE / Mean,RMSE / Mean
M18,48.305812499999924,58.44648518571988,0.9136449628582322,0.010756436663233762,0.01301449832955045
M24,111.23432916666677,138.30332561593713,0.7602675642223072,0.02078725413857009,0.025845855315765432
M36,200.49043541666666,244.58776143095133,0.27544038188491227,0.037578745362958334,0.04584408820604344
ALL_MODELS,140.130253125,188.54054443978384,0.827865388180745,0.02732599284578212,0.03676620468176578
