Model,MAE,RMSE,R2,MAE / Mean,RMSE / Mean
M18,27.492283333333337,35.70020797243338,0.8651209581781614,0.009414896835135984,0.012225749712314162
M24,114.06390000000003,126.57670274054189,0.5778634625518893,0.03189334762448448,0.03539204587661073
M36,112.30735416666664,133.45660656799646,0.5053428463590706,0.03734294600922705,0.044375213810553135
ALL_MODELS,91.54272291666666,115.01901820919932,0.8652753153892306,0.029266940860680577,0.03677250027669107
