Model,MAE,RMSE,R2,MAE / Mean,RMSE / Mean
M36,156.82421041666672,194.61705310074703,0.6795225233205341,0.03343784942319909,0.041495989040719695
M48,126.57343541666673,178.51843603483871,0.6153999681178807,0.024262890768518085,0.034220239811154206
ALL_MODELS,141.69882291666673,186.74130416426866,0.7947296355521105,0.028606460228168876,0.03769973229539938
