Model,MAE,RMSE,R2,MAE / Mean,RMSE / Mean
M12,236.56861666666666,251.74898171685655,-1.2235592585213744,0.043100308962962394,0.04586601150226262
M18,302.33759583333335,362.17602014539784,0.20049043012102175,0.044473128949416824,0.05327521640805818
M24,325.1979999999999,342.16696732891234,0.5970715787101546,0.05864310348714017,0.061703125095942536
M36,260.0132541666667,292.95257315101867,-0.5970699005364506,0.04543468805288794,0.05119050110759207
ALL_MODELS,281.02936666666665,315.2175689149883,0.7619217029184158,0.04772275580021368,0.05352839542605457
