Model,MAE,RMSE,R2,MAE / Mean,RMSE / Mean
M36,238.17800625000004,271.2000970900319,0.4977953487395439,0.08018505298891127,0.09130227638624414
M48,274.9723833333333,299.17717055650115,-0.889902279236201,0.10336659983710293,0.1124655737948128
ALL_MODELS,256.57519479166666,285.5314974252722,0.32599571279492245,0.09113728636708417,0.10142276562938647
