Model,MAE,RMSE,R2,MAE / Mean,RMSE / Mean
M18,141.4726791666667,150.78450276939245,0.12345040293775555,0.04436444801588858,0.047284544790684
M24,254.46561666666662,267.85742562005197,-0.4542491378336597,0.06326646155121152,0.06659599729497516
M36,402.2915437499999,438.53254756297713,-4.06046661014555,0.10697227971237686,0.1166090291225218
ALL_MODELS,300.1303458333333,346.08711232844405,0.08309115356365082,0.08148842179094853,0.0939661482997546
