Model,MAE,RMSE,R2,MAE / Mean,RMSE / Mean
M36,64.03038958333336,78.97959049233994,0.9342174087392181,0.02574797640889024,0.031759366857107216
M48,61.415316666666655,74.72465865995694,0.5821569286071406,0.02363547965524153,0.028757535503531235
ALL_MODELS,62.72285312500001,76.88156582102367,0.8966805842642875,0.0246685425986923,0.030237084045434806
