Model,MAE,RMSE,R2,MAE / Mean,RMSE / Mean
M12,87.18472916666671,112.72291529825654,0.31653161706343813,0.015367912541496526,0.019869487699096307
M18,175.80612083333332,243.4551676442493,0.5113674818201501,0.0263827903806713,0.03653471576873332
M24,142.0487833333333,163.55482344569504,0.9081825224233089,0.02643526282732256,0.030437534507546205
M36,369.9631333333335,426.0059903586383,-1.0950960420711104,0.06658504086989128,0.07667149432776392
ALL_MODELS,193.7506916666667,264.6734584255778,0.8156651510827952,0.03330975345497917,0.04550284476609915
