Model,MAE,RMSE,R2,MAE / Mean,RMSE / Mean
M12,105.37672499999998,126.41531187699994,0.6866360341265451,0.027420433255269317,0.03289495495107987
M18,210.37340833333337,242.4890760772449,-0.33400969996431606,0.04757157743984021,0.05483386874944766
M24,231.0471041666666,292.23564809475874,0.5291081336756156,0.05503359997618077,0.06960822908399457
M36,300.0400416666667,337.40121024311935,-4.3514762895420525,0.07463063800679878,0.08392369046756969
ALL_MODELS,211.70931979166667,261.73604728076737,0.43131458067380735,0.051373677558624216,0.06351323272732107
