Model,MAE,RMSE,R2,MAE / Mean,RMSE / Mean
M36,167.95485,221.90914326441407,0.8739651405889802,0.03000242942100288,0.03964049510130728
M48,192.97463750000006,222.12575009521262,0.4582341184750228,0.03201492636359553,0.03685116150435392
ALL_MODELS,180.46474375000003,222.0174730958209,0.8282716997343716,0.031045861803871817,0.03819429570867459
