Model,MAE,RMSE,R2,MAE / Mean,RMSE / Mean
M24,105.03560833333334,117.16557252577083,-0.08508986287862075,0.04402393601229458,0.049108009650870574
M36,171.26485416666665,191.0065202438977,-0.5545658868892658,0.05894801264906028,0.06574293848072947
M48,122.0235708333333,139.5360961128741,0.12528206944869325,0.04432117107573096,0.05068203745246351
ALL_MODELS,142.39722187499999,162.9149126500379,0.5949182219843872,0.05201843763556245,0.05951365561772201
