Model,MAE,RMSE,R2,MAE / Mean,RMSE / Mean
M12,168.1315916666667,202.6921143367941,-0.1866813573995756,0.03308238872537366,0.03988268505393045
M18,115.6735499999999,144.09144211542653,0.7603636802694516,0.019397465064281708,0.02416290253472776
M24,183.90037499999994,252.08366978351478,-0.18032205172358462,0.03073822142673082,0.042134789882122714
M36,187.30338333333327,218.64518751587764,0.5657815108840935,0.032095625415003666,0.037466242800398855
ALL_MODELS,163.75222499999995,208.08551817738348,0.7922258813781082,0.028647888340358522,0.036403845443879174
