Model,MAE,RMSE,R2,MAE / Mean,RMSE / Mean
M12,217.10693333333333,219.18726246921068,-1.9186435062701324,0.09655813057094675,0.09748335524824521
M18,164.01707083333338,184.9045190524705,-0.15487966528868213,0.05992676937598004,0.06755839751030328
M24,110.61712916666669,114.74695713627334,0.6145729017970757,0.048420717516597364,0.050228477625858324
M36,313.5180833333333,325.4493034130892,-7.223056385884886,0.133227699281136,0.13829780236400263
ALL_MODELS,201.31480416666668,224.3417317725744,0.1783153153404441,0.08367923413983616,0.09325068952600125
