Model,MAE,RMSE,R2,MAE / Mean,RMSE / Mean
M36,237.3561395833333,326.51583604694395,0.8977938384891706,0.0300180077567173,0.04129387559282849
M48,117.39239791666667,152.02324804793636,0.8354015099998706,0.014243265152396021,0.018445039625243152
ALL_MODELS,177.37426874999997,254.6798570131521,0.8953485795543401,0.021967100557823194,0.031541091436127176
