Model,MAE,RMSE,R2,MAE / Mean,RMSE / Mean
M36,103.40136458333335,133.7707005034151,0.5257591847175882,0.021435332504124452,0.027730963282302113
M48,128.05843958333332,150.80464561839528,0.7965625907833173,0.025651554707941924,0.030207877199493267
ALL_MODELS,115.72990208333333,142.5423471345694,0.7517517986914005,0.02357959942526418,0.02904254981698583
