Model,MAE,RMSE,R2,MAE / Mean,RMSE / Mean
M24,160.78075833333335,169.949089957385,-5.312354520106833,0.07829437354164555,0.08275901712442407
M36,105.84661458333335,126.01201753598991,0.4932702231853935,0.05350066867444506,0.06369336634648409
M48,159.41498750000002,184.02000635111324,-4.834682505007228,0.07974071904960402,0.09204835665749724
ALL_MODELS,132.97224375,153.70760638448277,-0.23006934475281682,0.06640691779075997,0.07676224821910506
