Model,MAE,RMSE,R2,MAE / Mean,RMSE / Mean
M18,127.21270416666668,151.68830116729094,0.14203737331872945,0.03481027626073176,0.041507738584320324
M24,97.42607499999998,118.70484622440654,0.4936540442777886,0.024817978028976274,0.03023845788235161
M36,179.51293958333335,222.56293665668994,0.4503134709900001,0.05083642247355411,0.0630277878636266
ALL_MODELS,145.9161645833333,184.50521860822687,0.5979019641966705,0.03986111109530218,0.050402798330169335
