Model,MAE,RMSE,R2,MAE / Mean,RMSE / Mean
M36,127.20937500000007,149.65346952698903,0.8988866857825717,0.02117333139147804,0.0249090328773284
M48,227.6794541666667,249.64534721516029,0.02271120083100786,0.038730326892817156,0.04246692324655775
ALL_MODELS,177.44441458333336,205.81418844147183,0.7114880916989375,0.029856252147028514,0.03462966315380312
