Model,MAE,RMSE,R2,MAE / Mean,RMSE / Mean
M12,46.759158333333346,55.53180786456234,-0.18444064013912498,0.019829306993674245,0.023549552757350534
M18,61.76757916666668,76.308708938509,0.6164194103826647,0.02303793339238815,0.02846145142002294
M24,43.67862916666667,61.48272413871976,-0.02762684994370357,0.017835291615625425,0.025105236479673238
M36,49.4450125,57.01138692011082,0.8122369567398902,0.019720159199680933,0.022737857054019206
ALL_MODELS,50.41259479166667,63.12135999533211,0.8311194836297038,0.02017403217267699,0.025259805661490258
