Model,MAE,RMSE,R2,MAE / Mean,RMSE / Mean
M24,70.5871708333333,95.25306173372022,0.695493631437665,0.023549335538936296,0.03177838529858052
M36,139.27521249999998,176.66588306830658,0.42990350575809877,0.04080976107048237,0.051765797717403375
M48,189.2119291666667,194.7365011585303,-1.811828418605688,0.0583259861027268,0.06002897655708193
ALL_MODELS,134.58738125,165.39129294926875,0.5924700914937386,0.041199036379695735,0.05062853465024856
