Model,MAE,RMSE,R2,MAE / Mean,RMSE / Mean
M12,122.53612499999998,146.18588931152576,0.17610098010262865,0.03842612990474697,0.04584246460319886
M18,245.0988541666666,260.5948839989916,-0.376458762197716,0.06093765215319429,0.0647903493797412
M24,361.06991249999993,371.218099843216,-2.7087944294809914,0.0943901652379448,0.09704308381972164
M36,277.80677499999996,317.79695898029104,-2.3105005916976875,0.07516162873279447,0.08598111778695013
ALL_MODELS,251.62791666666666,286.39037719019916,0.3721265033922986,0.06831952214221473,0.0777578814582896
