Model,MAE,RMSE,R2,MAE / Mean,RMSE / Mean
M36,250.65650833333333,269.43543073409995,-0.08992726530888784,0.11068345016651028,0.11897573802907764
M48,161.27192499999998,177.33932182479177,-0.9395301186421021,0.0710227388663596,0.078098679262987
ALL_MODELS,205.96421666666663,228.08407046541745,-0.25598443382508607,0.09082649566367777,0.1005809512562476
