Model,MAE,RMSE,R2,MAE / Mean,RMSE / Mean
M36,146.46738958333333,172.853647377346,0.6224499734968532,0.050275207202568666,0.05933233986307545
M48,163.48509791666666,188.0649178183754,-0.11582549808730747,0.06538150771102205,0.075211551579964
ALL_MODELS,154.97624375,180.61948500325784,0.6671936087090979,0.05725238549691759,0.06672568732755367
