Model,MAE,RMSE,R2,MAE / Mean,RMSE / Mean
M18,152.15895833333335,191.03861248939967,-0.16681553337709065,0.017849692306940324,0.02241064534767894
M24,284.5970833333334,363.2183021337398,0.6178456788847339,0.02851840872462486,0.03639674685064156
M36,409.8636770833334,490.583562191228,-0.179100130833183,0.04162276240265223,0.049820084553578455
ALL_MODELS,314.1208489583334,403.04086314270313,0.7043021328621599,0.03289388592795887,0.04220534937584074
