Model,MAE,RMSE,R2,MAE / Mean,RMSE / Mean
M18,50.1638583333333,64.55690293281314,0.7489955540714943,0.01328418718070374,0.017095694208117882
M24,171.98240416666658,206.46917373059082,0.45950947744096526,0.038782088696796,0.04655886657459532
M36,163.78673125000003,191.13936782882465,0.23984433877594147,0.04625029032314997,0.05397416009708961
ALL_MODELS,137.42993125,173.1080798845587,0.8350134310987554,0.03594486026122352,0.045276496065620925
