Model,MAE,RMSE,R2,MAE / Mean,RMSE / Mean
M18,58.058479166666665,70.29360086751913,0.8658940052458705,0.02624606328875494,0.03177710342475907
M24,36.43598750000003,42.94182724489517,0.9261437811897828,0.01359678608079113,0.016024564696294496
M36,67.45111666666669,86.14739138776444,0.5096505016692079,0.025507193672152595,0.03257734349065786
ALL_MODELS,57.349175000000024,73.53219862054624,0.9101951480944359,0.02253267358339985,0.028891035126250596
