Model,MAE,RMSE,R2,MAE / Mean,RMSE / Mean
M18,96.10574166666669,104.19552328913497,0.7763301957856734,0.023474300311425028,0.025450269280254425
M24,90.76858333333344,118.3291001406988,0.7160331874572468,0.01863337068368248,0.024291113782080136
M36,178.97098333333335,230.32292052250978,0.2801548889633365,0.03910847715343189,0.05032982725691165
ALL_MODELS,136.20407291666672,180.9390632572475,0.7644765310032373,0.03007058160660489,0.03994699094518722
