Model,MAE,RMSE,R2,MAE / Mean,RMSE / Mean
M24,310.9864833333333,333.23688941033623,-5.417130302646838,0.06214188681758765,0.06658800357887609
M36,265.37303750000007,315.84508812696987,0.4870259862047539,0.05057092527453332,0.06018915297676909
M48,175.80059166666663,195.829872295574,-0.287511039342067,0.03358712147747173,0.0374137632152028
ALL_MODELS,254.38328749999997,295.344037833441,0.2713630499518729,0.04907627394199059,0.056978526578117236
