Model,MAE,RMSE,R2,MAE / Mean,RMSE / Mean
M24,51.30679583333333,56.00443348070386,0.8771281511352327,0.023370401791645314,0.025510190049856565
M36,85.90152708333335,96.94036346044686,0.7780639716927289,0.03456541089287361,0.0390072634199419
M48,138.26604583333332,144.5275716943296,-1.5154074972500688,0.05823873883360536,0.060876142450094074
ALL_MODELS,90.34397395833334,103.46446695006124,0.7548510512886728,0.03788056927720052,0.043381896282733784
