Model,MAE,RMSE,R2,MAE / Mean,RMSE / Mean
M24,273.86709166666657,292.3563940378819,-0.40902729576050945,0.04806231682704962,0.05130709772813745
M36,651.7870479166667,725.0793651103737,-4.034438929623986,0.1162478293018244,0.12931969503696333
M48,479.34790416666664,491.51921483063734,-10.018104145043765,0.08138449680951908,0.08345096249193747
ALL_MODELS,514.1972729166666,587.056975748582,-2.9973997150825324,0.09020279473141779,0.10298417099477358
