Model,MAE,RMSE,R2,MAE / Mean,RMSE / Mean
M24,213.8543125,218.29550966985764,-0.06514431930809295,0.04826503197291706,0.04926737099940365
M36,122.24870208333333,159.64079152529763,0.3761493362678746,0.02404202769697218,0.031395738899554576
M48,112.13897083333336,126.12039841290047,0.7886943549038867,0.021841885585826868,0.024565120329734954
ALL_MODELS,142.622671875,169.21114699946537,0.7880729914174979,0.028908230914914415,0.03429745668434297
