Model,MAE,RMSE,R2,MAE / Mean,RMSE / Mean
M12,94.05893749999996,110.99033853472523,-0.16259048935152776,0.038734612810789465,0.04570716938920375
M18,95.69237083333336,104.35716999561134,0.5006774530718727,0.03584879027222778,0.039094843904449804
M24,81.14706666666665,96.8531570070124,0.596307918664765,0.03185673438675695,0.03802263500128075
M36,124.99810416666668,137.62002145485138,-0.9647239478353393,0.04728358761781673,0.05205813628781063
ALL_MODELS,98.97411979166664,113.50008645922323,0.490544967072727,0.038479669775598045,0.04412715016456721
