Model,MAE,RMSE,R2,MAE / Mean,RMSE / Mean
M36,270.2504958333334,309.2639820139841,0.7775750481796477,0.0344425369329949,0.03941467744477638
M48,200.48921041666665,243.73961686320482,0.20833415225505703,0.025604854381847883,0.031128445186150263
ALL_MODELS,235.369853125,278.4359992886765,0.6930747925005882,0.030028287887687813,0.03552263059150608
