Model,MAE,RMSE,R2,MAE / Mean,RMSE / Mean
M24,330.111875,333.7235828476765,-2.160744082443582,0.07420884771735262,0.07502075633974856
M36,171.95877499999997,197.9396569941508,0.7171623154205653,0.033721677173171434,0.03881661295229068
M48,116.33832499999994,137.24459466535464,0.6915996324249389,0.022482102856038574,0.026522189430712773
ALL_MODELS,197.59193749999997,228.3460773340937,0.7102970523826787,0.03987359477344006,0.04607970887336564
