Model,MAE,RMSE,R2,MAE / Mean,RMSE / Mean
M24,71.15126666666669,79.27073254968803,0.2675240295736051,0.0367098136165273,0.040898974164123074
M36,146.58695833333334,174.731289601381,-0.8430726714165382,0.06354237257522669,0.07574235000601713
M48,172.2894541666667,198.7797278419518,-1.5835099109109145,0.07603101774386321,0.08772112656443584
ALL_MODELS,134.15365937500002,163.4466857811806,0.3001137279010204,0.06085388595405276,0.07414159272609003
