Model,MAE,RMSE,R2,MAE / Mean,RMSE / Mean
M24,140.14515416666666,170.3228578966759,-0.13692147707322566,0.02773755535580277,0.03371033217209343
M36,244.27693541666667,293.67640049750304,0.19885330415830582,0.03980410048374777,0.04785357625012355
M48,145.6280791666667,171.4081800184152,0.724315040320189,0.02457909730866334,0.028930260979078075
ALL_MODELS,193.5817760416667,240.25106478310158,0.7989064213689387,0.033302422078981,0.041331072211101764
