Model,MAE,RMSE,R2,MAE / Mean,RMSE / Mean
M12,66.84011666666663,72.38697247427653,0.9221813122468789,0.014561588177626076,0.015770009616414043
M18,75.76266249999992,93.1314142604439,0.941825925382876,0.01581725253790546,0.019443391374606624
M24,104.73998750000003,122.39427681622996,0.770293032966025,0.02082512923749876,0.024335277227603133
M36,118.22522499999998,140.70352866369117,0.3484312207470681,0.021877354737231677,0.026036922402607545
ALL_MODELS,91.39199791666664,110.33038575334106,0.9283467734277857,0.01845041122969349,0.022273733310174525
