Model,MAE,RMSE,R2,MAE / Mean,RMSE / Mean
M18,69.53653750000005,90.4057306142081,0.600580886548104,0.013726912985186353,0.01784661189814681
M24,218.49084166666668,260.0456327337538,-0.30116898677565884,0.03704333347461818,0.04408860810134426
M36,202.0613333333334,246.94328921701765,-0.24654199582390768,0.03638259147279262,0.04446390935028189
ALL_MODELS,173.0375114583334,222.3504572799584,0.6211474054547715,0.031359388314892676,0.040296316521606826
