Model,MAE,RMSE,R2,MAE / Mean,RMSE / Mean
M24,161.84866250000005,193.61007205219755,0.8914011213739962,0.01889155359070881,0.022598858683031027
M36,214.7933833333333,268.39125208728086,0.8904059823006512,0.021530068557371638,0.026902514257948377
M48,188.29170833333328,227.47433024656863,0.6015415834265192,0.018191703232559073,0.02197731140420131
ALL_MODELS,194.93178437499998,241.5042232110749,0.9360364257726681,0.020059590220957817,0.024852159281142844
