Model,MAE,RMSE,R2,MAE / Mean,RMSE / Mean
M12,113.8891416666667,126.44261545690404,0.8143437923879387,0.030783969095966944,0.034177143752921996
M18,186.50284166666665,248.73805427525562,0.6708572268253815,0.04670452430142532,0.062289627314907815
M24,152.86184583333338,198.03610338807445,0.7593005255652467,0.03614360462252348,0.046824886765059026
M36,284.1942833333333,311.41497714494506,-1.8113369250397913,0.06402153993448285,0.0701536503888666
ALL_MODELS,184.36202812499997,231.33089984021876,0.7236223833303967,0.045072961450993064,0.05655594504445475
