Model,MAE,RMSE,R2,MAE / Mean,RMSE / Mean
M18,48.74707083333334,57.45271547966277,0.9333822415328479,0.026676008390906815,0.031440024887974705
M24,69.70119166666667,81.16078994505806,0.8549623589164868,0.036164575406433766,0.04211040640525323
M36,99.88265416666665,110.72732324279576,0.34124472805237305,0.04613029221310292,0.051138847077909354
ALL_MODELS,79.55339270833333,92.74827298327727,0.8436354536072267,0.03935770083073942,0.04588564555665013
