Model,MAE,RMSE,R2,MAE / Mean,RMSE / Mean
M36,386.3269020833334,409.3243134208001,-3.665070494954894,0.10095156106244796,0.10696104309021447
M48,341.66968333333335,365.51026728522675,-1.1568281580193962,0.0971411424645201,0.10391933109253727
ALL_MODELS,363.99829270833334,388.03617682397044,-1.0656840728025525,0.09912666935211635,0.1056728412391492
