Model,MAE,RMSE,R2,MAE / Mean,RMSE / Mean
M12,136.33633333333344,161.07631954507636,0.3616328457948218,0.016896747241170986,0.019962879970058675
M18,311.71914999999996,335.4983027426392,-1.0736811635045678,0.03832651768973042,0.0412502139664512
M24,171.68662500000002,197.63785557688587,0.8164085793936253,0.02338630017253905,0.02692124803535496
M36,205.398225,262.4534553681741,-0.6007923344185448,0.025318993518166594,0.03235206796595845
ALL_MODELS,206.28508333333335,248.21725869341927,0.6880650198549072,0.026066014776127064,0.03136453023284082
