Model,MAE,RMSE,R2,MAE / Mean,RMSE / Mean
M36,83.28015416666663,98.4264601240629,0.9263802571367391,0.03660062810159496,0.04325724776094617
M48,98.45856041666669,115.28317193741809,0.22955148880969434,0.039019566707122755,0.045687235305741196
ALL_MODELS,90.86935729166667,107.1867010979115,0.8720449049729594,0.037872587990639806,0.04467334082409471
