Model,MAE,RMSE,R2,MAE / Mean,RMSE / Mean
M18,67.13547083333329,80.67918191226326,0.7811946560699714,0.017351216334090726,0.020851599335504876
M24,151.6390333333334,188.14506329434792,0.055700946272673746,0.03293100240693488,0.04085890945096866
M36,302.4911208333333,351.611463464868,-2.0422325469386187,0.07080715602414925,0.08230525142307865
ALL_MODELS,205.93918645833332,268.87215257249994,0.31191456065111756,0.04840490827136886,0.0631969665696944
