Model,MAE,RMSE,R2,MAE / Mean,RMSE / Mean
M24,66.36166666666664,73.32400925473976,-1.1896184105369363,0.027982009206226486,0.0309177452144094
M36,133.25881666666672,154.642024762867,0.2320067711649325,0.044107787998731204,0.05118548861946528
M48,53.657016666666685,69.49593478091003,0.7510246860762538,0.019510164381486256,0.02526933466770458
ALL_MODELS,96.6340791666667,120.45165724241824,0.8421677232156262,0.03462281472413704,0.04315636313692996
