Model,MAE,RMSE,R2,MAE / Mean,RMSE / Mean
M12,174.3399875000001,183.29610802134826,-0.37402673654842955,0.035446364006031766,0.037267299711224465
M18,207.84117500000002,223.72986957920187,-1.378289724001942,0.03829115068703462,0.041218368541497234
M24,257.6453791666667,278.40971368251286,-0.5183588977981408,0.05196558676213528,0.05615363325585172
M36,236.96832499999996,262.8826330284296,-0.7973285271345125,0.04609568727255042,0.05113660503555962
ALL_MODELS,219.19871666666668,239.93320173458653,0.22420155137811648,0.04288527786778837,0.046941889909616404
