Model,MAE,RMSE,R2,MAE / Mean,RMSE / Mean
M36,219.54679583333333,242.18439026675432,-0.5698282298299051,0.07339582674587863,0.08096371200092078
M48,187.33755416666668,224.760494917895,0.3863558828392202,0.0635370113123291,0.07622929727938103
ALL_MODELS,203.44217500000002,233.63492778758132,0.09478532358990854,0.06850193189949072,0.07866826980515386
