Model,MAE,RMSE,R2,MAE / Mean,RMSE / Mean
M18,96.41579583333339,105.75823271963476,0.7949872422660795,0.02294544309696869,0.02516879614932754
M24,61.02234166666674,77.39061140400048,0.6995251512993511,0.01427311905504446,0.018101655559956454
M36,124.93772083333333,154.6903331062551,0.6196010444811897,0.028202513155976505,0.03491864687007795
ALL_MODELS,101.82839479166671,127.50716532269252,0.728598149096177,0.023493438773744532,0.029417941703305205
