Model,MAE,RMSE,R2,MAE / Mean,RMSE / Mean
M18,166.6118625,176.77629744525396,-0.2780173898442653,0.03387510123515359,0.035941708363854345
M24,257.09467500000005,267.5559135453124,-2.401307752292972,0.04736525830966455,0.04929256102776923
M36,424.3290541666667,479.07893561117316,-3.322093538639222,0.08403560904563666,0.09487846693431275
ALL_MODELS,318.0911614583334,374.7897008003918,-0.8929690093559912,0.0622331556218577,0.07332597884344397
