Model,MAE,RMSE,R2,MAE / Mean,RMSE / Mean
M36,180.90856250000002,199.84897640597785,0.6960336565398821,0.05569416224120681,0.06152512165195963
M48,83.42190624999998,99.19503884924028,0.7267223953338652,0.02773834148436525,0.03298301351337323
ALL_MODELS,132.16523437499998,157.764490781068,0.746530105985652,0.04225428275508369,0.050438569822836905
