Model,MAE,RMSE,R2,MAE / Mean,RMSE / Mean
M18,35.184379166666695,42.60338493690479,0.7856488175867106,0.018653907837766208,0.022587285466239174
M24,129.5116875,139.40196670653089,-1.8586980639134025,0.06365383670209497,0.06851482052296166
M36,92.23126458333336,117.23438946121372,0.3804872916513633,0.0488507663448276,0.062093800762904924
ALL_MODELS,87.28964895833333,110.38088701674977,0.3578407660657692,0.04536392834715576,0.0573643119118684
