Model,MAE,RMSE,R2,MAE / Mean,RMSE / Mean
M18,249.99550833333328,259.6171602130561,-1.6529761489326589,0.034432271652549175,0.0357574767871436
M24,223.34966666666682,250.96855534106106,0.5744552870071513,0.026487290983120543,0.029762646401675422
M36,206.55456874999996,248.48841833053348,0.17718544545196968,0.02637947270956721,0.031734923558759724
ALL_MODELS,221.613578125,251.93217030378,0.7487251374294814,0.028273273893848826,0.03214129438248083
