Model,MAE,RMSE,R2,MAE / Mean,RMSE / Mean
M12,51.71836250000005,64.18641803573993,0.9287142187158351,0.011877105839800216,0.014740390910252504
M18,103.98121250000004,118.41628240747599,0.8412910007046329,0.019924384635651618,0.022690363971380856
M24,136.0726708333333,160.6192175030785,0.789116684659739,0.02888684156988314,0.034097823322458344
M36,107.72065416666665,129.75881241318933,0.5434917285964008,0.021219995403544193,0.02556131342014515
ALL_MODELS,99.873225,123.2661699632632,0.9197363619247011,0.02063478620190942,0.02546799768526714
