Model,MAE,RMSE,R2,MAE / Mean,RMSE / Mean
M18,189.9890458333334,213.39264759713586,-0.07205381665992672,0.036762289874468904,0.04129081407634468
M24,313.4140249999999,356.17966190120956,-1.1371699467727723,0.0515582526800647,0.05859342448954727
M36,132.7825041666667,157.1140667042884,0.7066510528136721,0.02188985695396082,0.02590103618843557
ALL_MODELS,192.24201979166665,235.46232900046587,0.7481918406697431,0.03289175337289917,0.04028655578257449
