Model,MAE,RMSE,R2,MAE / Mean,RMSE / Mean
M36,153.42120625000004,171.5764213573521,0.7944737084319313,0.05071740483880966,0.056719087507337416
M48,240.06393749999998,257.83679261402693,-0.8824370197853932,0.08433344555281512,0.09057697435887273
ALL_MODELS,196.74257187499998,218.99575337353505,0.506762285976227,0.06701469248291571,0.07459459804518682
