Model,MAE,RMSE,R2,MAE / Mean,RMSE / Mean
M12,33.27846250000001,39.530950455197136,0.8206491563933722,0.013193304920957435,0.015672114755021414
M18,48.35597916666669,56.40331854110703,0.8671457012651954,0.015662912477225194,0.01826951406959402
M24,109.4863458333333,136.32689250671677,-7.67167320663167,0.0378812718046305,0.04716785485917024
M36,190.76778749999997,199.93772038638784,-0.5149134649508915,0.0679362381849747,0.07120183534303723
ALL_MODELS,95.47214374999999,125.8015739569503,0.7200147318262566,0.033771664498822726,0.044500190131092146
