Model,MAE,RMSE,R2,MAE / Mean,RMSE / Mean
M24,231.76266666666643,280.80106113106694,0.7356864128051336,0.026040139509842908,0.031549942497346065
M36,363.4930833333333,430.8252697575027,0.5629055168889843,0.03588261013526158,0.042529379237048415
M48,91.78100000000002,115.52756828458749,0.8377846406121717,0.00864601012678102,0.010882998935628605
ALL_MODELS,262.63245833333326,340.37357457995074,0.8367921250141908,0.02641131426392546,0.034229255220072606
