Model,MAE,RMSE,R2,MAE / Mean,RMSE / Mean
M18,169.2627125,180.01045619655795,-2.4182243941587784,0.09324270893107167,0.09916337936321966
M24,63.525262499999975,87.95460556610297,0.7467984868854141,0.028614446050186735,0.03961844810695128
M36,177.10941250000005,196.38581739883125,-0.708556840903757,0.09290071796216769,0.1030119358220929
ALL_MODELS,146.7517,171.226863788364,0.3465210222399796,0.07479500735305829,0.08726927549113091
