Model,MAE,RMSE,R2,MAE / Mean,RMSE / Mean
M18,91.8499916666667,116.37935535637686,0.7271163345644588,0.021155062282873657,0.026804711316030832
M24,100.32712083333335,115.16076784440489,0.8111633416429465,0.02007445767261935,0.02304252270409782
M36,131.2136583333333,165.22380376987147,0.5334317143261854,0.025796981326823593,0.03248347340312939
ALL_MODELS,113.65110729166668,142.65690262658933,0.869887966612832,0.023298361716439425,0.029244520339001216
