Model,MAE,RMSE,R2,MAE / Mean,RMSE / Mean
M12,52.001854166666625,70.32681962946579,0.42087331226810154,0.018062209647307394,0.02442716284508993
M18,242.78054166666664,264.5192682428257,-1.6373146269598013,0.07055266567377431,0.07686999694658744
M24,211.0583,230.62503298457034,0.08918407012630758,0.0730769115355762,0.07985170511324498
M36,74.6197416666667,92.48065739964224,0.357692437732552,0.025482346077775733,0.031581778021762034
ALL_MODELS,145.115109375,184.835658534223,0.5846130518213131,0.04782717085680739,0.06091830588296928
