Model,MAE,RMSE,R2,MAE / Mean,RMSE / Mean
M36,356.51348541666675,391.60177683106457,0.6038502314482159,0.042704110289823974,0.04690707687519926
M48,202.02382708333334,237.15721989609594,0.474331225971795,0.024265243937532373,0.02848514393280953
ALL_MODELS,279.26865625000005,323.7248048621638,0.5760269890109264,0.03349729058407686,0.03882964885265915
