Model,MAE,RMSE,R2,MAE / Mean,RMSE / Mean
M12,145.02431666666664,164.9568594346867,0.08934874306592955,0.020232657474364635,0.023013489818125427
M18,118.28214166666669,143.50039244585716,0.6076517860539277,0.01476212500195007,0.017909472226876468
M24,144.73456666666667,172.313784617013,0.6860528468749654,0.01950250179662235,0.023218709748968693
M36,316.67834166666677,358.32577273847824,-1.180083723917281,0.04216264305645704,0.04770759368761672
ALL_MODELS,181.1798416666667,226.87690929463045,0.6635793846769482,0.024066994141430362,0.030137156521338703
