Model,MAE,RMSE,R2,MAE / Mean,RMSE / Mean
M12,56.324091666666696,64.49332200677839,0.867180250354336,0.012284314028407598,0.014066027463969621
M18,79.2350666666667,93.78365780753512,0.8136088359946558,0.015079946710651533,0.01784882150749257
M24,58.41480000000013,77.06194261828169,0.8961768854560037,0.012094370158215316,0.01595512882243276
M36,181.30538333333322,214.7970699389076,-0.2910601075633872,0.034925188217352895,0.041376753178696386
ALL_MODELS,93.81983541666669,127.50596781099517,0.8613283650238674,0.018895725401917123,0.025680259874280735
