Model,MAE,RMSE,R2,MAE / Mean,RMSE / Mean
M36,229.86322291666667,240.3076521846895,-3.403003460344128,0.1308426191210303,0.13678779148619755
M48,257.6826020833333,293.98205313310757,-1.0663061090484325,0.1416892708631651,0.161648875083214
ALL_MODELS,243.77291249999993,268.48949259037585,-1.5358245224526792,0.13635976716136133,0.1501855325902779
