Model,MAE,RMSE,R2,MAE / Mean,RMSE / Mean
M12,167.84213333333324,195.16745804191666,-0.960161076643246,0.0425864656566831,0.049519700948376655
M18,183.75771666666665,203.5926433163864,0.4162901164802171,0.03760582226239405,0.041665019011829334
M24,221.12332083333328,235.97862500313718,-2.247417967859996,0.048112123767043796,0.05134434834707075
M36,334.83412500000014,378.3264092464856,-1.368140017905191,0.07361755787429348,0.08317989191835445
ALL_MODELS,226.8893239583333,263.7977845257647,0.5657105717255704,0.050498636993828325,0.05871333356781973
