Model,MAE,RMSE,R2,MAE / Mean,RMSE / Mean
M18,125.15364166666659,148.40406444298162,-0.05227724672882861,0.02824315145132625,0.03349002403956294
M24,204.77247916666659,227.7185881125786,-1.8005793288233085,0.04003013333767745,0.044515774203206675
M36,131.82617083333338,162.89681295862962,0.48335016021812593,0.02797100282023854,0.03456360133857106
ALL_MODELS,148.394615625,178.15040349332665,0.6657961768882215,0.03128597961101936,0.03755938089742998
