Model,MAE,RMSE,R2,MAE / Mean,RMSE / Mean
M12,101.57185,119.93261940713833,-2.6832189355747684,0.042706406685236765,0.050426286606249364
M18,96.64074166666661,127.34404426198148,0.5789349804121519,0.037050171722496424,0.048821217908460814
M24,133.3251083333333,180.90515934193942,0.4004171519160975,0.05141566667737891,0.06976449889460015
M36,115.57299583333334,130.26667042161534,-0.40132214720233716,0.04132957698210481,0.04658412066393647
ALL_MODELS,111.77767395833332,141.6831155308575,0.5919224042038783,0.043089988314613956,0.05461845444089772
