Model,MAE,RMSE,R2,MAE / Mean,RMSE / Mean
M36,108.05296249999998,119.43242082532488,0.807386064703449,0.05121650883308481,0.0566103093763575
M48,74.63869374999997,87.97163885532346,0.52405343895773,0.033635553072835486,0.03964397792830545
ALL_MODELS,91.34582812499998,104.88830341627458,0.7714918294818195,0.04220404897464156,0.04846101004404811
