Model,MAE,RMSE,R2,MAE / Mean,RMSE / Mean
M36,145.99308333333337,184.8925648710117,0.7844544650856828,0.03795540245573557,0.04806852181297933
M48,109.04931874999996,152.3186464174069,0.788532301170501,0.025160388867525463,0.03514369846200505
ALL_MODELS,127.52120104166666,169.39042267940107,0.8518119181842736,0.031176475097346616,0.041412692566060734
