Model,MAE,RMSE,R2,MAE / Mean,RMSE / Mean
M36,170.20214375000003,212.6325226870307,0.8491879741393054,0.03389749431563575,0.04234793740136372
M48,184.28425625000008,222.21186730374248,0.2652284628312048,0.03336405205091939,0.040230719964468226
ALL_MODELS,177.24320000000003,217.47494530964562,0.8082009875742509,0.03361806625478873,0.041248900494779035
