Model,MAE,RMSE,R2,MAE / Mean,RMSE / Mean
M36,201.95910625000002,236.83825739836195,0.6277773731367288,0.03238470334736421,0.03797767206227492
M48,169.84500208333336,249.57799334970127,0.26744553210124467,0.027920204455555746,0.04102722197566965
ALL_MODELS,185.90205416666672,243.29152773160462,0.5215622377242481,0.030180180777393536,0.03949704763329423
