Model,MAE,RMSE,R2,MAE / Mean,RMSE / Mean
M36,142.48579583333333,184.97750771064256,0.7165922844538848,0.028480664115366518,0.03697408738318575
M48,249.07669166666668,259.6555803865992,-0.16089111577897874,0.0474290635723495,0.04944349046338098
ALL_MODELS,195.78124375000002,225.4303648410552,0.5153822511744605,0.038184609539753035,0.04396728866863051
