Model,MAE,RMSE,R2,MAE / Mean,RMSE / Mean
M18,208.79133333333337,231.7007291461247,-0.05419064697308129,0.05569315921089192,0.06180402889143643
M24,272.0090833333333,295.01074680325627,0.04597566081211957,0.05884988731632561,0.06382635827348915
M36,611.3787520833333,658.487082619076,-4.539580511697195,0.15240097892074636,0.16414387260899593
ALL_MODELS,425.8894802083334,501.97784925448263,-0.41940519943564203,0.10391138731878903,0.12247594069198284
