Model,MAE,RMSE,R2,MAE / Mean,RMSE / Mean
M12,82.34190000000001,93.89171199641817,0.8197827660380179,0.013027493325422725,0.014854814515402855
M18,141.94214583333337,166.48511535154958,0.6119092713328109,0.02073346215879006,0.024318449033426795
M24,238.32146250000002,284.7152992432082,0.3327082834338291,0.0366010232159312,0.04372611332700034
M36,129.11257499999996,161.20792321672388,-0.15705763175793375,0.019352009392779295,0.024162613473400905
ALL_MODELS,147.92952083333333,189.4622279942864,0.6542230888449709,0.022456271792155216,0.028761096921151325
