Model,MAE,RMSE,R2,MAE / Mean,RMSE / Mean
M12,72.34166666666685,97.38365398472519,0.951251300063441,0.007922174514161101,0.010664535906374903
M18,90.5978958333332,131.48837116710004,0.9702091297496451,0.007957829186704424,0.011549517658894578
M24,119.72745833333329,157.97290754706967,0.8916659773448918,0.011023359036329455,0.014544634139447087
M36,352.96850000000023,395.6934383177842,0.44023426892062,0.032151617971899006,0.036043398384786665
ALL_MODELS,158.9088802083334,228.20029823721686,0.9511945774064157,0.015007050885406272,0.021550799950393267
