Model,MAE,RMSE,R2,MAE / Mean,RMSE / Mean
M12,396.26002500000004,409.57840831120785,-4.97954050844614,0.0901906245850957,0.09322195056682082
M18,184.66027083333339,250.77135444710973,0.4321444806945067,0.03340302461598759,0.04536179703289644
M24,127.21842083333333,148.61410582937748,0.8976776152439407,0.026877604359231675,0.031397899081894574
M36,519.6381500000001,558.5422659901681,-5.677017937990259,0.11496525226080627,0.12357243691188188
ALL_MODELS,306.9442166666667,375.7314067638203,0.5212877668224744,0.06402994517612956,0.07837926264681465
