Model,MAE,RMSE,R2,MAE / Mean,RMSE / Mean
M12,180.97345416666667,185.10766649356057,-1.0636918618873108,0.04792464773968597,0.04901945288864992
M18,173.59720416666661,208.71703050287263,0.4476766319547705,0.03914622662783049,0.047065759015963014
M24,163.8612041666667,187.72954052222423,0.3693820776077884,0.047231323260953126,0.054111128129003906
M36,171.35782083333334,209.78213948817535,-0.4730586759483624,0.04742429802004175,0.05805845717450857
ALL_MODELS,172.44742083333335,198.1656967347969,0.7837924429557301,0.04510370039396037,0.05183032701037076
