Model,MAE,RMSE,R2,MAE / Mean,RMSE / Mean
M18,343.1230458333334,347.5410701760063,-2.427897337386459,0.07713374702609543,0.07812691485944578
M24,108.5776541666667,139.39835688954366,0.7312589710553975,0.020364196681853353,0.026144749383408078
M36,143.63159791666666,165.04755496711462,0.7344096067222825,0.028607241938763232,0.03287267846929449
ALL_MODELS,184.74097395833337,220.6230315288013,0.729562134935686,0.03728030013200933,0.044521216139536635
