Model,MAE,RMSE,R2,MAE / Mean,RMSE / Mean
M24,238.66005416666675,274.1921697498468,-2.840036398418759,0.03646843177578425,0.041897914047206046
M36,368.1779583333334,410.1038648457125,-2.553599080964039,0.0471389719474104,0.05250687647896709
M48,320.79933333333344,337.85097197063715,0.0020584506990780627,0.04167939195773155,0.04389480158125253
ALL_MODELS,323.95382604166673,362.5241320024137,0.6159374551407837,0.04339333226360073,0.04855979108433453
