Model,MAE,RMSE,R2,MAE / Mean,RMSE / Mean
M18,161.19982500000003,182.44184240598656,0.5733639256488895,0.03537184731428572,0.04003295284794219
M24,156.62906249999992,177.8137217360687,0.5162938742139276,0.03353103703571554,0.03806623364671253
M36,232.8502833333334,276.5983328414275,-0.1770834919851363,0.04485023695541387,0.05327672610838762
ALL_MODELS,195.8823635416667,233.40738043142355,0.6447213508135179,0.03995170219636871,0.04760521562446442
