Model,MAE,RMSE,R2,MAE / Mean,RMSE / Mean
M12,131.50506666666664,135.81182449889073,0.37535543724734455,0.06053632039281876,0.06251886964810069
M18,128.46573749999996,144.11671007821082,-3.120486333576901,0.05697139029528067,0.06391221112896005
M24,73.46399166666667,82.39466788023967,0.8576662233542559,0.03856546218119778,0.04325368627511597
M36,91.10720416666669,105.92355125464508,0.30430249471894566,0.044375794536672494,0.05159242663699885
ALL_MODELS,106.13549999999998,119.6068118910614,0.6590389686896695,0.0506296174830804,0.05705581199895598
