Model,MAE,RMSE,R2,MAE / Mean,RMSE / Mean
M18,79.01136666666666,86.41108168856294,0.6311864755146571,0.028433713694501508,0.031096639134598533
M24,115.1863458333333,125.33360756786763,0.6039443506546611,0.03401673844563665,0.037013419570173046
M36,182.23037083333335,212.5818226548359,-0.22079723828135656,0.05764351671235766,0.06724435554244071
ALL_MODELS,139.66461354166668,168.4914321791081,0.6501764449304455,0.04473696592960365,0.0539706892797015
