Model,MAE,RMSE,R2,MAE / Mean,RMSE / Mean
M18,548.5538875,571.5020409364158,-12.24096771391525,0.10697576380537589,0.11145097817851904
M24,359.01394166666677,382.6235679361527,-0.12526084787074576,0.05652019783924907,0.06023710293064256
M36,327.60959999999994,387.79544709296,-1.101897537292849,0.05423831627743343,0.06420255117791625
ALL_MODELS,390.69675729166664,439.8255322018999,0.3196180279586719,0.06633174761780122,0.07467273698435634
