Model,MAE,RMSE,R2,MAE / Mean,RMSE / Mean
M12,131.53604166666665,138.10457393062993,-1.0119687402719437,0.07246000413156746,0.07607844869591934
M18,67.14384583333332,86.17253716192732,0.7569548909346127,0.030244407950301228,0.03881572965759381
M24,65.31016666666665,73.94347240310216,0.35618629016021364,0.03628174621545298,0.04107780514037433
M36,128.3397666666667,148.58123193818653,-0.5733820102273628,0.0637620717494359,0.07381848524057542
ALL_MODELS,98.08245520833331,116.23532068263725,0.6988630461799914,0.04998973067101301,0.05924171007997142
