Model,MAE,RMSE,R2,MAE / Mean,RMSE / Mean
M36,199.3072520833333,221.52357065083999,0.7653492961306326,0.03849674094998953,0.042787883654612
M48,197.25728958333335,225.2927336583936,0.2954765969835582,0.03674931165509399,0.041972354483471155
ALL_MODELS,198.2822708333333,223.4161007997964,0.666457023991353,0.03760725074334936,0.042374264161730006
