Model,MAE,RMSE,R2,MAE / Mean,RMSE / Mean
M36,146.9645833333334,191.105738428154,0.9630731015544433,0.018132442943325038,0.023578564437739254
M48,152.709625,183.00344260858515,0.8243761156871514,0.017428626455147225,0.02088603544950755
ALL_MODELS,149.8371041666667,187.09845438533657,0.9498302478476273,0.017766828594684664,0.02218506682895573
