Model,MAE,RMSE,R2,MAE / Mean,RMSE / Mean
M12,37.350225000000115,43.84694946487169,0.9759162906474536,0.008759176853399024,0.010282754249669438
M18,60.755966666666666,69.99888727521558,0.9675310401909158,0.01369109978122682,0.015773952795744475
M24,109.77753333333335,124.56001121578245,0.8538007501766858,0.023366036397176205,0.026512471790226495
M36,123.94822916666658,157.33739184083169,0.4958068291404797,0.025374528720337085,0.032209916953954996
ALL_MODELS,82.95798854166668,108.50420552044815,0.9231178126928281,0.018148099728369855,0.02373665487011663
