Model,MAE,RMSE,R2,MAE / Mean,RMSE / Mean
M18,71.6803791666667,88.7499905609502,0.872946881206342,0.01397721094238754,0.01730567490890393
M24,112.39426666666668,143.5845435493987,0.7919872561821077,0.020519731927550456,0.026214115986106245
M36,158.76866249999998,200.71679216622815,0.7921775475369816,0.03023469122186163,0.03822297258559122
ALL_MODELS,125.40299270833334,165.12687794985072,0.8218968574638954,0.023763881475574226,0.031291562276815586
