Model,MAE,RMSE,R2,MAE / Mean,RMSE / Mean
M36,412.8953958333332,450.3271212835407,0.8731157596491574,0.039397475807669974,0.04296912013392244
M48,481.0334479166667,522.6843887268844,0.27078552351068996,0.04159052804121298,0.04519170095177191
ALL_MODELS,446.96442187499997,487.8490987909671,0.8142298430659376,0.040548001496857444,0.04425700351055865
