Model,MAE,RMSE,R2,MAE / Mean,RMSE / Mean
M24,89.90144583333336,96.21371510369728,0.862520784300413,0.019585660469844963,0.02096083259947655
M36,202.7642395833334,246.82099443898738,0.4986373208652862,0.041298807629474056,0.05027224124529054
M48,96.25977916666675,110.19659398682096,0.6003437300046208,0.01781269044534914,0.020391671722209653
ALL_MODELS,147.92242604166674,189.23634355750283,0.7892077816516058,0.02986289448504286,0.038203436163230686
