Model,MAE,RMSE,R2,MAE / Mean,RMSE / Mean
M36,531.6805895833332,578.3187337250517,-0.013786058868527018,0.06732637478598318,0.07323213330590353
M48,439.5529395833333,467.52123347272345,-0.6547942245419833,0.05732987636541492,0.060977716446635306
ALL_MODELS,485.61676458333324,525.8462995615754,-0.1322432558531763,0.06240198078114897,0.06757149479226593
