Model,MAE,RMSE,R2,MAE / Mean,RMSE / Mean
M36,109.35189166666667,139.71321880361307,0.5552282982710848,0.03594022938135506,0.045918959927237685
M48,178.8120666666667,215.08831954357538,-0.5623542589078254,0.058786320829024075,0.07071251507223562
ALL_MODELS,144.08197916666668,181.35982012637947,0.10497993872841738,0.04736163233441079,0.05961534655992313
