Model,MAE,RMSE,R2,MAE / Mean,RMSE / Mean
M24,150.00286249999996,184.80266621160047,-0.04700065932985842,0.027035052529606567,0.033307029648464
M36,350.3003229166666,391.0129308065215,-0.3838368759902082,0.05959874630928623,0.06652543244252777
M48,331.344575,348.8367563359472,-2.280734905529346,0.05907987845648653,0.06219879460975864
ALL_MODELS,295.48702083333325,339.713604425004,-0.2084315104829022,0.05158604598721202,0.05930711125966623
