Model,MAE,RMSE,R2,MAE / Mean,RMSE / Mean
M12,105.12775000000006,115.17645528945295,0.40001054310013817,0.02267048242027802,0.024837455427986224
M18,74.12457916666672,96.45197508850156,0.6966813885666738,0.014269018648486074,0.018567053556238517
M24,46.343958333333376,56.40895684049946,0.9428276429329704,0.009852031958616789,0.011991700008609578
M36,183.81664999999995,214.48717845843373,-0.015200842376556611,0.035866080226337776,0.0418504762768281
ALL_MODELS,102.35323437500001,133.93591703349182,0.8196465276216671,0.020823518753205362,0.027248939392147804
