Model,MAE,RMSE,R2,MAE / Mean,RMSE / Mean
M24,102.91794999999995,130.4422464276304,0.6617383679121085,0.02821376860429254,0.035759236915749594
M36,281.60847916666665,296.14333596266147,-0.7404053632545209,0.07451438226279464,0.07836034556133134
M48,125.57957499999996,140.54660268829574,-0.12937446034058886,0.029567267055153324,0.0330912008213069
ALL_MODELS,197.9286208333333,230.30972518029705,0.4365635454707548,0.051231911778583654,0.05961344788090248
