Model,MAE,RMSE,R2,MAE / Mean,RMSE / Mean
M18,52.283208333333356,59.315885486541475,0.48642911515721965,0.024625107936258744,0.02793746078336203
M24,68.88881666666663,79.5704625504705,0.807961009278072,0.026009275252882772,0.030042177564007927
M36,105.54764374999996,124.06682581524946,0.3752769496430719,0.04442240898569022,0.05221667753167065
ALL_MODELS,83.06682812499997,100.79060883496442,0.8211879365850615,0.03488813322774979,0.04233213508343834
