Model,MAE,RMSE,R2,MAE / Mean,RMSE / Mean
M24,93.56464166666666,107.60632378095087,-1.7856478793544737,0.042166020092010134,0.048494071368750745
M36,155.77479999999994,169.8654508852386,0.08135331261242307,0.0536414600550964,0.0584936125637874
M48,252.88508333333334,258.2541970370585,-1.0351185534480036,0.08945087693441414,0.09135004758864264
ALL_MODELS,164.49983124999997,184.37929250175947,0.6836143522568654,0.060622516957968796,0.06794862159705835
