Model,MAE,RMSE,R2,MAE / Mean,RMSE / Mean
M18,83.91137083333346,101.08521531721195,0.7382029824032774,0.0111104712041885,0.013384412181536293
M24,151.28110833333326,186.51884035638776,0.7419837941904744,0.01931854464965068,0.023818390710666146
M36,596.7417624999999,619.6860911015058,-3.5608575236846303,0.07428995007326909,0.07714634983173337
ALL_MODELS,357.16900104166666,450.8406596495446,-0.6350340260407696,0.045429006511960676,0.05734328344101314
