Model,MAE,RMSE,R2,MAE / Mean,RMSE / Mean
M18,90.27407083333331,100.55986524087486,0.2852876404443564,0.03409141647784491,0.03797577992480168
M24,127.51875833333331,150.06368522431842,0.2532172413564441,0.0397130982040901,0.04673425263915242
M36,89.62307291666666,108.62322143833646,0.3931944471347456,0.032393393924790286,0.03926081406183755
ALL_MODELS,99.25974374999998,118.56370080219534,0.7903281449385046,0.034851163420111325,0.04162899032620659
