Model,MAE,RMSE,R2,MAE / Mean,RMSE / Mean
M36,122.60371458333334,141.959347570476,0.644112623077804,0.04706928288063474,0.05450018142642327
M48,119.38982499999999,139.9263301535341,0.1636481847791459,0.04871976943872953,0.05710016363193204
ALL_MODELS,120.99676979166667,140.94650444915445,0.5677869318634344,0.04786935265851788,0.055761967357302274
