Model,MAE,RMSE,R2,MAE / Mean,RMSE / Mean
M18,116.40062499999999,134.53211104737844,0.6485581437228499,0.029706983272897412,0.034334378982518766
M24,122.88021249999997,140.54995727116182,0.7054679222316087,0.02604796986371545,0.029793576824630883
M36,197.7683395833333,228.62729776918363,0.34603665045275944,0.04364382137668499,0.05045382373485487
ALL_MODELS,158.70437916666666,188.67568865799026,0.7786713108393375,0.035868267234194826,0.04264198667305544
