Model,MAE,RMSE,R2,MAE / Mean,RMSE / Mean
M24,298.8372583333333,305.84247324556503,-2.228315138031491,0.13254900663475577,0.13565616363070027
M36,203.23474375,235.12510183136953,0.0717176760768482,0.08146361336116911,0.09424638737290804
M48,233.91378750000004,248.07806456155848,-3.3465111036765878,0.10017184840211982,0.10623759523004485
ALL_MODELS,234.80513333333337,257.7062143119548,-0.29286452617051406,0.09804739758679787,0.10761018422609486
