Model,MAE,RMSE,R2,MAE / Mean,RMSE / Mean
M36,257.8870833333336,313.7820604649928,0.8627699294899001,0.027873846243917404,0.033915281038700576
M48,385.5345416666666,475.6335931313969,-0.10833167150411804,0.03915207305024108,0.04830187485387424
ALL_MODELS,321.71081250000003,402.91841381645713,0.7044817796804882,0.03368868638696968,0.04219252681349619
