Model,MAE,RMSE,R2,MAE / Mean,RMSE / Mean
M12,212.20253333333335,233.5662128304948,-0.0238495354814654,0.04996282656254599,0.0549928787334021
M18,278.3373458333333,305.8944082933023,0.014863162876000424,0.054590222116893294,0.05999498070606086
M24,604.5347833333334,611.6272442999059,-7.283979438804456,0.11890733170515827,0.12030236410363833
M36,239.24527499999996,274.8155059621833,-0.22433115432036543,0.047614553324874985,0.054693734549778994
ALL_MODELS,333.579984375,386.56694539504963,0.2184884939987014,0.06858640530294918,0.07948089944084463
