Model,MAE,RMSE,R2,MAE / Mean,RMSE / Mean
M24,93.02740833333333,97.6467279959071,-3.73444855578024,0.03546265446805807,0.03722356923507371
M36,72.66919791666665,90.56055898041951,0.6320963817749795,0.026728490751099593,0.033309120404745804
M48,65.32169166666671,84.38753739225463,0.2880162556028061,0.023437294064882656,0.03027808188689058
ALL_MODELS,75.92187395833334,90.91007870572977,0.5291187622291611,0.027995006337622433,0.03352167296235859
