Model,MAE,RMSE,R2,MAE / Mean,RMSE / Mean
M36,212.71417083333333,241.6272364041562,0.8834875034880146,0.031990601099744644,0.03633890729685115
M48,232.35111458333327,264.22271161985003,0.09019070457188794,0.0329743649254349,0.0374974578028809
ALL_MODELS,222.53264270833333,253.17717384082675,0.8047827782392715,0.03249674654278339,0.03697180938756477
