Model,MAE,RMSE,R2,MAE / Mean,RMSE / Mean
M18,49.15621249999996,57.85742754083446,0.838275263430976,0.010639105223288354,0.012522349226066185
M24,98.66362499999995,106.29813032824623,0.6646198363498248,0.019016897291132928,0.0204884082324334
M36,130.2407979166667,155.42209169156573,0.7151109935979363,0.026206600321108043,0.03127349266270307
ALL_MODELS,102.07535833333333,125.45798859029132,0.8383610874498549,0.020675496778168344,0.025411678991353524
