Model,MAE,RMSE,R2,MAE / Mean,RMSE / Mean
M24,237.17541666666668,244.9901078067116,-0.4542968237704359,0.046757873465967895,0.04829849831080745
M36,426.40763541666666,444.71459001989894,-5.168619362752333,0.08316159931415013,0.0867319753977976
M48,248.9638000000001,285.5806339753262,-6.573232493831577,0.04491701772585812,0.05152327526504464
ALL_MODELS,334.738621875,366.44187280455105,-1.0721101853381017,0.06415664308160406,0.07023294865704278
