Model,MAE,RMSE,R2,MAE / Mean,RMSE / Mean
M36,170.50301041666663,203.25587857830672,0.8719712793244258,0.034729790114236235,0.041401227962244
M48,116.30809375000001,148.08280517792167,0.848790165166816,0.022919544547626673,0.02918103410161769
ALL_MODELS,143.4055520833333,177.82219963491858,0.8686171030525209,0.028726953847181123,0.03562128556185952
