Model,MAE,RMSE,R2,MAE / Mean,RMSE / Mean
M12,90.48944583333333,103.09375887572965,0.5633758243167702,0.02394349359999118,0.02727859291332714
M18,142.87285416666663,173.19445350855275,-0.8037746723600467,0.03615623121777364,0.04382959060498821
M24,167.61109999999996,181.42577288882265,0.18487618312421994,0.048129533381191664,0.052096417197077576
M36,497.8236749999999,512.4570150531993,-9.929576096396938,0.1301684138276662,0.13399466548941333
ALL_MODELS,224.69926874999996,289.8931463448191,-0.5033605090476112,0.05976921977129841,0.07711056324510923
