Model,MAE,RMSE,R2,MAE / Mean,RMSE / Mean
M12,202.1454083333333,213.03709361112635,0.031050586556912063,0.027390048891749372,0.02886583701244895
M18,188.28583333333327,226.34366484654845,0.09151727022453715,0.022496888472912285,0.027044138661182895
M24,177.78046250000014,225.7572666105467,-0.26858084932469506,0.02292770412961124,0.029115099270013278
M36,343.60860416666645,371.72615764369067,-0.685395282916196,0.043569904318101337,0.04713523737378589
ALL_MODELS,227.9550770833333,267.28399576782084,0.6065904360610026,0.029048114314537535,0.03405976371682967
