Model,MAE,RMSE,R2,MAE / Mean,RMSE / Mean
M24,93.62615416666671,107.92122366618281,0.7667986073218169,0.022922071019800275,0.026421868712201365
M36,254.5250166666667,280.5321389699999,0.00411936104396271,0.051523934597688066,0.056788600861852986
M48,106.96276666666665,136.24919172580127,0.6980444359459372,0.022032222184077722,0.02806464864412811
ALL_MODELS,177.40973854166668,216.5683464600189,0.7617017980817393,0.03770814215054621,0.04603123853714019
