Model,MAE,RMSE,R2,MAE / Mean,RMSE / Mean
M18,182.13747083333337,233.5349598518237,0.46790196042308674,0.029831093595386774,0.03824914891625734
M24,327.56750416666665,344.0886512498675,-0.7068566414058801,0.05169329769466472,0.054300493352249575
M36,192.25299375000006,222.68307604645173,0.18798004388822231,0.029611170758942908,0.034298069753403514
ALL_MODELS,223.55274062500004,260.8213383271035,0.30999697082002653,0.035167023781627865,0.04102973724259282
