Model,MAE,RMSE,R2,MAE / Mean,RMSE / Mean
M24,106.64718333333333,110.39319552955926,-0.17071541304594717,0.05433443861846434,0.05624295099899001
M36,150.7092666666667,168.7800590732643,-0.6756930041473928,0.06373046251431594,0.07137206268625397
M48,156.17529166666668,164.16218902907426,-1.3004772496517485,0.06979251466343916,0.07336174539982836
ALL_MODELS,141.06025208333335,155.00749869570362,0.4135958191434994,0.06318429372626236,0.06943160233101384
