Model,MAE,RMSE,R2,MAE / Mean,RMSE / Mean
M36,252.5910145833333,345.8250584002285,0.3434896929027762,0.038832649629589294,0.05316619574984055
M48,129.58585624999992,152.52512050385536,0.5319200949776419,0.02000817391975655,0.02355001715839622
ALL_MODELS,191.0884354166666,267.2628700383174,0.38491630798293175,0.029440683357406506,0.041176754170564066
