Model,MAE,RMSE,R2,MAE / Mean,RMSE / Mean
M18,316.9199791666667,324.19648101013337,0.4351451422661182,0.048681089712819134,0.049798810469865534
M24,126.27135833333325,149.95711025070634,0.9542129716250721,0.015018150552554628,0.01783522794002157
M36,136.44686458333334,162.31484287099067,0.8633026115191857,0.0161216424780678,0.019178028558154918
ALL_MODELS,179.02126666666663,212.29855725284915,0.9534467721219333,0.022486430585449142,0.02666631099167656
