Model,MAE,RMSE,R2,MAE / Mean,RMSE / Mean
M12,140.64184999999998,165.75876282269863,0.14842516435958963,0.027175418652582762,0.032028615771486274
M18,261.5570625,280.3165343990633,-2.8348203356774118,0.0481947754318618,0.051651415167581725
M24,444.18602500000014,470.38815892814534,-2.722189309322596,0.08702491122376511,0.09215843243026872
M36,315.59844583333336,338.8445279826053,-8.72739037262794,0.05731076549412468,0.06153211316013201
ALL_MODELS,290.49584583333336,332.4657730931026,-0.867270467596952,0.054776086580766825,0.06268996349964223
