Model,MAE,RMSE,R2,MAE / Mean,RMSE / Mean
M36,409.99390208333335,446.37850805667836,0.04442828786969599,0.09845219294515511,0.1071892600803466
M48,328.34888750000005,356.02663320989126,-2.5827783259059327,0.08447677052457805,0.09159763087155305
ALL_MODELS,369.17139479166667,403.73799425473726,-0.15437481825258126,0.09170536122755266,0.10029200291997821
