Model,MAE,RMSE,R2,MAE / Mean,RMSE / Mean
M18,253.41962916666662,262.7646218419752,-3.090041866994924,0.053114813812135384,0.05507345272127192
M24,89.67544583333336,119.62912326775657,0.6807075265285969,0.01691019069244852,0.022558586333520522
M36,169.92058333333333,192.17554171159614,-0.04609667632347514,0.03556342928900943,0.04022126781032962
ALL_MODELS,170.73406041666667,198.2544143832989,0.5388285869027811,0.03479021359602482,0.04039799326459692
