Model,MAE,RMSE,R2,MAE / Mean,RMSE / Mean
M12,396.4142125,410.44923909119944,-1.550232596899206,0.09400384455774248,0.09733204626303046
M18,376.5933416666667,398.7155903587022,-0.34319547514775395,0.07301799306840306,0.07730729408074626
M24,425.66795,431.7628385389387,-2.330621738986722,0.0902627720200387,0.091555191462653
M36,651.4849333333333,659.2343059269709,-17.966279458222395,0.13671220697916392,0.1383383901428473
ALL_MODELS,462.540109375,486.9424295334741,-0.3364471088883181,0.09812159946435554,0.10329822012072665
