Model,MAE,RMSE,R2,MAE / Mean,RMSE / Mean
M18,304.1952166666667,321.6584365606758,-0.9177540566217679,0.05958478363775852,0.06300542315472814
M24,387.4773041666667,395.06111613905233,-4.475791643104527,0.07243186955268754,0.07384952595111151
M36,319.94988333333345,354.9795396095763,-1.574595658620511,0.05894434107098995,0.06539785180721745
ALL_MODELS,332.89307187500003,357.6165482673255,-1.0427859062634686,0.06248347355310983,0.06712402877584175
