Model,MAE,RMSE,R2,MAE / Mean,RMSE / Mean
M18,45.08113333333328,52.12220967083029,0.8548941035392343,0.019357472313169782,0.022380853275006295
M24,89.61491250000002,99.95352232476812,0.7914299142471137,0.029954428211306252,0.033410182807961375
M36,190.51445416666664,223.79085634066448,-1.6612710251897647,0.06459987567021523,0.07588327908753166
ALL_MODELS,128.93123854166666,167.9822357642868,0.7229261388014747,0.04596940015524432,0.059892720353613635
