Model,MAE,RMSE,R2,MAE / Mean,RMSE / Mean
M36,131.92994166666662,158.1638424015794,0.8748954566786605,0.024727687772115807,0.029644719480176537
M48,187.7493083333333,219.61877108245722,0.10226391848680949,0.03404030610703169,0.03981846996327753
ALL_MODELS,159.83962499999996,191.37424807820983,0.7286295906861794,0.02946131914084774,0.035273717627727845
