Model,MAE,RMSE,R2,MAE / Mean,RMSE / Mean
M18,283.74764166666677,320.2076759538957,-3.5558686327531683,0.03559414704006859,0.04016780204520911
M24,116.87972916666672,144.33235515559375,0.9495489121750378,0.012139985025793726,0.014991415900937619
M36,279.1631875000001,370.6134481683432,0.4309605931695888,0.0298867256676644,0.039677231634111604
ALL_MODELS,239.73843645833344,315.4653072886993,0.8458207145104342,0.02643141454395113,0.0347803816290915
