Model,MAE,RMSE,R2,MAE / Mean,RMSE / Mean
M24,479.98567083333336,487.4629490802819,-0.42418910431579393,0.0640030674608025,0.06500011544190529
M36,401.35919791666674,461.28602784218594,0.5226505993916907,0.044782266537733796,0.05146869426734881
M48,227.3439999999999,263.7738413226059,0.6386418584483855,0.025892902564491935,0.0300420084648286
ALL_MODELS,377.51201666666674,428.00886820747434,0.7333315122963165,0.044147643341275765,0.0500529308374599
