Model,MAE,RMSE,R2,MAE / Mean,RMSE / Mean
M12,116.97607499999992,129.81530536013136,0.7598712554670748,0.025240733281786613,0.028011142436509023
M18,191.7889416666667,239.06488518201323,0.615004165864542,0.03851634729637006,0.04801062075852524
M24,138.4234583333333,144.75075027185807,0.13708571909048883,0.025336233917771855,0.02649434505406827
M36,75.58788333333337,93.92498929216953,0.7884145151071074,0.01411571387442907,0.017540089972626724
ALL_MODELS,130.6940895833333,161.07352059745364,0.8543897859792683,0.02558594821890319,0.03153332159535118
