Model,MAE,RMSE,R2,MAE / Mean,RMSE / Mean
M18,229.34295416666671,237.83230496239278,-1.0422811055281138,0.06847676565357486,0.07101149922366512
M24,234.56140833333325,264.1637432646921,-0.7820274291546994,0.05920713707260123,0.06667925072677622
M36,222.29263125,261.3061478400914,-2.043900737980571,0.06297316009395768,0.0740252782511856
ALL_MODELS,227.12240624999995,256.37301649032514,0.1654972239447503,0.06321760220353724,0.0713592623458139
