Model,MAE,RMSE,R2,MAE / Mean,RMSE / Mean
M36,74.90997499999997,91.023979193832,0.9165156963238076,0.02735230111518507,0.03323609823140422
M48,133.95324791666664,153.34646226067687,0.2540214348670392,0.04665023978988456,0.05340407453084975
ALL_MODELS,104.43161145833331,126.09619795248459,0.7721629406833359,0.037229553227597315,0.044952912704432524
