Model,MAE,RMSE,R2,MAE / Mean,RMSE / Mean
M12,71.87717500000001,97.74384284437483,0.7631120399302931,0.01216341637111047,0.016540703752318
M18,232.08507916666676,261.73700127088546,-0.5575838321865683,0.03441271407389103,0.03880939102002503
M24,111.77045416666662,129.3237654017314,0.5529067860055858,0.017285650123078106,0.020000324575938255
M36,147.5829708333333,185.25380428327796,0.6435836121422684,0.02213426382457521,0.027784076681468733
ALL_MODELS,140.82891979166666,179.65503398692346,0.7996799372858314,0.021844807009946808,0.027867355310368613
