Model,MAE,RMSE,R2,MAE / Mean,RMSE / Mean
M36,175.0441854166667,212.72613572613886,0.9614266755925696,0.022615588704749962,0.02748407084120776
M48,158.25984374999993,197.02720004303174,0.7783818363039359,0.017575557936041528,0.02188086938088077
ALL_MODELS,166.6520145833333,205.02698161189969,0.9608580344174954,0.019905259307460028,0.024488844279586943
