Model,MAE,RMSE,R2,MAE / Mean,RMSE / Mean
M36,383.1938770833333,452.25958438653834,-0.3159780901585878,0.08883380632012092,0.10484494332636493
M48,171.64395624999997,208.92099633834425,0.24134792854308906,0.0436401431204712,0.05311775829611702
ALL_MODELS,277.41891666666663,352.2688705949554,0.13016774265279463,0.0672794048175422,0.08543195335829862
