Model,MAE,RMSE,R2,MAE / Mean,RMSE / Mean
M24,63.764604166666686,72.24378808080722,0.8366926739742931,0.012789798084476913,0.014490538669324664
M36,120.12919791666668,140.06597269243122,0.8271147182309538,0.0219107243281858,0.02554705241228682
M48,155.3900624999999,169.9251914179013,0.4596803109455969,0.027580566792637005,0.030160442799571287
ALL_MODELS,114.85326562499999,135.3981988499374,0.86727004129249,0.021283944838129946,0.0250912133827646
