Model,MAE,RMSE,R2,MAE / Mean,RMSE / Mean
M24,162.12222083333324,198.10365275236066,0.48274052702068404,0.025275155739461992,0.030884727893159516
M36,159.939475,215.431481886409,0.27734698609425323,0.022326027516772668,0.030072183196644103
M48,165.08870833333322,208.81674580300057,0.690194027486726,0.023897038600723747,0.030226790707310096
ALL_MODELS,161.77246979166662,209.5655848040961,0.7558799827477961,0.023402677341675625,0.030316627850250338
