Model,MAE,RMSE,R2,MAE / Mean,RMSE / Mean
M12,47.196391666666635,66.07295357600312,0.7296243660614925,0.01782565466448444,0.02495516312829024
M18,98.17726666666668,112.90840320819423,0.3826684245812708,0.033882952502840055,0.038966964481337074
M24,146.62859166666672,150.40117859719388,0.3066544009333282,0.05682819862737184,0.058290323558056564
M36,127.46015416666671,141.33877096867158,-0.6777408926926005,0.04524744035380953,0.05017424975591459
ALL_MODELS,104.8656010416667,122.17927955635567,0.591166506193658,0.03833376247539193,0.04466280110354678
