Model,MAE,RMSE,R2,MAE / Mean,RMSE / Mean
M24,138.0836874999999,166.38415366973922,0.4528139942291257,0.02222824133073981,0.02678395390753063
M36,385.11015625,439.46649607402355,0.2312305630075987,0.054396330769276045,0.06207409618908833
M48,324.7168,360.75109525696985,-5.174742664642905,0.04610735343710619,0.051223953462944546
ALL_MODELS,308.2552,368.8111446474531,0.5157797639243269,0.04497757269290922,0.05381330166802013
