Model,MAE,RMSE,R2,MAE / Mean,RMSE / Mean
M24,50.88633333333335,62.21671626620937,0.8949416002662777,0.02300380485967226,0.028125846494425028
M36,85.88288125000001,108.43572899068002,0.38917122435059615,0.03194775293525013,0.04033723401831008
M48,70.24180833333327,87.77920377932153,0.3245946305132933,0.027098591866259417,0.03386434481118336
ALL_MODELS,73.22347604166664,93.66525909130085,0.8542858338665124,0.028769737041357143,0.03680137873315277
