Model,MAE,RMSE,R2,MAE / Mean,RMSE / Mean
M12,486.4350541666666,504.11174356077,-3.2563874961435726,0.11911965900046934,0.12344837913452726
M18,819.6899166666666,831.32383119905,-8.09076136280103,0.17512558975911122,0.17761115912170136
M24,771.4654666666667,784.1493968277512,-2.289701094359895,0.192753926875989,0.1959230607548308
M36,1017.9972125,1037.7563711368482,-25.74115420179681,0.2529264169694711,0.2578356771668308
ALL_MODELS,773.8969125,811.9508181989522,-2.894350349217177,0.1843558166022735,0.19342092430166136
