Model,MAE,RMSE,R2,MAE / Mean,RMSE / Mean
M24,144.23315416666676,159.24827328005404,0.19230372638573623,0.0293616837015989,0.032418326126818754
M36,177.77966875,203.51217895319508,0.6327986431460141,0.03310081846075073,0.03789195771061153
M48,177.84680833333334,234.5716936609911,-0.14698533567074357,0.03232329478761994,0.04263292703473496
ALL_MODELS,169.40982500000004,202.00142695920442,0.6772334297145922,0.032030407269762314,0.03819251908545718
