Model,MAE,RMSE,R2,MAE / Mean,RMSE / Mean
M36,184.5893791666667,217.55818227192609,0.7632671302913883,0.04117828404649369,0.048532979885822086
M48,135.89245416666662,175.24007294147816,0.5832922358754087,0.029695020053628084,0.03829320407897147
ALL_MODELS,160.24091666666666,197.5356244301255,0.7192883911177461,0.03537733827012855,0.04361111226293505
