Model,MAE,RMSE,R2,MAE / Mean,RMSE / Mean
M24,403.3640625000001,412.42794788331173,-3.271218299969325,0.05193946669528128,0.05310658448480018
M36,403.12047500000017,453.82215413270796,0.2856713990519908,0.048088809471737895,0.05413708421568379
M48,404.5481458333334,420.44827862142427,-2.5058425611120687,0.049450725781807085,0.05139430929466325
ALL_MODELS,403.53828958333344,435.54065893847996,0.1756990561497921,0.049343556816256774,0.053256718891065064
