Model,MAE,RMSE,R2,MAE / Mean,RMSE / Mean
M18,48.963633333333405,59.53081158834201,0.8663464797601156,0.006757371638212117,0.008215726457394112
M24,80.8660916666668,100.50719282549314,0.7572143831351134,0.009849506709161423,0.01224179689719979
M36,337.2181645833334,396.19841680992715,-0.7754243956510845,0.04404542075402388,0.051749068713524006
ALL_MODELS,201.06651354166675,286.17825926483874,0.5418120625673386,0.026139338363744217,0.03720415806444449
