Model,MAE,RMSE,R2,MAE / Mean,RMSE / Mean
M18,185.70433333333335,210.15820610007123,-0.05326744075256307,0.040745856303081834,0.04611134222321302
M24,227.9717916666667,253.12053136000745,0.2931226483550272,0.048686780330669706,0.054057669229210153
M36,121.22642499999995,150.6743483495933,0.5615287971002105,0.024589330718976333,0.03056248984026706
ALL_MODELS,164.03224375,195.98596473237674,0.5481442834833825,0.03435207753875956,0.04104391248379301
