Model,MAE,RMSE,R2,MAE / Mean,RMSE / Mean
M24,91.29545416666667,118.8745892315248,-3.3318074037631957,0.043008104659835907,0.05600027757933096
M36,46.676725000000005,59.522185513845045,0.7339861239086307,0.017782456307443212,0.022676198109946206
M48,46.15861666666664,56.137570372753316,0.8289039957640337,0.01715402291731185,0.020862522281605442
ALL_MODELS,57.70188020833333,78.05186722463587,0.9052690724974097,0.022935493954951966,0.031024259910421674
