Model,MAE,RMSE,R2,MAE / Mean,RMSE / Mean
M36,218.07022083333334,252.21882218740632,0.6234942275158114,0.06828386739034001,0.07897674676431583
M48,124.46588750000001,153.34896497125575,0.1699377198257186,0.03692025979804472,0.045487833977803926
ALL_MODELS,171.2680541666667,208.72259020450795,0.5910633947030343,0.0521777576084542,0.06358848865359006
