Model,MAE,RMSE,R2,MAE / Mean,RMSE / Mean
M36,163.22638749999996,190.32678566776167,0.3421981971774607,0.03237093383574208,0.03774546432341142
M48,226.62743749999996,283.4126323354709,0.20247475766140421,0.04419878676082204,0.0552735125106762
ALL_MODELS,194.92691249999996,241.39905292890327,0.26885420676965144,0.03833433766531735,0.04747355143720545
