Model,MAE,RMSE,R2,MAE / Mean,RMSE / Mean
M12,31.553587500000088,37.266968678772145,0.9782206137907659,0.0067900375687041225,0.008019503880520147
M18,104.18406249999998,138.75529256956744,0.7478649428103175,0.021682803205050376,0.028877772955389604
M24,396.43326666666667,416.34709370373497,-1.972701318085765,0.08509890880469392,0.08937363823199206
M36,97.5420083333333,113.98332714120589,0.6270255757053839,0.019360295406804603,0.02262359492704925
ALL_MODELS,157.42823125,227.47470160014313,0.3781096073287936,0.03288539958091168,0.04751750303787623
