Model,MAE,RMSE,R2,MAE / Mean,RMSE / Mean
M24,329.97902083333315,344.6199483032146,0.28467563476477575,0.03603718846554633,0.03763613212326753
M36,299.3838854166666,349.76785355629835,0.7660198255377906,0.026589841205814427,0.03106470367306812
M48,210.4813333333333,231.75496588831885,0.7972125861276984,0.018931369572957067,0.020844788657108898
ALL_MODELS,284.8070312499999,322.9351234169049,0.9104664160056279,0.026621574385468163,0.030185495674006392
