Model,MAE,RMSE,R2,MAE / Mean,RMSE / Mean
M18,142.20061250000003,145.72663718012262,0.3091442661455157,0.06109148467707291,0.06260631698988514
M24,106.00397500000007,121.79341244457088,0.6222009072309171,0.037657386876655985,0.04326650629330957
M36,82.62792083333333,100.30839142669181,0.6516684684734133,0.029994253951448235,0.03641233296892692
ALL_MODELS,103.36510729166669,118.52577238721257,0.7994271988210673,0.0388145271129226,0.044507493161325726
