Model,MAE,RMSE,R2,MAE / Mean,RMSE / Mean
M24,93.7543916666666,116.65345711850613,0.7959969455794977,0.01807792748278659,0.02249337551997033
M36,198.77965833333337,227.67710148598974,0.14031011904519297,0.03445477708846407,0.03946361436386438
M48,131.53060416666668,148.8990287748449,0.3829640317161227,0.02222332554242992,0.025157883295525943
ALL_MODELS,155.711078125,186.7168142602017,0.7410542729143925,0.027506791930649067,0.032984040838032164
