Model,MAE,RMSE,R2,MAE / Mean,RMSE / Mean
M24,32.99062916666666,39.47550364381581,0.49721286947697474,0.016309790713962012,0.019515760051324094
M36,93.33865416666667,108.27001635351505,0.6606085574543397,0.04194092470722598,0.04865020440325326
M48,70.6061375,85.70571123631676,0.258451133973148,0.032315254204965865,0.03922607783804879
ALL_MODELS,72.56851875,89.92855109590705,0.7060037269663288,0.03352426915358963,0.04154403319044631
