Model,MAE,RMSE,R2,MAE / Mean,RMSE / Mean
M24,85.04245000000002,104.4996605256488,0.7997578022927843,0.030353332738467034,0.03729799608303696
M36,122.25933958333337,145.17400817448998,0.6683833742703629,0.04333036733488391,0.051451636522136225
M48,133.08418750000004,152.214324304768,-0.17941303589365254,0.04642336705328335,0.05309647660408756
ALL_MODELS,115.6613291666667,138.05828920462065,0.6254659856755787,0.04089998710765843,0.048819966788015215
