Model,MAE,RMSE,R2,MAE / Mean,RMSE / Mean
M12,54.521195833333344,65.82320675485266,-0.33990789961849877,0.019509597435515138,0.023553853617361918
M18,82.3729458333333,102.35222221858646,0.777667688035744,0.023550827932907647,0.02926300072960635
M24,164.3763166666666,176.3463344314557,0.30645643992299576,0.05046023458385028,0.05413479011978533
M36,117.45909583333342,128.13514207875906,0.35288077380192373,0.03653187025373872,0.03985231073128343
ALL_MODELS,104.68238854166667,124.82519401500001,0.8345797288021697,0.032802834890864045,0.03911470006116967
