Model,MAE,RMSE,R2,MAE / Mean,RMSE / Mean
M36,200.08378749999997,251.4510237343124,0.9535478566314991,0.027597367279205753,0.034682401515055805
M48,177.58959583333345,212.67536959048653,0.7503260942155051,0.020829435323267607,0.024944636170547457
ALL_MODELS,188.83669166666672,232.8716708484351,0.9539672848275402,0.023939742858350245,0.029522270645085585
