Model,MAE,RMSE,R2,MAE / Mean,RMSE / Mean
M12,177.63481249999995,188.99864719111193,-1.0268255596013796,0.04829821908031131,0.051388001819287474
M18,86.92855833333333,106.54707984076018,0.807986008246,0.0193847656213705,0.023759627560308888
M24,81.41327500000001,98.10624316877939,0.8668409517968854,0.022617416367635146,0.02725488871455846
M36,171.8808,200.22505352673772,-0.37157448414298355,0.04599894289633024,0.05358446553420205
ALL_MODELS,129.46436145833331,155.55358873322433,0.8583844087313647,0.033413481179579686,0.0401468547097145
