Model,MAE,RMSE,R2,MAE / Mean,RMSE / Mean
M12,445.83360833333336,454.408757505956,-9.906936476592026,0.09834384110586203,0.10023538335823737
M18,175.0752458333334,202.16592394954844,0.6108235369500381,0.03178130171696545,0.036699055856509816
M24,152.8478458333333,164.85916357172232,0.6529114619128356,0.027524034724410625,0.029686969535267154
M36,149.2420874999999,182.32574199612134,0.3880447192672568,0.027166413342738158,0.033188603517007684
ALL_MODELS,230.749696875,277.38943730452564,0.687961813496202,0.04376674872613542,0.052613000000463234
