Model,MAE,RMSE,R2,MAE / Mean,RMSE / Mean
M18,269.15745,283.43461996120755,-3.0743866494806973,0.049541600263821886,0.05216948162886228
M24,107.34724166666665,132.7687932134437,0.4137480985381853,0.017793835124457827,0.022007701170833557
M36,134.2639770833333,172.23902705259684,0.55632396360985,0.02441930947987435,0.0313260354525273
ALL_MODELS,161.2581614583333,198.30235823355625,0.6241349102821626,0.02871619062282042,0.03531286893321672
