Model,MAE,RMSE,R2,MAE / Mean,RMSE / Mean
M18,82.88848750000004,93.21289661172388,0.63883333714071,0.016973462056961493,0.01908763944882658
M24,162.91805833333328,195.43662277453475,0.22239559295410782,0.028841222680366735,0.03459795197047181
M36,190.0659791666667,226.19042328946534,0.6824005282543488,0.03733968133131966,0.04443656020322736
ALL_MODELS,156.48462604166664,193.13747227816688,0.792536481329947,0.03022020450531279,0.037298577231039146
