Model,MAE,RMSE,R2,MAE / Mean,RMSE / Mean
M36,129.56894375000005,153.29739916544506,0.927220530705479,0.02529521533824924,0.029927624710481448
M48,118.79166666666669,143.54119311699924,0.6395494428600488,0.02118363859271093,0.025597121780346857
ALL_MODELS,124.18030520833338,148.49943890860578,0.911416304198874,0.023146420562326357,0.027679352699943413
