Model,MAE,RMSE,R2,MAE / Mean,RMSE / Mean
M36,207.61618958333318,299.8569871523439,0.9274300907767777,0.027834241815698532,0.04020058313985724
M48,123.96149166666675,146.37079206994736,0.888838962296464,0.014646454909760452,0.0172941869070367
ALL_MODELS,165.78884062499995,235.94344821933993,0.9424995083644874,0.020824337387231197,0.029636288856979574
