Model,MAE,RMSE,R2,MAE / Mean,RMSE / Mean
M18,242.20665416666665,260.87160856892723,-0.6489579855492276,0.047749755212012676,0.051429451819926836
M24,302.5304458333333,316.8727399876519,-3.6409974035889565,0.058380081209294846,0.06114775074136566
M36,337.63268958333333,376.7269549470265,-0.7999290001420731,0.06361076522722098,0.07097621357539337
ALL_MODELS,305.0006197916667,336.2695074906211,-0.7449284876086464,0.05845700085049972,0.0644500555402263
