Model,MAE,RMSE,R2,MAE / Mean,RMSE / Mean
M24,122.45767916666661,129.83276541349093,0.3810079235129462,0.04086008647536423,0.04332090938054419
M36,213.72484166666666,271.26741556278466,0.42281727407894154,0.05608533190461091,0.07118556232444571
M48,135.5239291666667,167.1637682833328,0.22976836918732646,0.037511813212160364,0.04626943810029048
ALL_MODELS,171.3578229166667,219.07321486995124,0.7487095563933289,0.048163814961206274,0.06157525582642459
