Model,MAE,RMSE,R2,MAE / Mean,RMSE / Mean
M18,186.4246249999999,217.6745037042406,-0.6860265182838705,0.039749740136284066,0.04641288647644146
M24,126.20585833333337,147.683036255754,0.6621192236545099,0.02341771245670461,0.0274028394833784
M36,194.4915354166667,221.17704405036355,0.5941797163777207,0.04030494983248714,0.04583505212938836
ALL_MODELS,175.40338854166666,204.34715461092108,0.7323918058514038,0.035560222120385954,0.04142810619594748
