Model,MAE,RMSE,R2,MAE / Mean,RMSE / Mean
M12,176.52340000000007,208.6537201121175,0.14319671529833278,0.029340491575076365,0.03468096987174461
M18,241.3685916666667,263.5260109429381,-0.3377509386611284,0.035017325966583655,0.03823188494469204
M24,252.92804583333336,276.52124201234597,-0.054858530348732115,0.0391885880476956,0.042844110086548676
M36,183.86386250000007,221.24330803900696,-0.06761442136958706,0.028115531697993003,0.033831407409596476
ALL_MODELS,213.67097500000008,244.1285173818376,0.6095645357712403,0.03299566265060242,0.0376990005447527
