Model,MAE,RMSE,R2,MAE / Mean,RMSE / Mean
M18,56.59441666666667,77.4781200860228,0.8918264861954727,0.01876291251674932,0.025686547803795323
M24,155.95325416666668,200.93487181637673,-0.9418455681608673,0.05088820138407364,0.06556589201496976
M36,238.5872708333333,281.78091172775225,-0.006709950260727293,0.08065546626851375,0.09525726473833965
ALL_MODELS,172.43055312499996,226.48324785300048,0.15207601579156493,0.05749062483720056,0.0755125074892528
