Model,MAE,RMSE,R2,MAE / Mean,RMSE / Mean
M36,163.5470020833334,180.5756334984256,0.0400953476558531,0.06068440577603936,0.06700290972561053
M48,281.71036875,287.8512369161199,-1.7067126674022028,0.10421333985850147,0.10648503608346374
ALL_MODELS,222.62868541666668,240.27681328781802,-0.7869802132338148,0.08248179888544127,0.08902026148763692
