Model,MAE,RMSE,R2,MAE / Mean,RMSE / Mean
M36,244.92663749999997,329.0715760885148,0.763931155019593,0.04014477824976438,0.053936581113493205
M48,586.63450625,665.4020117608889,-1.8791498877354709,0.08789492079346994,0.09969658534647251
ALL_MODELS,415.7805718749999,524.9037718691004,0.29058829781346407,0.06509104427959432,0.08217443759620761
