Model,MAE,RMSE,R2,MAE / Mean,RMSE / Mean
M12,30.374583333333323,39.65704985854763,0.3444499658741723,0.015868651907964906,0.02071810872254823
M18,68.68884999999999,82.98907408208424,0.5500543259742423,0.028655676267621544,0.034621456621356565
M24,117.39616250000006,137.3329132580798,-3.255896188823237,0.05088509842875205,0.05952663749672955
M36,146.79420416666673,163.9720680532702,0.04725553716910891,0.06299955116054506,0.07037176126173035
ALL_MODELS,90.81345000000003,116.41202277482184,0.7202873959617375,0.04059457627118645,0.05203741006883449
