Model,MAE,RMSE,R2,MAE / Mean,RMSE / Mean
M18,154.0373166666666,168.50237108442022,0.3584872017030991,0.03495089152343675,0.03823299587825066
M24,99.20276666666662,114.01531861600505,0.7912287010849709,0.019154811096093186,0.02201492925584187
M36,171.40152708333335,200.444724818646,0.6438970208366477,0.03575023595154086,0.041807948443914826
ALL_MODELS,149.010784375,174.46254422900222,0.8067423026584567,0.03108425278464674,0.03639359291351236
