Model,MAE,RMSE,R2,MAE / Mean,RMSE / Mean
M36,100.75136458333334,120.1982417782243,0.8847348458859068,0.028997892344684095,0.03459502200808744
M48,105.938,122.72172898577125,0.7091512043084219,0.033619993388429754,0.03894639994259187
ALL_MODELS,103.34468229166669,121.46653879121105,0.8713769986904882,0.031196138329617675,0.0366664918070588
