Model,MAE,RMSE,R2,MAE / Mean,RMSE / Mean
M18,48.04198333333331,58.370159681481645,0.6089694634206644,0.019046328691544007,0.023140952349068496
M24,48.61687083333336,60.26897057208424,0.8483110850749139,0.01574741750455497,0.019521631604427044
M36,190.81809791666663,201.30067282344348,-1.5397657149169475,0.06697379112160806,0.07065299026407978
ALL_MODELS,119.57376249999999,148.39419304120568,0.6104198286363892,0.04229720661333647,0.052491949003304256
