Model,MAE,RMSE,R2,MAE / Mean,RMSE / Mean
M36,115.49340833333333,170.1696926293379,0.7621744198403164,0.03810118007683902,0.056138841134359824
M48,78.66156666666663,89.51526516497988,0.7581855772089995,0.02737562135668918,0.031152901075367844
ALL_MODELS,97.07748749999998,135.9608527980021,0.7790810560072394,0.03288173084047519,0.046052161852101633
