Model,MAE,RMSE,R2,MAE / Mean,RMSE / Mean
M12,184.29983750000005,196.94371781535605,-0.21928581239180778,0.04212327009885151,0.04501313475009566
M18,293.04265833333335,318.660282470103,0.0812687677965257,0.058019153763023947,0.06309115550600543
M24,275.96279166666676,305.9568248198797,-1.0219732428644814,0.061828278302106986,0.06854831261542661
M36,252.33659166666664,278.73166304941174,-0.3058267649712769,0.05288273736235908,0.0584144108242814
ALL_MODELS,251.4104697916667,279.1201006068059,0.41526010068450125,0.05388991124557624,0.05982947910252725
