Model,MAE,RMSE,R2,MAE / Mean,RMSE / Mean
M18,283.8557291666666,318.82639296786374,-2.7839980510345437,0.057497046039583055,0.06458060877941284
M24,335.8936625,370.5299306624618,-20.453920826474818,0.06524001667125262,0.07196735619749028
M36,212.79296874999991,250.07462135846356,-0.01972509155433566,0.042008630758980335,0.049368606926019576
ALL_MODELS,261.3338322916666,301.66924390165514,-1.0353825719167653,0.05170735748454738,0.05968809816827302
