Model,MAE,RMSE,R2,MAE / Mean,RMSE / Mean
M18,401.0546500000001,423.71937150019477,-4.547349139530355,0.054266240443813014,0.05733297767406735
M24,170.38457083333324,207.0934017846868,0.6495196281627031,0.019806977341199482,0.02407432959803386
M36,272.87286666666665,313.7160580783296,0.18080795417502593,0.03447341331045265,0.03963334084612867
ALL_MODELS,279.2962385416667,323.7519548356757,0.6308440587912684,0.03510547561563197,0.0406932310128532
