Model,MAE,RMSE,R2,MAE / Mean,RMSE / Mean
M18,79.96036249999996,98.89711808152572,0.9037663374092136,0.022289897206574122,0.027568741900884108
M24,194.1593499999999,221.01261298433093,0.5789199711426887,0.04912472880230239,0.055918938102870026
M36,143.65754166666656,174.56639052735534,0.1982739165839713,0.033298381333178785,0.040462743356865116
ALL_MODELS,140.35869895833324,172.89741500850377,0.8179137993242183,0.03472470363574511,0.042774773064397024
