Model,MAE,RMSE,R2,MAE / Mean,RMSE / Mean
M18,263.03059583333334,276.1326813658389,-3.5250894487356916,0.05369934840120112,0.056374221465162716
M24,103.02857499999998,136.3222647597198,0.8380443676127183,0.017087652205160803,0.02260952796866249
M36,200.61912916666665,250.6610485310982,0.45497113616444107,0.033481279488204715,0.04183276369275842
ALL_MODELS,191.82435729166664,234.7844437398516,0.8278637485810201,0.0334894982159679,0.04098964970234444
