Model,MAE,RMSE,R2,MAE / Mean,RMSE / Mean
M24,289.5935416666667,306.8076055430368,-4.65264031127331,0.058826598842130214,0.06232337858476558
M36,290.76659166666667,348.9864396989552,0.448478170508781,0.05150584518867054,0.06181879917169426
M48,323.1284208333334,369.3445259707703,-1.6653563940712504,0.058585074750893314,0.06696432522718747
ALL_MODELS,298.56378645833337,344.2852581331103,0.4529637496552097,0.05496134869682606,0.06337802165458332
