Model,MAE,RMSE,R2,MAE / Mean,RMSE / Mean
M12,58.39799583333335,64.18876957948915,0.7727518388753886,0.033442742608986144,0.03675894127532844
M18,219.1068333333333,230.6434241006956,-5.754038357434396,0.12397302968149561,0.13050055822940554
M24,276.66467083333333,296.7824240770929,-11.850562404536236,0.16984581009873637,0.1821961983386256
M36,151.03369166666664,160.78633211232795,-4.381790719162268,0.07520193771913444,0.08005792350150144
ALL_MODELS,176.30079791666662,206.9109947877549,-0.5060234925178448,0.09861774841074225,0.11574023866324326
