Model,MAE,RMSE,R2,MAE / Mean,RMSE / Mean
M12,96.82015416666665,124.95714208879613,0.060662516111942066,0.02036354131977916,0.026281407502682565
M18,396.7681875,463.31382434703346,-3.8407023029121143,0.07085251640649415,0.08273584267867679
M24,90.47920833333337,134.61175677624396,0.6664786694531601,0.01745186774680941,0.025964269799642004
M36,257.57689166666665,270.19667595421424,-2.219928739235033,0.04640363161410909,0.04867714232129908
ALL_MODELS,210.41111041666667,283.46100082249706,0.46308010596082716,0.039907669784947294,0.0537626934021391
