Model,MAE,RMSE,R2,MAE / Mean,RMSE / Mean
M18,270.8056041666667,288.46823509598727,0.0980748131425121,0.05432046085183205,0.057863379599355565
M24,305.8334999999999,338.0364971631687,0.1832201927140067,0.05726280806047696,0.06329234388806491
M36,341.22796874999995,367.7158059006045,-1.1248972944443887,0.05993772551287023,0.06459039427967261
ALL_MODELS,314.7737604166667,342.02062214580013,0.3348508596635035,0.05798996536140243,0.06300958505838054
