Model,MAE,RMSE,R2,MAE / Mean,RMSE / Mean
M36,131.04159999999993,157.30431082781996,0.852510012116655,0.027884652350469014,0.0334731567736038
M48,239.61485416666665,281.0994514669542,-0.6704431419114816,0.04512928034152485,0.0529425272620089
ALL_MODELS,185.3282270833333,227.77351450513066,0.7413644115906475,0.037032547577269474,0.04551402474141349
