Model,MAE,RMSE,R2,MAE / Mean,RMSE / Mean
M18,115.53027500000003,137.84318836889437,0.3390081017913821,0.03880544421429772,0.04630012485099738
M24,451.41054583333334,465.2464628832474,-3.5269589577361806,0.11962516535085299,0.12329172538174722
M36,210.84987083333328,249.39986024932006,-1.345102107126389,0.0610204679878692,0.07217692915046733
ALL_MODELS,247.16014062499997,299.9398257942067,0.2058280747735145,0.07236691157632763,0.08782046650637387
