Model,MAE,RMSE,R2,MAE / Mean,RMSE / Mean
M12,53.72382916666667,65.67547983964727,0.7716887588286009,0.022767550148326036,0.027832524299892896
M18,117.06292083333334,132.40811915711433,0.008018347061513498,0.04756802228129286,0.05380347865450017
M24,146.94829166666668,154.45660904993673,-1.6383752561273575,0.06069213030683715,0.0637931924004626
M36,109.85099166666664,129.95997325341176,-2.4464469804157463,0.04447783719949388,0.05261981203006128
ALL_MODELS,106.89650833333333,125.09158384772034,-0.07810927302587567,0.04402826852698012,0.05152241106826935
