Model,MAE,RMSE,R2,MAE / Mean,RMSE / Mean
M18,88.38109999999995,97.06019481016227,0.4361625416784044,0.0337799818451101,0.037097203118881
M24,38.61545416666669,52.5267853687724,0.5806306207605764,0.014264597506541488,0.019403460810382293
M36,269.1027166666667,315.5310826613824,-0.07338273760400571,0.11424037216542259,0.1339502951122011
ALL_MODELS,166.300496875,229.8366119924609,0.3109048587570189,0.0662906673144238,0.09161741948202784
