Model,MAE,RMSE,R2,MAE / Mean,RMSE / Mean
M18,80.57924583333333,88.86639898158685,0.14038157479092805,0.03066278579356271,0.03381629262023283
M24,133.37275,141.617183834122,-0.5739161254947189,0.04684608292233166,0.049741872587319116
M36,109.41585000000002,130.81307767386227,-0.015284618978723241,0.04201198934493765,0.05022780178020645
ALL_MODELS,108.19592395833335,124.67636725345939,0.3613542269844502,0.04050859443859445,0.04667887857857377
