Model,MAE,RMSE,R2,MAE / Mean,RMSE / Mean
M12,264.87817916666665,299.517668836582,0.6438398535686292,0.03850416593479143,0.04353955489111495
M18,167.21076666666673,201.15606567061104,0.8341903850533838,0.022221930339442947,0.02673318332185982
M24,203.7189375,258.8677350096787,0.5268323133977447,0.02645399873391011,0.03361536643688915
M36,156.5107125000002,193.69699435882808,0.4727998729875291,0.019430155544405445,0.02404667813952894
ALL_MODELS,198.07964895833342,242.232133785995,0.8366405817170626,0.026270764527176863,0.03212658837529585
