Model,MAE,RMSE,R2,MAE / Mean,RMSE / Mean
M18,91.30846249999998,108.90347731556633,0.6411655194916753,0.023187242484842708,0.027655392138035445
M24,317.31154166666676,354.16517487456565,-1.519950198741327,0.0676810966939211,0.07554180765188034
M36,163.61070625000002,218.7843013308737,0.49577170392043857,0.03667596286316065,0.04904400876060439
ALL_MODELS,183.9603541666667,241.36387441114238,0.5955453953815875,0.04193266628042816,0.05501745658015003
