Model,MAE,RMSE,R2,MAE / Mean,RMSE / Mean
M36,82.20269166666667,100.90943517835889,0.9229106593628011,0.027897432779258612,0.03424600980338403
M48,113.93817083333333,127.9635353931899,0.48586105638944266,0.040587413448907955,0.0455835729097725
ALL_MODELS,98.07043125,115.23319942260473,0.8470647980089997,0.034088728528806886,0.04005440990270998
