Model,MAE,RMSE,R2,MAE / Mean,RMSE / Mean
M12,288.5059416666665,302.5262689747921,-0.650975626623582,0.03730238118326489,0.03911513966768492
M18,343.54643333333314,393.0105552349557,-0.14966781808706497,0.04284689864471603,0.04901603332937836
M24,500.60598333333337,508.651850656428,-1.6664106089451152,0.0652783391559948,0.06632750930858443
M36,147.77354166666677,185.05728381265277,0.24310658750100755,0.017963385047079276,0.022495605149613622
ALL_MODELS,320.10797499999995,367.0668683680884,-0.011404506878189169,0.04045928656630741,0.046394544266826
