Model,MAE,RMSE,R2,MAE / Mean,RMSE / Mean
M36,117.15618333333333,142.64463941499284,0.9170782343380346,0.02368585965799006,0.02883894655850247
M48,209.06376875,239.49549817070195,0.1874644615767117,0.04079873518590044,0.04673747855261397
ALL_MODELS,163.10997604166667,197.11111941981613,0.7658193641433888,0.03239355317190231,0.039146161888147846
