Model,MAE,RMSE,R2,MAE / Mean,RMSE / Mean
M18,37.86740833333335,44.38353024528546,0.9173317661225753,0.017767351566929296,0.020824709700433056
M24,49.65834583333329,64.28717544723631,0.8897477877485307,0.018149980202241702,0.023496774651767655
M36,125.94755833333333,157.28938829173683,0.08067649065102411,0.048789305140828014,0.06093043852799102
ALL_MODELS,84.85521770833333,117.87985623336523,0.8262070223400905,0.033839862498701835,0.04700993331977593
