Model,MAE,RMSE,R2,MAE / Mean,RMSE / Mean
M36,276.2901979166667,333.8989044337906,0.28615601234444643,0.05118795714114783,0.06186105384306168
M48,338.2905458333333,366.2245195101979,-1.6097579532734505,0.06202684681174533,0.06714864618639248
ALL_MODELS,307.29037187499995,350.4346423176232,-0.17425518045701227,0.05663555672026908,0.06458731830947301
