Model,MAE,RMSE,R2,MAE / Mean,RMSE / Mean
M18,160.8211125,179.6783616230529,0.3843518829723509,0.022638638176571337,0.025293155567142563
M24,133.42949166666662,187.06077347211243,0.785003139878554,0.015866912096242743,0.02224453389024392
M36,244.9316812500001,314.3944955774397,0.27647120390322644,0.028809066360199084,0.03697933987203125
ALL_MODELS,196.0284916666667,257.37319416866,0.8602551138461081,0.024114031926971348,0.03166022126968701
