Model,MAE,RMSE,R2,MAE / Mean,RMSE / Mean
M36,132.80753333333328,182.59235476561688,0.5516372343834102,0.030379443189508085,0.04176761610742387
M48,56.07839166666664,72.07851575875429,0.877333352818904,0.012590097287184278,0.016182267335922384
ALL_MODELS,94.44296249999995,138.80792566139348,0.6791908520068088,0.021401584371562504,0.03145506508739484
