Model,MAE,RMSE,R2,MAE / Mean,RMSE / Mean
M36,371.19073125000006,408.57349792690025,0.4456309428549651,0.07351009006630169,0.0809133205728729
M48,162.74517083333328,200.8028707223081,0.6453354603187116,0.034426876853716676,0.042477547363351784
ALL_MODELS,266.9679510416667,321.9115531466235,0.5559478916296706,0.054612588698576145,0.06585218630446221
