Model,MAE,RMSE,R2,MAE / Mean,RMSE / Mean
M36,296.2351375,381.86660274896064,0.38377079212200005,0.06991521543522193,0.09012531742190742
M48,186.3590229166667,258.85984691011976,-0.07783233432017567,0.04749689698565839,0.06597501580543903
ALL_MODELS,241.29708020833334,326.2135210543572,0.38830170928139296,0.05913660980516298,0.0799477626961091
