Model,MAE,RMSE,R2,MAE / Mean,RMSE / Mean
M36,127.7053791666667,152.89085645720448,0.8884211022413742,0.023295487867444474,0.027889718623314325
M48,265.2116333333333,298.92258722238324,-0.826543090860971,0.04775325565867162,0.05382315455159911
ALL_MODELS,196.45850625,237.41348649554516,0.5680783399950097,0.03560394814589677,0.04302617190607878
