Model,MAE,RMSE,R2,MAE / Mean,RMSE / Mean
M12,419.34049583333336,425.9790472211247,0.18752909658758843,0.046641325343640225,0.047379701050649245
M18,296.88797916666664,306.65662367719,0.8699297200432766,0.026270075912591756,0.02713445254910929
M24,371.3989583333334,380.66073338193814,-0.3058886620668655,0.03193341812058898,0.032729758897884556
M36,727.7138541666667,763.4093559718973,-0.04231601784756123,0.06502694697728449,0.06821662034948427
ALL_MODELS,453.83532187500003,500.79758192327887,0.8322910248275869,0.04210609872777669,0.046463180388813606
