Model,MAE,RMSE,R2,MAE / Mean,RMSE / Mean
M36,114.65378333333335,137.79668055451452,0.8942660316291952,0.02730976344427518,0.032822246592678024
M48,179.09336874999997,202.44283610400313,0.32107698278977514,0.0376526726818799,0.04256167549819172
ALL_MODELS,146.87357604166664,173.1632568729221,0.8484560602612381,0.032803577485825686,0.03867526390803863
