Model,MAE,RMSE,R2,MAE / Mean,RMSE / Mean
M12,181.62862916666674,193.99052833587334,0.4153626120781363,0.02887845388417051,0.030843961947060274
M18,274.3067625000001,287.7199173434522,-0.11830686132934032,0.041814524078708365,0.04385918634317942
M24,356.2766999999999,392.07649703084724,-0.8436065174737304,0.05452901810482815,0.060008264377301904
M36,133.7759041666667,170.50909296843358,-0.04742095686991332,0.019618111771031923,0.025004999702072674
ALL_MODELS,236.49699895833336,275.32363058274353,0.22285823789317427,0.03610336899084524,0.04203059941821599
