Model,MAE,RMSE,R2,MAE / Mean,RMSE / Mean
M24,62.431270833333315,90.56144748295443,0.7693569269446779,0.023100234340070604,0.033508698943787774
M36,99.53691458333333,124.58781676332677,0.8241546520236992,0.03766176809080877,0.04714027435471926
M48,117.21187916666666,134.51180122739385,0.06177551332333009,0.04328355951501723,0.049672009315876606
ALL_MODELS,94.67924479166665,119.72786706877227,0.7563089966255687,0.03540582942173226,0.04477290083790249
