Model,MAE,RMSE,R2,MAE / Mean,RMSE / Mean
M24,129.64300416666666,140.55019083800784,-4.058430364912585,0.05450906781591072,0.059095050544177366
M36,125.41273125000002,156.23661156969249,0.4762525133299751,0.04822214202747628,0.06007415672964505
M48,48.74805833333335,69.64102905037976,0.5995007382585306,0.017432589811213928,0.024904037924233968
ALL_MODELS,107.30413125000001,135.48430412907078,0.6268490723196384,0.041365449807050585,0.05222882955957255
