Model,MAE,RMSE,R2,MAE / Mean,RMSE / Mean
M36,88.91414166666664,116.64253372918722,0.8944988696336105,0.02844020124612667,0.037309443367880495
M48,214.20057083333327,264.2044794992026,-1.1435231715617382,0.06703631254319505,0.08268555958612102
ALL_MODELS,151.55735624999997,204.21739355673054,0.49110081760252877,0.047948702045551156,0.06460893221189805
