Model,MAE,RMSE,R2,MAE / Mean,RMSE / Mean
M36,242.28421250000005,296.4527517573831,0.49364421083550425,0.052818554734513884,0.06462742963450246
M48,122.36772291666665,136.51568539664146,0.6605224490256083,0.024337356790957262,0.027151203469911244
ALL_MODELS,182.32596770833334,230.78211194093814,0.6728932668596288,0.03792498959967412,0.04800418341479546
