Model,MAE,RMSE,R2,MAE / Mean,RMSE / Mean
M12,101.97153333333328,142.99010734598906,0.9038342018530223,0.012171042933801472,0.01706690758417789
M18,250.96587499999995,311.64415598506866,0.8794729139821744,0.02312277004226698,0.028713370508477
M24,322.6265,340.81621658356187,-0.32045415204214533,0.028261730954536168,0.029855130369103443
M36,691.2978333333335,720.4046102459832,-0.07300931802870414,0.06195604748514691,0.06456467833220782
ALL_MODELS,341.7154354166667,433.79336864124133,0.8993557879078988,0.0326958373574371,0.041505989949018884
