Model,MAE,RMSE,R2,MAE / Mean,RMSE / Mean
M12,97.17007499999988,131.00406125752983,0.5180199377169764,0.02002766847298676,0.027001171991280846
M18,149.22063750000004,193.71659126499836,-2.8822973550403272,0.03067044027850335,0.03981602841864534
M24,246.48605833333338,276.88765866968504,0.2055495969576392,0.0556140396728401,0.062473477560143285
M36,273.2830875000001,286.5974776817502,-3.5744759188970203,0.05465024163847553,0.057312809041961815
ALL_MODELS,191.53996458333336,231.02655233458466,0.37509800069220867,0.040008870002654524,0.04825682890577363
