Model,MAE,RMSE,R2,MAE / Mean,RMSE / Mean
M24,83.80366666666662,93.58866253254624,-2.3161801357915923,0.039149920193093754,0.043721102129114134
M36,131.85422291666669,156.7461630017243,-1.2694280176031318,0.05099510676013215,0.06062215634584455
M48,73.11053749999998,95.26374979393832,0.5663375399302928,0.029623394448946506,0.03859957447080159
ALL_MODELS,105.15566249999999,129.3954587794324,0.6236848663064132,0.0430091838647557,0.052923379926487796
