Model,MAE,RMSE,R2,MAE / Mean,RMSE / Mean
M18,93.45390000000002,103.39933576089436,0.6689912927512984,0.01757560769194603,0.019446017351242535
M24,276.2193291666667,309.3597040275655,0.0888875129242993,0.043504245252063894,0.04872381840809001
M36,550.6647458333333,580.8933743364709,-3.380071411905452,0.09459697297219916,0.099789854439798
ALL_MODELS,367.75068020833334,441.94713309621085,0.0519454499499975,0.06310923845037289,0.07584199977339821
