Model,MAE,RMSE,R2,MAE / Mean,RMSE / Mean
M18,101.89906250000001,131.2975814648144,0.9273497699807736,0.01613869733064969,0.02079481278355196
M24,101.88018749999992,123.99357942457975,0.9420280123672101,0.014799114519340751,0.01801130550105564
M36,291.4596083333334,332.79779441697036,0.2690406410625712,0.038168522429024326,0.04358202549289991
ALL_MODELS,196.67461666666668,252.05267632710692,0.8756484419261051,0.027632137452618947,0.035412572886186336
