Model,MAE,RMSE,R2,MAE / Mean,RMSE / Mean
M18,194.78986666666663,231.81675422307518,-0.552840166375933,0.039969535665124865,0.047567197330384864
M24,138.94792500000005,166.87429792512742,0.7373224968609429,0.026179132059474662,0.03144073063857577
M36,291.55341875000005,364.46424583986027,-0.26721389231738146,0.05369369698085844,0.06712125983767958
ALL_MODELS,229.2111572916667,294.64148207514927,0.37957346329637087,0.04357436720516771,0.05601305052301731
