Model,MAE,RMSE,R2,MAE / Mean,RMSE / Mean
M18,188.38942916666664,203.96373650505558,-1.4451702711321674,0.039297260440658816,0.042545996924265216
M24,94.04377083333331,120.66295557360557,0.5440051058992809,0.017650443792766368,0.022646419814401044
M36,609.3291625,638.294042730691,-3.630175387672824,0.12826294698066046,0.1343600142572169
ALL_MODELS,375.27288124999995,466.63672289797336,-0.8773450028614171,0.07649523653813486,0.09511874766053474
