Model,MAE,RMSE,R2,MAE / Mean,RMSE / Mean
M12,54.5555374999999,71.11923474036692,0.7893358395127456,0.012496257802210364,0.016290267363080094
M18,122.46644166666665,150.54664499544097,0.4310758075044152,0.024615133242885615,0.030259111601515697
M24,237.67872916666673,245.9229507860161,-1.1374385950223198,0.04626274918492808,0.047867437826348204
M36,149.09410000000003,180.29054381022044,0.4445447795636812,0.028176594169803303,0.03407226366163197
ALL_MODELS,140.94870208333333,173.71313693854952,0.812620405938421,0.02851769389647614,0.03514681576905403
