Model,MAE,RMSE,R2,MAE / Mean,RMSE / Mean
M12,71.29894166666666,82.23306229431078,0.6149273299849465,0.03229179672019777,0.03724393755663148
M18,133.07844583333332,148.2247298120591,-0.3260935460879566,0.048118035133180664,0.053594575079688726
M24,135.15279583333333,140.1678101740003,-0.6320010806048946,0.052430528885009535,0.054376029550577167
M36,96.58073750000001,112.20364323879112,0.08982374164765328,0.03687519209659715,0.04284012532383567
ALL_MODELS,109.02773020833335,123.46003364165104,0.7335656080736167,0.04287998828310638,0.04855613141601732
