Model,MAE,RMSE,R2,MAE / Mean,RMSE / Mean
M12,54.571425000000055,64.42810048577412,0.7442251574974768,0.014727970132805576,0.01738813196957706
M18,315.8093666666667,328.85691150628116,-0.36705682034780507,0.06916164613559632,0.07201903345333285
M24,194.04043333333337,231.39324840995258,0.20168773620608582,0.05095209356776333,0.06076037989298419
M36,173.79887499999992,218.49460205934525,-0.691414560424517,0.04419224045684256,0.05555712597523267
ALL_MODELS,184.555025,231.073892357205,0.6659433950646678,0.04610237859189233,0.05772292609293105
