Model,MAE,RMSE,R2,MAE / Mean,RMSE / Mean
M12,125.64290833333335,138.44939919231322,-1.1467594392801481,0.05558191034431911,0.06124724582716798
M18,80.80973749999998,92.89994941382501,0.6808499367987453,0.028629708305039702,0.0329130935893803
M24,134.0317375,148.4099691466724,0.1782233468836124,0.04915664511988264,0.05442991579211384
M36,65.15242499999998,90.70714476985809,0.46268591457984554,0.023963375835223434,0.033362524895429936
ALL_MODELS,101.40920208333334,120.4698528597715,0.784124483544829,0.038527349862477,0.04576886587861593
