Model,MAE,RMSE,R2,MAE / Mean,RMSE / Mean
M36,132.0840625,164.82926410379423,0.8908301665528283,0.02765627453717436,0.03451259215936785
M48,130.6539979166666,156.49594772144195,0.6535819287733233,0.02645944797674447,0.03169284104071494
ALL_MODELS,131.36903020833333,160.71662633067967,0.8447178675088458,0.027047882632763053,0.033090329122716686
