Model,MAE,RMSE,R2,MAE / Mean,RMSE / Mean
M24,75.12067500000005,86.60667481882778,0.6882826470423498,0.010596545198072183,0.012216763815986052
M36,388.9860062500001,462.4021557877559,0.19968787731599613,0.05080163549494742,0.060389796529878276
M48,207.48411249999992,228.38345247750814,-0.012198357724030995,0.02808092606481663,0.030909445384395256
ALL_MODELS,265.1442,349.0312395914757,0.4125610262090659,0.03559953175152621,0.04686260795488376
