Model,MAE,RMSE,R2,MAE / Mean,RMSE / Mean
M24,59.451525000000025,77.13323575683292,0.8822778292378128,0.013372038274462768,0.017349068518823185
M36,157.6903833333333,184.76257578686398,0.2812462488388956,0.031412426958831334,0.03680529398144701
M48,49.52404166666671,63.75824179490451,0.9307690005681912,0.009674317713802009,0.012454910125246894
ALL_MODELS,106.08908333333333,139.90091875850027,0.8393114635136647,0.021645219564653727,0.0285438049672832
