Model,MAE,RMSE,R2,MAE / Mean,RMSE / Mean
M12,26.14325416666668,31.44220260376569,0.9040515577055027,0.011929841807050241,0.01434788877990601
M18,69.78435,87.32709756382421,-0.9090318108029609,0.03162014839428323,0.039568983358162266
M24,139.9797791666667,155.8868273642867,-0.20622561670687944,0.07369781068333883,0.08207269621022004
M36,61.579049999999995,79.997645605376,0.28550990231309636,0.026410829550734476,0.03431043808801286
ALL_MODELS,74.37160833333334,99.14000242284163,0.7268488207270123,0.03447386047589617,0.04595488369414785
