Model,MAE,RMSE,R2,MAE / Mean,RMSE / Mean
M12,242.3900500000001,285.85533473500493,-0.8618562325300609,0.06342591175219968,0.07479942033428318
M18,237.7264666666667,270.08963156029023,0.021031405626344313,0.05620786160424015,0.06385978323889194
M24,311.9282083333333,333.4834176846667,0.13837892443258304,0.07747282963024288,0.0828264431127899
M36,144.34421250000003,174.89748151226692,-0.3502055329589533,0.03422472708232482,0.04146905836036401
ALL_MODELS,234.09723437500006,272.2416207998029,0.22159502971735967,0.05746524213901612,0.066828771819312
