Model,MAE,RMSE,R2,MAE / Mean,RMSE / Mean
M24,360.8475083333333,368.0168156560693,-1.0247392035229068,0.057660642498085814,0.05880624238986427
M36,269.2676520833333,309.72630284179763,0.4921206785879594,0.04009022283293113,0.04611395539745245
M48,204.17393749999988,236.01517787325923,-0.498008752615998,0.028717120068449783,0.0331955992226624
ALL_MODELS,275.88918749999993,309.43509260274493,0.547071015902162,0.041175890240584545,0.04618254714891914
