Model,MAE,RMSE,R2,MAE / Mean,RMSE / Mean
M36,263.7449250000001,291.1231482714576,-1.765622026428534,0.06556571665328743,0.07237181094870117
M48,163.82382499999997,204.78755725201339,0.5249706790019715,0.039137489859198384,0.048923720009837905
ALL_MODELS,213.78437500000004,251.68495293196585,0.042075289820485584,0.05208880067816227,0.0613233186333932
