Model,MAE,RMSE,R2,MAE / Mean,RMSE / Mean
M36,155.00905208333333,187.74316778917074,0.3775477225326396,0.062442801873174664,0.07562919243580009
M48,110.25674583333335,131.45104659644215,0.059492391941818545,0.05032304620270619,0.059996484036144646
ALL_MODELS,132.63289895833336,162.05998072135625,0.5528376771723772,0.05676082390124955,0.06935427107006505
