Model,MAE,RMSE,R2,MAE / Mean,RMSE / Mean
M24,189.9397,197.69758034973725,-3.122947569663543,0.10463315812426836,0.10890678560363794
M36,174.556275,193.08812516110356,0.4139173295535208,0.08684121762383011,0.09606075689741168
M48,113.33367083333337,145.5997129979987,-0.5108707316905734,0.05630670710249034,0.07233719982511787
ALL_MODELS,163.09648020833333,183.6094073418492,0.24858878237489757,0.08312545910159963,0.09358029223664384
