Model,MAE,RMSE,R2,MAE / Mean,RMSE / Mean
M24,118.94226666666673,141.75115359823653,0.4662908541646492,0.018975859180770317,0.022614752558315784
M36,181.52257708333323,224.13595141735726,0.3859759833638593,0.024984683873520718,0.03084996908281355
M48,106.13967916666672,137.97946862054783,0.7957844633780526,0.015272995059596622,0.019854589340319136
ALL_MODELS,147.03177499999998,186.81914566149763,0.854235237361971,0.02119507417123276,0.02693054374744357
