Model,MAE,RMSE,R2,MAE / Mean,RMSE / Mean
M18,213.71564999999995,247.778088237474,0.6706076730150314,0.03049813057438458,0.0353589851212949
M24,202.7845625,239.00163666050227,0.7968573083983386,0.023026038266102705,0.02713846046049931
M36,467.59333333333353,495.2361739769136,-0.7467491951024603,0.05673328041980316,0.060087196992249646
ALL_MODELS,337.9217197916667,390.20299184129783,0.7543384867799833,0.04185026639798957,0.04832509484125078
