Model,MAE,RMSE,R2,MAE / Mean,RMSE / Mean
M24,67.05360416666662,73.83347765161868,0.7088303715924118,0.028792272735405126,0.031703495314956226
M36,207.78136458333327,231.87000480715253,-0.4992079398880225,0.06977651030188545,0.07786588470803738
M48,232.0300875,235.5875277973958,-3.0318089666413197,0.07907308626198083,0.08028541948367056
ALL_MODELS,178.66160520833333,205.2317372717721,0.5864215651391924,0.06370036396994648,0.07317373168763253
