Model,MAE,RMSE,R2,MAE / Mean,RMSE / Mean
M24,47.33921666666671,61.99827059518142,0.8976102963357699,0.011490333542345122,0.01504842830846451
M36,199.23745625,225.92881243061987,-0.8029410943787387,0.04205706426375714,0.047691346608571814
M48,255.89971250000008,289.0681425744406,-0.3599801814485113,0.05090632102449336,0.057504541603767875
ALL_MODELS,175.4284604166667,217.653298378896,0.6808619505902876,0.037683160966091915,0.04675332758511484
