Model,MAE,RMSE,R2,MAE / Mean,RMSE / Mean
M18,53.641479166666635,66.78553875967769,0.8900066893265808,0.026228414554641005,0.03265530376970631
M24,46.72178333333335,57.900482404215204,0.86605286528486,0.022141713563572467,0.027439361366845664
M36,100.41764583333334,140.05820318664695,0.378047895191455,0.04392082482869223,0.061258872949400904
ALL_MODELS,75.29963854166667,108.44972868777198,0.7301191294012418,0.03450962328914265,0.0497022210903949
