Model,MAE,RMSE,R2,MAE / Mean,RMSE / Mean
M12,117.19027916666666,124.90544630423946,-1.2468849556447426,0.049885893934019154,0.053170108394851846
M18,166.48583749999997,196.66913224018,0.001752901511388294,0.05914239342806393,0.06986470061818117
M24,42.437183333333316,53.28301131860258,0.7929778111678755,0.018933900951814388,0.02377290808385005
M36,105.46038750000001,120.17528170768074,-0.10541772443994124,0.042328070439494284,0.04823410865249077
ALL_MODELS,107.89342187499999,133.7547155442243,0.7234592763688441,0.04360651586339294,0.054058690732231705
