Model,MAE,RMSE,R2,MAE / Mean,RMSE / Mean
M36,170.81081874999998,204.64187588151862,0.4088388728113802,0.05756091590084176,0.0689615206671831
M48,102.27606666666668,118.070931524506,0.606061920607589,0.03621112758440103,0.041803343683301894
ALL_MODELS,136.54344270833332,167.06142917407874,0.5206994378974685,0.04714965720904133,0.05768778758007409
