Model,MAE,RMSE,R2,MAE / Mean,RMSE / Mean
M24,154.16127083333333,166.96682258499615,0.6055392391286631,0.03959028506002953,0.04287888952896514
M36,304.06288958333334,379.80403280559347,-0.4700646451362822,0.0708382574636102,0.08848385246377272
M48,312.9925041666667,341.30023543904923,-2.1236302725120364,0.0704878538787077,0.07686293059461177
ALL_MODELS,268.81988854166667,328.96275519641455,0.07744250138302566,0.06355455725318675,0.0777735694063277
