Model,MAE,RMSE,R2,MAE / Mean,RMSE / Mean
M18,73.18582500000001,87.75484860631158,0.6689697315880283,0.04272793130290942,0.05123373471225742
M24,84.57043333333333,92.20630556510676,-0.44085630865084613,0.04869932338403954,0.053096389787479305
M36,156.13125833333334,184.96790961573015,-0.5702499952761289,0.08309458254795432,0.09844173036428704
ALL_MODELS,117.50469375,145.45546690921276,0.12587518034118017,0.06521396378688374,0.08072637142311317
