Model,MAE,RMSE,R2,MAE / Mean,RMSE / Mean
M18,202.8896875,215.5160419892305,-0.21458036999990404,0.04454300755593772,0.04731503510621793
M24,152.52151249999997,166.78742700399985,0.6419913035393634,0.029312035457755778,0.032053701108223
M36,176.95533749999996,194.46091716973189,0.2279749681713048,0.03239617601177784,0.03560101768641134
ALL_MODELS,177.33046875,193.58157632785264,0.8038384205214076,0.034295336693621496,0.0374382664448108
