Model,MAE,RMSE,R2,MAE / Mean,RMSE / Mean
M12,199.76438333333337,213.60257806861404,-0.9135622493207021,0.026456230617267606,0.0282889220367002
M18,355.7708333333334,369.9906883317021,-1.4524711830596595,0.04205701845120234,0.04373800139867034
M24,313.1743083333333,345.8691585416237,0.1254571281155228,0.041933861492197556,0.04631168331110399
M36,817.2906666666664,834.6962439692006,-10.613015083022528,0.10594042700282469,0.10819660631193358
ALL_MODELS,421.5000479166667,499.7155354139761,-0.12170521989984628,0.05405073881623766,0.0640806425066344
