Model,MAE,RMSE,R2,MAE / Mean,RMSE / Mean
M18,190.3005375,210.09099584189005,0.32603269375047794,0.032316862431541256,0.035677680682997905
M24,195.09982499999998,215.5967068098289,-0.08970566485548948,0.03210726980992347,0.03548040925036269
M36,457.82837083333317,541.1449397853821,-1.087139725482189,0.0768023436571676,0.09077899553949667
ALL_MODELS,325.2642760416666,411.18604616150645,-0.6621820875920656,0.054466402172699616,0.06885424009849121
