Model,MAE,RMSE,R2,MAE / Mean,RMSE / Mean
M24,443.95209583333326,448.865196325329,0.0663325975259017,0.0487946579288426,0.049334655509948644
M36,705.3437916666666,795.1232585192636,-0.19471505352041163,0.06021331516906287,0.0678775484084767
M48,907.3194583333334,950.9122564098865,-0.6366851316593347,0.08149941988412654,0.08541511652408519
ALL_MODELS,690.489784375,769.7655611189847,0.6326069613900797,0.06326153632524516,0.07052465236792645
