Model,MAE,RMSE,R2,MAE / Mean,RMSE / Mean
M18,204.1704916666666,210.72193234226745,-2.515064326321414,0.07597277124872087,0.07841059220773387
M24,133.63027500000004,155.84998026612007,0.4706336590182235,0.039739868406378956,0.0463477135470414
M36,259.2263479166666,281.95049726889147,-1.2510047146503558,0.09106511925759493,0.09904801678100947
ALL_MODELS,214.06336562499996,238.58180721681168,0.4145908078202918,0.07291452217231174,0.08126602336382575
