Model,MAE,RMSE,R2,MAE / Mean,RMSE / Mean
M24,99.33209999999993,123.49896070919647,0.735454730634342,0.022205594314403058,0.027608072513908614
M36,164.6950229166667,201.32605097917397,0.78371855480381,0.032539045482609594,0.039776293257873435
M48,93.86247500000006,143.9457809658495,0.7088717810571701,0.017876296660741503,0.027414762753780377
ALL_MODELS,130.64615520833334,171.05316334392788,0.8615906104511437,0.026330826431533092,0.03447457866166394
