Model,MAE,RMSE,R2,MAE / Mean,RMSE / Mean
M36,222.89617916666668,279.3610607377984,0.6650265670456432,0.05389471229164254,0.0675475194336723
M48,254.3642,283.3214377671147,-0.5579802960503066,0.06571798520878862,0.07319942844359373
ALL_MODELS,238.6301895833333,281.3482178324335,0.5047703481595145,0.05961051097701552,0.0702815978847774
