Model,MAE,RMSE,R2,MAE / Mean,RMSE / Mean
M36,298.4025833333332,328.3666702014177,0.6393766431899878,0.03188161133938467,0.03508300242989242
M48,416.1442916666668,429.0024711224474,-0.8893865190748642,0.04650522909294097,0.04794216477434688
ALL_MODELS,357.2734375,382.01295156599923,0.39323006637724367,0.039029126545029165,0.041731710963005694
