Model,MAE,RMSE,R2,MAE / Mean,RMSE / Mean
M12,155.84209166666673,175.373806309366,-0.49014913798628257,0.03398306575444528,0.03824216890110742
M18,134.53724583333337,175.30034590122872,-0.8499367377945,0.026898931171795606,0.0350489703396382
M24,381.9970916666666,447.9561478343221,0.343238873185264,0.09439990732922834,0.11069984501352716
M36,681.2707999999999,703.8160383867666,-8.932540029896415,0.15745251723739453,0.1626630804021648
ALL_MODELS,338.4118072916667,435.1746515726568,0.14580683479734236,0.07536644117653883,0.09691613611756816
