Model,MAE,RMSE,R2,MAE / Mean,RMSE / Mean
M24,37.29372083333332,46.94715312071206,0.09438653995473045,0.015255915389728812,0.01920488971854113
M36,74.92656250000006,94.45804590615445,0.4508597145023291,0.025116978259503195,0.03166434714604763
M48,129.76124166666662,150.62074335406956,0.5536672706956696,0.04618591110649719,0.05361043231395497
ALL_MODELS,79.227021875,103.36257590091596,0.8469099269139606,0.028244193369899032,0.03684844528881057
