Model,MAE,RMSE,R2,MAE / Mean,RMSE / Mean
M18,82.00735000000013,107.55628908032305,0.2848953878878925,0.01921278003924213,0.02519841604365199
M24,135.93010833333327,149.40772509352826,0.18657628750811805,0.027263723278008977,0.02996695082856707
M36,97.87463750000005,124.58154346375916,0.6207597096968986,0.020478543219563237,0.02606649268236101
ALL_MODELS,103.42168333333336,127.40893373501949,0.8400620480117525,0.021989554139563116,0.027089731630071317
