Model,MAE,RMSE,R2,MAE / Mean,RMSE / Mean
M36,462.2104145833335,483.11753610207876,0.16089055727444157,0.057500032137257205,0.06010092584561101
M48,291.7650458333335,333.35430002154317,0.22329352281240544,0.03507704881078808,0.040077059332944455
ALL_MODELS,376.9877302083335,415.0467702754693,0.2514471523300692,0.0460970271340885,0.05075078231519901
