Model,MAE,RMSE,R2,MAE / Mean,RMSE / Mean
M18,122.58587083333327,144.12516224235006,0.5306331821749461,0.018524615442736692,0.02177953452556937
M24,257.3686166666666,276.1981843626993,0.12422042120925858,0.033557417910772096,0.0360125411516656
M36,430.00268958333345,463.4630983303843,-0.4202602468025953,0.057581130859554824,0.06206177300750293
ALL_MODELS,309.9899666666667,362.8545116381476,0.5178927332691428,0.0424316833490176,0.0496678260433772
