Model,MAE,RMSE,R2,MAE / Mean,RMSE / Mean
M18,105.26772916666671,138.72117398594176,0.8021256165553243,0.017699492083508486,0.023324283141814502
M24,309.38622916666674,318.21748083468214,-0.20041629730524968,0.0501927839929699,0.051625508094990176
M36,332.42209583333334,367.0570977739453,-1.7299929979179671,0.05195820422145374,0.05737172073132803
ALL_MODELS,269.87453750000003,312.2369914316978,0.07327616302510098,0.04334079257510795,0.05014403657817096
