Model,MAE,RMSE,R2,MAE / Mean,RMSE / Mean
M24,57.60268749999998,75.63009395063084,0.840308097250309,0.0339738646416986,0.044606366234521286
M36,94.06182083333333,124.59947306433355,-0.7933587298902638,0.05557703783943475,0.0736204080244222
M48,115.49764583333335,139.07710702427661,-0.7431653997828704,0.06135604719111072,0.07388221188593205
ALL_MODELS,90.30599375000001,118.44029105950654,0.3834455556002778,0.0518788771333509,0.0680414339332206
