Model,MAE,RMSE,R2,MAE / Mean,RMSE / Mean
M12,187.02774583333334,189.21935612763363,-1.9806020561074695,0.07573251054496373,0.07661995186541601
M18,58.41953333333331,76.12689247486723,0.7117326014642256,0.02010653358572821,0.026200961099592922
M24,195.08507083333336,209.53130239808146,-1.4859444191601616,0.07689091670498589,0.0825847608479596
M36,79.32247500000001,99.02476570241156,0.08813962847975743,0.028560232233673887,0.03565408549526498
ALL_MODELS,129.96370625,154.36040570551927,0.485676740357707,0.04863171767017084,0.05776083097602368
