Model,MAE,RMSE,R2,MAE / Mean,RMSE / Mean
M18,39.72697083333329,56.20585878366757,0.6727975111361403,0.012604900781322285,0.017833458188125775
M24,49.723562500000014,61.49039975596125,0.8844480248582749,0.013094911776324457,0.016193758439879188
M36,144.2174229166667,187.57283683803283,0.3205394713069307,0.04576817388429753,0.05952724739322695
ALL_MODELS,94.47134479166668,139.0209571096136,0.8315132027868998,0.028517588664970776,0.04196555558095768
