Model,MAE,RMSE,R2,MAE / Mean,RMSE / Mean
M18,170.31427500000004,182.46254623117866,0.5289240797678683,0.04373855158687698,0.04685835929492893
M24,92.82185416666668,107.54325919025368,0.806033867214069,0.022347415885881673,0.02589168208741537
M36,413.0494291666667,450.0327290100332,-1.9905868494998304,0.09311828420597795,0.10145583700840517
ALL_MODELS,272.30874687500005,335.3792807162001,0.04110193921057548,0.0643793952065725,0.07929056816979729
