Model,MAE,RMSE,R2,MAE / Mean,RMSE / Mean
M12,81.68636249999993,107.78996255264016,0.7380928057008598,0.01978756409221202,0.026110855315751177
M18,247.12772916666663,263.39036291499053,0.39435747074856686,0.05575410090337378,0.05942308829712418
M24,242.87156250000007,276.8705273159077,0.04731095317120715,0.05401897502432697,0.061580952278224216
M36,99.72755416666666,124.91479893975232,-0.5623390839179565,0.022237657366372142,0.02785401208345231
ALL_MODELS,167.85330208333332,208.1190495809655,0.4901753543870445,0.03827615554726822,0.0474580899823813
