Model,MAE,RMSE,R2,MAE / Mean,RMSE / Mean
M36,563.60121875,612.9364540485649,-0.10547285715121046,0.06689496374948073,0.07275066218851041
M48,241.84110416666667,303.43615963892097,0.49221793719699125,0.026175463321029217,0.03284215102420658
ALL_MODELS,402.72116145833337,483.613792027298,0.45131554544268937,0.04559693580896602,0.0547557693555193
