Model,MAE,RMSE,R2,MAE / Mean,RMSE / Mean
M36,84.12072500000001,111.8892594539537,0.9502951592044986,0.01570228235211766,0.02088565860690491
M48,162.91913124999994,236.55431408804887,0.47541997706464323,0.029243816821297543,0.04246125655349386
ALL_MODELS,123.51992812499998,185.0366854097066,0.8204608942025118,0.02260553284860778,0.03386378970358251
