Model,MAE,RMSE,R2,MAE / Mean,RMSE / Mean
M24,154.42607500000008,182.10025551822645,0.27816596182000775,0.028217916447774164,0.033274754897005814
M36,233.0902229166667,300.2329190206765,-0.41828281289953684,0.03685281608722147,0.04746843694063628
M48,165.6920041666667,207.89644820131713,0.3631119726178995,0.026581960320325143,0.033352817262474174
ALL_MODELS,196.57463125000004,253.30862971969515,0.6591183318690856,0.03228400748627972,0.04160159246494781
