Model,MAE,RMSE,R2,MAE / Mean,RMSE / Mean
M12,138.33191666666667,168.1056553297633,0.4095798059880086,0.02808389727278879,0.03412850822151248
M18,453.8471499999999,496.62602228362596,-5.579235652078854,0.0851349173844398,0.09315959211835849
M24,123.89647500000001,146.5667362485943,0.7762631457527944,0.024052119261008833,0.02845311474719532
M36,172.91407916666662,232.73465873018614,-0.3293084489409439,0.03254317249707891,0.04380166254596864
ALL_MODELS,222.24740520833328,296.0338438894812,-0.06810483273969781,0.042902575069323365,0.05714628793359071
