Model,MAE,RMSE,R2,MAE / Mean,RMSE / Mean
M36,302.0745166666667,386.3852531114757,0.06895890727701992,0.050580566030495745,0.06469789316846204
M48,110.41608124999992,140.99298925472243,0.666433632814453,0.01928195054335368,0.024621593295036062
ALL_MODELS,206.24529895833334,290.83722839502633,0.3236968901766858,0.03526000160276388,0.049721963075744
