Model,MAE,RMSE,R2,MAE / Mean,RMSE / Mean
M12,40.882775,53.72268936638872,0.6945652328140044,0.014000550783368055,0.018397656242591952
M18,93.23846249999998,104.75523211102032,0.7108675516253871,0.02607035790013281,0.029290555848084533
M24,63.148170833333346,83.56049023963868,0.8489459993551542,0.020795511738635277,0.027517553283542974
M36,113.00853749999997,130.79524776354165,0.28975282930429347,0.03794408007946389,0.04391619841247079
ALL_MODELS,77.56948645833332,97.40320627937028,0.903382817356312,0.024799585378687462,0.031140584275759962
