Model,MAE,RMSE,R2,MAE / Mean,RMSE / Mean
M12,56.115670833333375,71.95737430404259,0.1249574571500085,0.023963134763887423,0.03072803429232095
M18,207.71204166666666,224.8900395477606,-0.5011214140095346,0.07190274191919921,0.07784917207520813
M24,52.61061666666668,65.38690946065455,0.6464002252845422,0.023320739523114718,0.028984094473075175
M36,139.39615,154.82076239766747,-0.7252944932154346,0.05474745696144531,0.06080543132722425
ALL_MODELS,113.95861979166666,144.91230969342828,0.7229755407308806,0.045435026829025185,0.05777618832883047
