Model,MAE,RMSE,R2,MAE / Mean,RMSE / Mean
M36,70.5334625,87.07393597905508,0.6457276588077457,0.031096553814501163,0.03838886168409945
M48,107.20079375,124.02771177489512,0.2729348374203767,0.04914321010056634,0.05685704074412375
ALL_MODELS,88.86712812500002,107.15582955444151,0.5042896772368674,0.03994383535988689,0.048164207664662985
