Model,MAE,RMSE,R2,MAE / Mean,RMSE / Mean
M18,360.26596249999994,372.4388260204738,-6.67806775907491,0.08299545109858991,0.08579974682509307
M24,603.0335166666666,615.0695431892581,-13.482788207328532,0.12711945683870288,0.12965665106051888
M36,460.63165208333334,512.7558541941607,-2.3975540753703446,0.1010914578723093,0.11253077507507324
ALL_MODELS,471.1406958333334,510.60218225819364,-2.719426547278188,0.10355997133351803,0.11223387795860437
