Model,MAE,RMSE,R2,MAE / Mean,RMSE / Mean
M36,502.7547541666666,534.5090501558977,-0.7442338007114435,0.10977577513737763,0.11670927984771595
M48,526.3754416666667,551.5214497488611,-3.232187768809304,0.12165959417945088,0.12747151642420157
ALL_MODELS,514.5650979166667,543.0818696254025,-1.203281334047245,0.11554875768987859,0.12195237417613305
