Model,MAE,RMSE,R2,MAE / Mean,RMSE / Mean
M12,142.31283749999997,165.02307720951865,0.4586158168204236,0.0390134225044833,0.04523917270755649
M18,135.9977083333333,155.53931115174976,0.5962315239355561,0.03643405704079923,0.04166929137290835
M24,257.32647083333336,283.41293865033543,-1.1986294904123795,0.06726097321905053,0.07407955355218473
M36,137.36919166666664,149.8000334604129,-0.28298352225021817,0.03234309062726862,0.035269888389054774
ALL_MODELS,168.25155208333334,196.33392291222827,0.5905403821038537,0.04355028917319385,0.05081913962434155
