Model,MAE,RMSE,R2,MAE / Mean,RMSE / Mean
M12,351.59068333333335,362.6874700304049,-5.51305818922315,0.09509518786485452,0.09809655014684018
M18,221.46369166666668,237.14628519209754,-5.274638028441056,0.05784859164127122,0.061945046197326305
M24,125.36714999999998,148.90363761902637,0.7705470356839123,0.040886147574398686,0.048562132121981696
M36,195.24420416666658,226.00601062027727,-0.1484288728801395,0.05448738822544446,0.06307217822168461
ALL_MODELS,223.41643229166664,255.45624460469676,0.48247795767406276,0.0630446454028918,0.07208578255350744
