Model,MAE,RMSE,R2,MAE / Mean,RMSE / Mean
M36,144.29222291666662,181.40543952218772,0.756556766415158,0.02516112247381632,0.03163278234247117
M48,341.4786708333333,478.43641148845995,0.19975585082684422,0.06267460548704712,0.08781167288575119
ALL_MODELS,242.88544687499993,361.8074994566814,0.4335558250028909,0.043437687037064625,0.06470573322225633
