Model,MAE,RMSE,R2,MAE / Mean,RMSE / Mean
M36,238.7195895833332,298.1951740655189,0.8333740225528843,0.03077646697017309,0.038444243060701044
M48,225.1413875000001,280.6997051618495,0.4232469951629475,0.026481315686942383,0.03301613083299748
ALL_MODELS,231.93048854166662,289.5795972732837,0.8230929180782365,0.02853044043741334,0.03562202409801467
