Model,MAE,RMSE,R2,MAE / Mean,RMSE / Mean
M12,75.65915833333334,87.98698319109481,0.05586913138059335,0.0334565316726241,0.038907904274353755
M18,96.95831249999998,117.925541713495,0.619086182600988,0.0380079625637005,0.04622718216914739
M24,139.6795375,151.0582380343988,-0.2816993113203403,0.05251439469891597,0.05679236971028215
M36,296.98656666666665,299.1369462020921,-11.110697016831445,0.1166253943320898,0.11746983946675518
ALL_MODELS,152.32089375,182.99566009926417,0.14705717397646467,0.06081433063006862,0.07306127415067315
