Model,MAE,RMSE,R2,MAE / Mean,RMSE / Mean
M24,168.04778333333329,183.50129823073456,0.822377284108439,0.023588136762934104,0.025757279465309972
M36,358.8156895833333,402.7939233074136,0.17363374930686493,0.046179996889721873,0.051840046758087
M48,122.95834583333344,145.77735972683809,0.7626538440065405,0.014887199834530645,0.017650015303112207
ALL_MODELS,252.15937708333334,307.9811903217671,0.7130228896659048,0.032617228560302795,0.03983787156041145
