Model,MAE,RMSE,R2,MAE / Mean,RMSE / Mean
M12,56.499020833333304,73.43014887497674,-0.4568405080202236,0.022073163386563777,0.028687854226684274
M18,248.9592291666667,270.02542414908595,-0.20012506663179308,0.07283502773206559,0.07899811275160679
M24,195.24030833333336,208.98234658015778,-1.2337710480143387,0.057580272309469396,0.06163307426975088
M36,208.95703333333327,216.38625035643435,-0.10133784236096588,0.06536460774474406,0.06768856807677522
ALL_MODELS,177.41389791666666,205.42781394942705,0.7218177854700834,0.05647744680286636,0.06539531891468561
