Model,MAE,RMSE,R2,MAE / Mean,RMSE / Mean
M12,80.09640833333333,91.13576591238754,0.38447395690763764,0.01745384203310422,0.01985943308694899
M18,628.7665416666666,651.09689111441,-6.157672552749949,0.11370185881448776,0.11773992711477514
M24,350.3545041666667,389.634212768097,-0.9199870971176405,0.0744801241850907,0.08283040237417028
M36,417.9664958333333,458.0072782556422,-3.3489946102068613,0.09309435375349177,0.10201270199563273
ALL_MODELS,369.29598749999997,445.48242842502873,0.09761517929651498,0.07648766421074206,0.09226720990885268
