Model,MAE,RMSE,R2,MAE / Mean,RMSE / Mean
M12,158.44499166666668,202.27700509542808,-1.4537877793607992,0.0430094418367924,0.054907517076177956
M18,466.757075,495.9018189447391,-2.5951350245615528,0.09993817344835892,0.10617840553366228
M24,183.6855083333334,195.23420952672254,0.4534031844547549,0.04938944196103476,0.052494661923630566
M36,180.7970291666667,217.9848940167826,-0.42504688540842506,0.046536702738065885,0.056108766062169885
ALL_MODELS,247.4211510416667,305.1509509292527,0.5508263540062763,0.0620158182900529,0.07648572421635237
