Model,MAE,RMSE,R2,MAE / Mean,RMSE / Mean
M12,107.99312083333325,126.69720017387742,0.637283927158998,0.01631942588733085,0.019145900705665304
M18,347.5606041666665,368.71108618197184,-0.5607220542098479,0.04531724417063257,0.048074983529822264
M24,294.5569458333334,321.3838129183243,-0.06945278689429935,0.038842460755710136,0.042380050164778124
M36,435.4949625000001,472.59400467998745,-0.24656412263263672,0.059233554167705676,0.06427955541631547
ALL_MODELS,296.40140833333334,345.916425625749,0.5618518399247917,0.04057167023127157,0.04734932680307968
