Model,MAE,RMSE,R2,MAE / Mean,RMSE / Mean
M24,246.3351458333333,251.85238550381467,-1.5940648798645576,0.050084236966503444,0.05120598814059023
M36,437.52315000000004,488.5557030310004,-1.615639329617684,0.08425316012869993,0.09408042038292247
M48,236.25731666666664,258.7747161948947,-0.741595754625541,0.04595738010520428,0.050337522501215544
ALL_MODELS,339.409690625,389.7971676891523,-1.0476021001932323,0.06640403335758524,0.07626212462660947
