Model,MAE,RMSE,R2,MAE / Mean,RMSE / Mean
M24,43.389212499999985,50.982073698421175,0.532185178510109,0.017277074311880934,0.020300462375559672
M36,68.82518125,85.42008742213027,0.9056665327269903,0.025626454070155295,0.03180542219047002
M48,81.82671250000003,106.1938659817761,0.40065151375816144,0.03134022374006576,0.04067302006898322
ALL_MODELS,65.716571875,84.36452406248053,0.85732407455248,0.02504989457968862,0.03215813566858765
