Model,MAE,RMSE,R2,MAE / Mean,RMSE / Mean
M18,125.44313333333332,132.22072302069998,-2.025815178319984,0.051425170811697174,0.05420363064527192
M24,245.95634583333336,257.0722830740211,-2.758606308799043,0.08434596413517184,0.08815795947383734
M36,287.21219375000004,297.7089599928857,-5.259819153175713,0.11545735354465896,0.1196769823680626
ALL_MODELS,236.45596666666668,255.3574592806609,-0.2948596520169324,0.09155570756733647,0.09887436209210292
