Model,MAE,RMSE,R2,MAE / Mean,RMSE / Mean
M24,154.70940833333339,173.80475530420387,0.23064062859902157,0.04085590827565719,0.045898638079476375
M36,494.89309791666665,534.6312676043168,-0.11237255153743275,0.11752447075353613,0.12696127110681504
M48,218.25097916666672,249.65648989512826,-0.527005732186548,0.053541551246537415,0.06124598294490579
ALL_MODELS,340.6866458333334,407.49160743305737,0.06979134613011684,0.08368130611325893,0.10009030397062091
