Model,MAE,RMSE,R2,MAE / Mean,RMSE / Mean
M12,173.71090416666667,197.61360872236367,0.1944986914705772,0.0382767166426427,0.04354361139320713
M18,143.25567083333343,168.68123696400838,0.6124366676077035,0.02619472393011971,0.030843864042240567
M24,249.37747083333338,270.2623075295146,-0.06225458047873378,0.048965951615410425,0.05306674668620663
M36,279.22960416666666,330.53610574867554,-0.5027526863656835,0.05592514812651256,0.06620100590810492
ALL_MODELS,211.39341250000004,249.90014512333767,0.6446117781034194,0.04208308383326664,0.04974880074454031
