Model,MAE,RMSE,R2,MAE / Mean,RMSE / Mean
M12,37.35254166666669,46.314639387113175,0.9460508338285903,0.019273757309941533,0.02389816273844849
M18,87.49867916666669,97.4854963639656,0.5561273182808267,0.04160824846443433,0.04635727982435456
M24,73.283325,86.24610414508588,0.7693222311537677,0.03650173916652831,0.04295837828910138
M36,73.90908749999996,89.62102710962742,0.09618208925154836,0.035069555160142325,0.04252480527147209
ALL_MODELS,68.01090833333333,82.33891364852444,0.7781940750548666,0.033354690261869976,0.04038159507861385
