Model,MAE,RMSE,R2,MAE / Mean,RMSE / Mean
M18,116.12255833333332,119.33484118907813,-0.36804771533013714,0.05916193771626296,0.0607985265149102
M24,78.69714583333332,93.85466802382331,0.49359161290104514,0.03272627484275639,0.039029543301712946
M36,175.36155833333336,187.67441112335572,-1.4347560885285264,0.07686941608372452,0.08226673242425778
ALL_MODELS,136.38570520833335,152.88302081369375,0.42955976227102,0.06109045128358265,0.06847999737831206
