Model,MAE,RMSE,R2,MAE / Mean,RMSE / Mean
M36,359.11644375,424.7426818562492,0.500105664521951,0.06574189000041952,0.0777558008134979
M48,554.566675,582.4570146827192,-1.5436222578424688,0.1046134272341061,0.10987465938609692
ALL_MODELS,456.84155937500003,509.7364611951671,-0.024385713033402423,0.08488619017756564,0.09471464514885405
