Model,MAE,RMSE,R2,MAE / Mean,RMSE / Mean
M18,38.14238750000001,49.281326942095944,0.14970500131286457,0.0205186107499888,0.02651077793092533
M24,75.48865416666665,97.59258770487511,0.5100850519923087,0.03197937796762748,0.04134330229497119
M36,66.08275624999997,82.24922202494909,0.583958718592687,0.029779862741048116,0.037065199477979954
ALL_MODELS,61.449138541666656,79.81671411353362,0.8676770112765068,0.028391033347611182,0.03687731099041408
