Model,MAE,RMSE,R2,MAE / Mean,RMSE / Mean
M36,124.4913625,149.4247773706626,-5.7718255789159185,0.06719350282803521,0.08065117128776023
M48,133.28022708333336,158.42333560052992,-0.10034302357263436,0.06710988272071167,0.079770058207719
ALL_MODELS,128.88579479166668,153.9898005633331,-0.355527011455288,0.06715024123652034,0.08022957279742089
