Model,MAE,RMSE,R2,MAE / Mean,RMSE / Mean
M12,62.07123333333333,74.39523152740256,-0.2942141111898273,0.031901612523288436,0.03823555167693131
M18,67.0672125,80.65775468745758,0.34242538134777867,0.02811158440741905,0.033808133579569355
M24,126.55867083333334,142.7326584691508,-0.08137433144826045,0.06000411102331095,0.06767253661121335
M36,80.00511249999998,93.88284164596895,0.28309980410285207,0.03551770592478866,0.04167862598737084
ALL_MODELS,83.92555729166666,101.52207101713307,0.7298885830801092,0.038616794321210145,0.04671350494471125
