Model,MAE,RMSE,R2,MAE / Mean,RMSE / Mean
M18,45.821733333333306,54.7640017249394,0.8035456786842965,0.012787609158246019,0.0152831549366684
M24,183.5993083333333,200.93493396140283,0.40318366716795295,0.042033209642185994,0.04600202626201857
M36,172.40523749999997,198.36878191642515,0.3803613173098527,0.049465038045654774,0.056914276427165775
ALL_MODELS,143.55787916666665,174.69565739380513,0.8389738089332892,0.03848210114232581,0.04682888877975616
