Model,MAE,RMSE,R2,MAE / Mean,RMSE / Mean
M18,113.4147416666666,132.58490899665324,0.44884957619322363,0.028593453437680532,0.033426522568618916
M24,239.4667541666665,262.8780936084845,-0.08438634765156006,0.05044857095205488,0.055380648571861694
M36,574.6100520833334,606.4973079098213,-5.417622234011265,0.1325621686700663,0.13991853803738014
ALL_MODELS,375.5254,453.4207811725779,-0.5963053677212353,0.0864145893858766,0.10433960159299938
