Model,MAE,RMSE,R2,MAE / Mean,RMSE / Mean
M12,79.02556250000002,94.8202646094024,0.7644330707268726,0.013241086451126458,0.01588755943384501
M18,114.36112083333335,140.06644636611904,0.41966408059659766,0.01690013792678797,0.020698837552950076
M24,261.2406208333333,297.78806671972615,0.2809500497337535,0.04278746016255723,0.04877340668159
M36,129.13058750000002,156.2692142559609,0.6472525662043486,0.02077682870416927,0.025143374309601316
ALL_MODELS,145.93947291666666,188.22014503174034,0.7759217129152517,0.02329836032314605,0.030048215684102906
