Model,MAE,RMSE,R2,MAE / Mean,RMSE / Mean
M18,63.120091666666646,77.46715977634756,0.8724558923872868,0.014613246515217282,0.017934807646094068
M24,64.51399166666666,77.12635040882047,0.5838360115046203,0.013729911058694165,0.01641408172146821
M36,186.15926875,219.5758168082093,-0.35171569677666037,0.03855676043028569,0.045477897618559616
ALL_MODELS,124.9881552083333,164.603093398319,0.6463916698362133,0.02677188172846722,0.035257217303946826
