Model,MAE,RMSE,R2,MAE / Mean,RMSE / Mean
M36,82.99153125000004,103.31081228029112,0.9125692600557266,0.03410172922997904,0.04245104643627936
M48,93.59539375000001,112.75328116587764,0.5275804113672912,0.0362567904123961,0.04367813328998568
ALL_MODELS,88.29346250000002,108.13516159807828,0.8537530234654658,0.03521101838197113,0.043123794842311824
