Model,MAE,RMSE,R2,MAE / Mean,RMSE / Mean
M12,116.0469791666667,121.81583334774434,-2.511498120830257,0.046607552253292515,0.04892447747286283
M18,95.64275416666669,103.81321600211645,0.5206487691993991,0.03208680840951663,0.034827884258027825
M24,50.22593333333331,57.45094619385448,0.7725633491530322,0.019779180887372003,0.022624420921706932
M36,76.52859583333334,94.57283928328955,0.40717437678572077,0.028542133644133647,0.035271921411017086
ALL_MODELS,84.61106562500002,97.28940618019466,0.8130210281511425,0.03165631535256773,0.03639977938765374
