Model,MAE,RMSE,R2,MAE / Mean,RMSE / Mean
M24,190.93505833333333,206.501435892193,-0.5396428211131401,0.05700901207996914,0.061656790303835876
M36,228.93977916666668,274.0443424166539,0.08954639491689598,0.06141122815645206,0.07351015930212071
M48,230.24607500000002,254.9788789490955,-1.5240184725966146,0.06457307890062636,0.07150945469265088
ALL_MODELS,219.76517291666667,253.8984417817622,0.181529124340587,0.06116977848651783,0.07067048539011067
