Model,MAE,RMSE,R2,MAE / Mean,RMSE / Mean
M36,380.6733729166669,421.5488698904968,0.8553909532622611,0.04166436040678587,0.04613814701464759
M48,261.99690624999994,325.4263802474266,0.5116683217691427,0.028950800783633022,0.03595979219423343
ALL_MODELS,321.3351395833334,376.5672441058155,0.8043421969115399,0.0353379682844434,0.04141197052531058
