Model,MAE,RMSE,R2,MAE / Mean,RMSE / Mean
M18,167.81735416666655,179.92976783049372,-0.8596372178842213,0.03240290672416288,0.03474162438600661
M24,174.11470416666668,205.20594808029145,-0.04135659160351479,0.030583103281711994,0.03604425447120081
M36,160.6979979166667,184.35804717773885,0.5010733520181961,0.03181547938707749,0.036499768048553136
ALL_MODELS,165.83201354166667,188.71935618627296,0.6998318422421297,0.03162601797055499,0.035990889953458935
