Model,MAE,RMSE,R2,MAE / Mean,RMSE / Mean
M12,284.12017499999996,296.81838830780566,-0.09585141984277401,0.060706736701535716,0.06341990936467694
M18,187.03500416666677,211.63550536667114,0.21947355682293856,0.03867855844211798,0.043765905207014844
M24,183.743125,210.7049099283462,0.4969716104183637,0.0380079552506378,0.04358510168827406
M36,169.62983333333338,242.38077779215325,-1.2637893126402342,0.03221048967094177,0.04602494376191088
ALL_MODELS,206.13203437500002,242.91754942803703,0.46701397300188874,0.04203246699731306,0.04953341633851582
