Model,MAE,RMSE,R2,MAE / Mean,RMSE / Mean
M36,160.21886458333327,183.9159091939149,0.8675490904657371,0.034286541299414615,0.03935766510763623
M48,322.6743229166666,377.47700978185986,-1.623834063522533,0.06384086122114183,0.07468352975169623
ALL_MODELS,241.44659374999992,296.9124067536406,0.5389557224369024,0.04964312822599643,0.0610472918728438
