Model,MAE,RMSE,R2,MAE / Mean,RMSE / Mean
M12,59.413087499999996,75.87037649511444,0.8611801614523419,0.010590725500972979,0.013524332178751515
M18,246.5506541666667,268.0311995266604,-0.2381706360216087,0.03773638236269483,0.0410241370669106
M24,93.10498333333324,110.1872351389895,0.699649293416578,0.014438238866919941,0.01708726605241366
M36,213.62784583333323,247.25360939356958,0.2625757014277501,0.03259358244915861,0.03772392532530002
ALL_MODELS,153.17414270833328,194.2116191779818,0.8202922251917802,0.024365366050879102,0.03089318542239843
