Model,MAE,RMSE,R2,MAE / Mean,RMSE / Mean
M18,168.06734583333335,212.0810442270861,0.1490783841655382,0.026807137065688387,0.033827425508746484
M24,215.46375833333335,234.93368573816917,0.37391508086161274,0.029168458696449222,0.03180420485498525
M36,291.0254604166667,332.2463857006684,-0.01758130156955029,0.04040371867958964,0.046126512370913725
ALL_MODELS,241.39550625,283.26115496008566,0.7141231066560187,0.034408574686634184,0.04037611452539774
