Model,MAE,RMSE,R2,MAE / Mean,RMSE / Mean
M18,206.60666249999997,231.47043339049893,0.14487019834506132,0.03484581799016162,0.03903928602510171
M24,332.03394999999995,349.4271038465641,-3.929313850317196,0.053528321835683235,0.05633233129566899
M36,620.5636333333333,650.9922157767486,-4.397243365098772,0.1039956372675665,0.1090949367630171
ALL_MODELS,444.9419697916666,505.78147268371356,-2.5076971191081032,0.07395195802609777,0.08406383928177691
