Model,MAE,RMSE,R2,MAE / Mean,RMSE / Mean
M18,173.55658333333335,180.90948113618634,-0.35788249980619113,0.04613923658034073,0.048093971369198164
M24,390.62331666666665,411.2202225467862,-0.9991007823197606,0.08472701605979267,0.08919452811252582
M36,503.32363333333325,518.4432294619951,-7.732923857235848,0.12036975751204465,0.12398560624069314
ALL_MODELS,392.7067916666667,429.9410064608743,-0.3937957313020697,0.09386525179390395,0.10276501879862944
