Model,MAE,RMSE,R2,MAE / Mean,RMSE / Mean
M36,195.69240208333335,229.2612715139074,0.5423738646394624,0.03413500049058977,0.03999048267733932
M48,184.09729166666668,213.2778838490644,0.31970936673268346,0.03348276162581418,0.03878999240198658
ALL_MODELS,189.89484687499998,221.41385046481236,0.5314177842850261,0.03381569386528559,0.03942846848172123
