Model,MAE,RMSE,R2,MAE / Mean,RMSE / Mean
M12,31.45376250000004,39.373509037057595,0.9712400552848128,0.006293742027463052,0.007878444068343982
M18,66.84495,80.2641971937312,0.8766505127052123,0.013140025063272477,0.01577790936800869
M24,190.6567,214.03457688065066,0.4737900119716617,0.0386629556400507,0.04340371647769849
M36,168.44119166666664,201.73305183266524,-0.08881929679614942,0.03164007106630767,0.03789362942195202
ALL_MODELS,114.34915104166667,153.70396779787876,0.7035830602542632,0.02248791052786837,0.03022743102270678
