Model,MAE,RMSE,R2,MAE / Mean,RMSE / Mean
M18,84.82578333333338,98.16811311510908,0.40769302587091616,0.01974491106240181,0.022850607285343414
M24,90.78957916666677,122.91946199633298,0.7701888750759567,0.017778638218015685,0.02407039073035241
M36,207.66708333333327,235.333340821925,-0.2520652796256002,0.040510690525443066,0.045907690267181445
ALL_MODELS,147.73738229166668,184.05823478920024,0.8005757503906463,0.030065798293497273,0.037457396872676296
