Model,MAE,RMSE,R2,MAE / Mean,RMSE / Mean
M36,364.8578958333333,444.0016117116366,0.5143111229702105,0.05127259126972509,0.06239446485979025
M48,410.7661145833334,467.2384155622122,-0.45573700193508593,0.05680021173928701,0.06460912912347479
ALL_MODELS,387.81200520833335,455.76812535521685,0.2614965709594257,0.05405869434219793,0.06353137460574103
