Model,MAE,RMSE,R2,MAE / Mean,RMSE / Mean
M36,156.83545,174.57536791485646,0.5387947824051913,0.06582292054665163,0.07326826027956099
M48,79.10300416666665,95.80479705017169,0.39412825055278355,0.031549969671034586,0.03821142411865889
ALL_MODELS,117.96922708333334,140.8103657768704,0.5543613316362954,0.04824999488743843,0.0575921331080095
