Model,MAE,RMSE,R2,MAE / Mean,RMSE / Mean
M18,160.87651250000005,163.58144699797234,-7.897309426827633,0.06842533361688555,0.06957581880928165
M24,153.30174583333334,167.8462238232278,-0.06564680970986503,0.05366064172682856,0.05875168630872117
M36,86.80545624999998,105.87975779587093,0.2788958214546524,0.033227763822101,0.040529106551207804
ALL_MODELS,121.94729270833334,139.06139909720824,0.5896425118370889,0.046755009605054534,0.05331661659790163
