Model,MAE,RMSE,R2,MAE / Mean,RMSE / Mean
M12,189.8584291666666,211.04886539789487,0.870956690952416,0.022160953534292406,0.02463437688848754
M18,310.116,346.2885132355919,0.8619388876070408,0.032349944147676155,0.036123302448610235
M24,329.92279166666657,343.85796154135346,0.16475270220197413,0.03182560551129831,0.03316984492235662
M36,322.40475000000015,350.60501449577623,0.05342623982258832,0.031148963407270254,0.033873516959456666
ALL_MODELS,288.07549270833334,318.4413336431115,0.8887904374307856,0.02964460800970744,0.03276942589315034
