Model,MAE,RMSE,R2,MAE / Mean,RMSE / Mean
M18,152.64315416666662,182.15338034761956,-0.5180657285768795,0.01929942261393628,0.02303054524179553
M24,232.85504166666678,274.2720080530231,0.1733099062302076,0.02595822824203746,0.030575311294457938
M36,207.1626104166667,243.0067778843692,0.358076639602649,0.02635558821502595,0.030915745647822974
ALL_MODELS,199.95585416666668,237.96511118701227,0.8105624638903052,0.02453433520278526,0.02919802387762994
