Model,MAE,RMSE,R2,MAE / Mean,RMSE / Mean
M18,530.5691374999998,534.6654321082362,-0.713360098353147,0.07074805429311165,0.07129426939093968
M24,129.1766041666665,170.1203395471435,0.8829601090164779,0.01367472751893361,0.018009060570551506
M36,373.956625,423.2681285874436,0.13437146868295802,0.04333541279885275,0.04904980377586507
ALL_MODELS,351.9147479166666,410.2194143305981,0.7550380765877062,0.04115420461245352,0.04797256668924827
