Model,MAE,RMSE,R2,MAE / Mean,RMSE / Mean
M18,58.98841250000004,75.5600340978698,0.5971120564536473,0.025595666323154544,0.032786259846122386
M24,60.11519166666667,73.8004702453232,0.8481297624864744,0.022597926227582426,0.027742364881944658
M36,93.20385624999999,110.72570220904092,0.33268466831774035,0.04253981857426759,0.05053708583523315
ALL_MODELS,76.37782916666667,94.44070946984739,0.8481439428063455,0.03268622299095501,0.0404163108959195
