Model,MAE,RMSE,R2,MAE / Mean,RMSE / Mean
M12,99.11918749999991,107.79988845264975,0.7943727681924724,0.03825641664790451,0.041606852833031976
M18,148.49424999999997,176.1753071311239,0.3374940768654673,0.05354118654507758,0.06352188710164766
M24,528.2058083333333,536.4715879249726,-8.66315701710959,0.1786641965216901,0.1814600742762824
M36,390.73337499999997,414.6660472652672,-7.3206825606053805,0.12346584071728567,0.13102820342009416
ALL_MODELS,291.6381552083333,354.40381283166664,-0.49823859641392243,0.10156742160405147,0.12342651615747391
