Model,MAE,RMSE,R2,MAE / Mean,RMSE / Mean
M18,108.36937916666665,114.31301995213076,-0.03289711547980345,0.04542123085520685,0.04791240947330885
M24,102.38470833333338,111.42994684083288,0.6525783213580685,0.03504775284905366,0.038144067609647406
M36,168.97542083333335,192.82562179503876,-0.7608804062305521,0.05989292877080534,0.0683465747527127
ALL_MODELS,137.17623229166668,157.9933071563585,0.6190233070076394,0.05011118328424546,0.05771576781437329
