Model,MAE,RMSE,R2,MAE / Mean,RMSE / Mean
M24,346.16990000000004,357.78633529867955,-0.5922731402694883,0.07396463476519032,0.07644666857038335
M36,633.329025,669.4456340842335,-5.154182742800206,0.1309889873706798,0.13845884563464683
M48,202.97578333333342,246.06305532294297,-1.3330953078738368,0.038542450016219525,0.04672416016765933
ALL_MODELS,453.95093333333335,520.7861852310897,-1.4497228410507894,0.0925653195127391,0.10619372292013426
