Model,MAE,RMSE,R2,MAE / Mean,RMSE / Mean
M18,108.27347083333332,125.66168234291996,0.7261081348352401,0.024204429065099335,0.028091546831006984
M24,162.7126708333333,188.23885994573152,0.5831754264704729,0.030582932750667632,0.035380750406828754
M36,169.0219666666667,213.99903851982708,0.7201661453042607,0.03362547777036353,0.04257328236405335
ALL_MODELS,152.25751875000003,188.95495744868836,0.8311037861341588,0.030686446858762408,0.03808256109814535
