Model,MAE,RMSE,R2,MAE / Mean,RMSE / Mean
M24,352.3236083333333,365.1931782270926,0.053528309143569985,0.04471159064710921,0.04634480206775781
M36,628.3733645833333,697.1759162023966,-0.04915257771637416,0.06555870564581862,0.07273693197351526
M48,233.91843749999998,273.51568782310045,0.6517306163720957,0.024988727560835557,0.029218769925419007
ALL_MODELS,460.74719374999995,543.2047047785601,0.6433324860923819,0.05061672701223085,0.05967533742257508
