Model,MAE,RMSE,R2,MAE / Mean,RMSE / Mean
M12,89.64685833333333,99.90732491055564,0.7767565842064063,0.021931953109072373,0.024442158999524316
M18,189.65835416666673,220.95659030972115,0.20675662380226645,0.03937441502383157,0.04587215009500884
M24,387.2441291666667,400.45339482818565,-1.328352083941963,0.08287728821116462,0.0857043113596973
M36,261.63757083333337,280.0836084078698,-0.8670373283109702,0.05524539159965512,0.059140316040443376
ALL_MODELS,232.046728125,272.7696085986638,0.45753266967407114,0.05068539811833767,0.059580397095531853
