Model,MAE,RMSE,R2,MAE / Mean,RMSE / Mean
M36,135.6932416666667,159.32204468457775,0.9067424715939132,0.028002767053320384,0.032879000081084346
M48,112.19052916666665,139.09357457449582,0.8416760435563356,0.02208103706315785,0.027376021828579507
ALL_MODELS,123.94188541666666,149.5502196761767,0.8940117637595607,0.024971763471325882,0.030131320822525766
