Model,MAE,RMSE,R2,MAE / Mean,RMSE / Mean
M36,155.8905666666667,190.95652577453444,0.7990963635296516,0.036232905606290985,0.04438312029545925
M48,129.96487291666665,161.40476227196066,0.44850930853054516,0.02847972964335932,0.03536928009465729
ALL_MODELS,142.92771979166668,176.79916857828908,0.762106915730721,0.03224221406046593,0.03988307269802227
