Model,MAE,RMSE,R2,MAE / Mean,RMSE / Mean
M24,108.64354166666669,120.68494668397965,0.44883207759762733,0.017453128242200317,0.019387529337372984
M36,151.99903541666671,189.77394480240005,0.6941291435587037,0.020327294078969372,0.02537904779428292
M48,133.9682833333333,159.81203065838,0.7885842561076095,0.018507741014482736,0.022078059081077572
ALL_MODELS,136.65247395833333,167.43136037716977,0.9228155902264679,0.01923426973293551,0.023566495753518164
