Model,MAE,RMSE,R2,MAE / Mean,RMSE / Mean
M18,155.68421666666674,196.85249283270673,0.03134238768775954,0.026313381268618364,0.0332715467790514
M24,280.2331499999999,296.9560639303761,-0.6727801714202439,0.04071997190722117,0.04314993633309939
M36,313.57378124999997,343.39586561862745,-0.4285999961416227,0.04650115854807665,0.05092359931443031
ALL_MODELS,265.76623229166665,301.15413366223504,0.56926777301796,0.040443465986098014,0.04582868506776556
