Model,MAE,RMSE,R2,MAE / Mean,RMSE / Mean
M24,178.69622083333343,201.30559934127425,-0.7966789647260784,0.031787996234694194,0.03580994384795415
M36,300.2760083333333,385.85804345583114,0.07110835514848268,0.049941955647955644,0.0641759739635478
M48,135.67734583333322,168.1162578506797,0.33116479338640414,0.023593666584549373,0.029234644227515417
ALL_MODELS,228.73139583333332,302.7209440553255,0.2672997696381565,0.03910425800936727,0.05175362069579764
