Model,MAE,RMSE,R2,MAE / Mean,RMSE / Mean
M18,73.2821666666667,81.18368424332053,0.8442819868951976,0.016734112900923883,0.01853843847194311
M24,65.54738750000001,85.13796310627481,0.9177725387918584,0.013058223970914164,0.016961020615339755
M36,204.64939166666673,236.55710541262556,-0.1829971444982632,0.03854385321964868,0.0445533811502373
ALL_MODELS,137.03208437500004,177.31172521269193,0.8432683344230423,0.027381944262315563,0.03543067887329538
