Model,MAE,RMSE,R2,MAE / Mean,RMSE / Mean
M12,130.7629875,153.69780762759083,-1.2582361269870068,0.054189171875539593,0.06369353494944538
M18,143.91615,178.18804883793646,0.0523625584076286,0.053899497518804025,0.06673501407743945
M24,111.92142083333329,132.97598614522312,0.2707912172220398,0.04245948026492576,0.05044692264807794
M36,55.724020833333306,67.33152008149364,0.6688181773178732,0.020917752404786098,0.025274989942220178
ALL_MODELS,110.58114479166666,139.2750366235618,0.38937071526011047,0.04260050362368275,0.053654596482507325
