Model,MAE,RMSE,R2,MAE / Mean,RMSE / Mean
M18,92.4812,109.33353013785387,0.7346403662102318,0.0273751378285376,0.03236355558539811
M24,85.81045416666664,98.58560930153757,0.7211853521366445,0.021752618403819337,0.0249910708441094
M36,244.16103125000004,279.63333351005275,-0.9419500779224599,0.06672965609520014,0.07642430113581127
ALL_MODELS,166.65342916666668,210.98728966080466,0.44516720767962026,0.04553048422670291,0.057642699054988825
