Model,MAE,RMSE,R2,MAE / Mean,RMSE / Mean
M36,80.72027083333332,109.17412020674246,0.10416588529264237,0.029825744571116253,0.04033930250043214
M48,90.512525,120.57155978658137,0.6762793955376909,0.03434575954970908,0.04575191997972984
ALL_MODELS,85.61639791666666,115.01410685712736,0.5644118913045919,0.032055686555929525,0.04306250027606629
