Model,MAE,RMSE,R2,MAE / Mean,RMSE / Mean
M12,244.91954166666665,253.0583890019307,-0.0425248290358724,0.0586300108720588,0.060578327059919376
M18,181.07494583333337,200.83988215673102,-0.41553967513046297,0.04381993970193802,0.04860303276828145
M24,76.03637916666673,94.88603101990084,0.3155547723510317,0.017651748853765664,0.022027671591549985
M36,182.9141041666668,226.27590059553506,-0.46993784627457114,0.03849405043755812,0.04761948768254539
ALL_MODELS,171.23624270833338,202.84190184846676,0.5647016064164041,0.03943500569742478,0.04671365961174224
