Model,MAE,RMSE,R2,MAE / Mean,RMSE / Mean
M18,216.3857333333333,218.7629859632718,-14.07911736704513,0.10017471548165577,0.10127525294391657
M24,60.486833333333344,79.79377029474686,0.736214320580346,0.023552916362456402,0.03107082805344244
M36,191.8914395833333,206.15937101764607,-1.3767776949654986,0.08562679861298327,0.09199350936465905
ALL_MODELS,165.16386145833332,186.56611584248114,0.1377680923376594,0.07173045746134288,0.08102542964305252
