Model,MAE,RMSE,R2,MAE / Mean,RMSE / Mean
M12,99.12779583333331,120.04786342626869,0.6984756559081028,0.020842134265464704,0.025240687203609807
M18,198.3367875,209.48621473222786,-0.28958044869742383,0.03977308762460207,0.042008916649873156
M24,97.60283333333332,135.53947471268287,0.8802070996894361,0.0224456028056189,0.0311698452799332
M36,123.98571249999998,159.29326787754172,0.3930413387854762,0.02506618623222589,0.03220431320389684
ALL_MODELS,129.76328229166666,159.71948697055208,0.8083798059107934,0.02726465434600855,0.03355877354262621
