Model,MAE,RMSE,R2,MAE / Mean,RMSE / Mean
M18,53.12843750000002,61.789600303088385,0.6810034339694361,0.024114579393297537,0.02804581298271657
M24,88.90708749999997,106.15481351240231,-0.5575641925326136,0.03754852622872929,0.0448328351716201
M36,259.42232291666664,272.39483071114535,-5.3216075350803544,0.10918543670591949,0.11464529425706049
ALL_MODELS,165.22004270833332,202.1661981723054,-1.5378252134639752,0.07088770547486034,0.08673946379683271
