Model,MAE,RMSE,R2,MAE / Mean,RMSE / Mean
M24,157.1850583333334,165.45031262835633,-0.8599292595064612,0.03448111986545529,0.0362942389181631
M36,332.1978708333333,377.49097147854354,0.5617137905076466,0.06498525824160149,0.07384559149602068
M48,128.81338333333323,152.81839269779775,0.49318277380792264,0.026998063034346625,0.032029285250479406
ALL_MODELS,237.5985458333333,289.70939499401305,0.6403451113175237,0.04860460444164113,0.05926471686652757
