Model,MAE,RMSE,R2,MAE / Mean,RMSE / Mean
M12,82.22199583333332,92.26190997662803,-0.3421176501276131,0.029413145029065432,0.033004707697705665
M18,69.19524166666669,83.10722220697788,0.7877399073747697,0.02001429105152155,0.024038244446730573
M24,152.12964166666663,168.61337891986304,0.08528172198316875,0.046518676978353095,0.051559125639618196
M36,134.7056208333333,151.1062293424521,-0.0014935986621322783,0.04317084273638949,0.04842695667096894
ALL_MODELS,109.56312499999997,129.1149047480213,0.796577468975237,0.034662848216610254,0.04084850943949211
