Model,MAE,RMSE,R2,MAE / Mean,RMSE / Mean
M24,104.21121250000003,123.4522066544361,0.8348470990416977,0.023852417601281765,0.02825639886803298
M36,244.15904166666667,279.4788928072066,0.4091694699536852,0.050966010002174385,0.05833871213196746
M48,37.110745833333304,47.129552250414804,0.9359947707296676,0.007442678555014242,0.00945198216756182
ALL_MODELS,157.41001041666667,208.37378978212348,0.7079232071505804,0.03325014797293581,0.044015366783835976
