Model,MAE,RMSE,R2,MAE / Mean,RMSE / Mean
M36,365.77621041666663,405.8146103108344,0.20365645830342027,0.0823742990522661,0.0913911105138409
M48,265.0715479166667,320.0618343108884,-0.4118978287256885,0.06007117031623279,0.07253320513546663
ALL_MODELS,315.42387916666667,365.4620881323978,0.04510470149527357,0.07125774192485634,0.08256192659940367
