Model,MAE,RMSE,R2,MAE / Mean,RMSE / Mean
M24,78.89753749999996,89.45074327898047,0.7134395655569798,0.017117372831560004,0.01940696466941658
M36,129.10669583333336,156.23571643943163,0.7405055438614674,0.025626259267989105,0.031011071506046546
M48,136.881575,150.365864865617,0.5486534234572793,0.02629893528451119,0.028889659905655066
ALL_MODELS,118.49812604166668,140.91710947630884,0.8275892082734869,0.023830494339749122,0.028339050514336328
