Model,MAE,RMSE,R2,MAE / Mean,RMSE / Mean
M12,360.8712208333333,365.851089051146,-1.1883137169240903,0.07315513256919867,0.07416464205241534
M18,181.99670000000003,219.44426103553042,0.5171896389121473,0.030372858632918442,0.036622364681543215
M24,418.95202083333334,448.7321529864386,0.03381167172397659,0.07826977596836468,0.08383338267276845
M36,258.32661666666655,305.72045071640326,-0.7626285960109416,0.04920936589702273,0.058237551033770235
ALL_MODELS,305.0366395833333,345.26379124208233,0.5300256197706297,0.05667916516662988,0.06415381272426016
