Model,MAE,RMSE,R2,MAE / Mean,RMSE / Mean
M18,54.550908333333346,68.25820218050112,0.4885638800412626,0.02984933768039945,0.037349737861244084
M24,204.28136250000003,219.88197833587247,-2.006925546082053,0.08822025947385469,0.0949574887548303
M36,138.02983749999999,152.98690070254244,-1.2033761206146179,0.0659575131906421,0.07310474100270818
ALL_MODELS,133.72298645833334,157.96934048649314,0.3985936322610958,0.06422396227831004,0.0758689080556487
