Model,MAE,RMSE,R2,MAE / Mean,RMSE / Mean
M36,500.2412166666666,545.6546913581521,0.08393314956721387,0.09938855182062394,0.10841135788367752
M48,324.27324791666666,371.42135171735686,-0.18281998418853784,0.06371155804605699,0.07297497762000577
ALL_MODELS,412.25723229166664,466.74021827602814,0.01704382304336205,0.08145045431252172,0.09221476264511493
