Model,MAE,RMSE,R2,MAE / Mean,RMSE / Mean
M24,298.42048750000004,304.4207802786883,-1.8308976977223455,0.06760644622326267,0.06896579817146369
M36,161.5856875,196.3776570634458,0.8136643517592654,0.031387670118612584,0.038145934915018186
M48,91.87534583333331,112.85223271629924,0.7967468667906523,0.017473855090380297,0.021463468172274777
ALL_MODELS,178.36680208333337,213.6211636764929,0.8103925356022441,0.035730380148320036,0.04279252246907214
