Model,MAE,RMSE,R2,MAE / Mean,RMSE / Mean
M18,38.83349166666668,44.22623508916964,0.364082080341645,0.01686335311572701,0.019205139359847856
M24,49.62781249999998,59.797004953171204,0.831479054915482,0.01746305256212887,0.021041391670348346
M36,86.6260854166667,103.82560413284487,0.46543211450404476,0.031438708140844866,0.0376808307818489
ALL_MODELS,65.42836875000002,82.29695288805125,0.8887023674907566,0.024561350945521098,0.03089369917434236
