Model,MAE,RMSE,R2,MAE / Mean,RMSE / Mean
M24,355.0671666666667,377.1092267206324,0.06998990122200643,0.03845510133168472,0.0408423388250632
M36,481.4339687500001,569.8629734188711,0.4420802421748067,0.04169936771103818,0.049358639431275234
M48,238.01162499999995,280.36521380903787,0.8130749976906094,0.020518538341068114,0.024169762250236745
ALL_MODELS,388.9866822916667,466.45032933304236,0.8502570031112024,0.03542374631464315,0.04247810757255179
