Model,MAE,RMSE,R2,MAE / Mean,RMSE / Mean
M18,126.53709999999994,153.7541877318359,0.6924990197281402,0.025246197969922925,0.030676447161999333
M24,110.68175416666661,133.51496522552725,0.8398531718658746,0.020063157854984883,0.024202108500095573
M36,223.4815208333333,266.02451129496114,0.39838344898013067,0.04110634963212752,0.048931547141930314
ALL_MODELS,171.0454739583333,213.89522984611895,0.6846987552201984,0.03196794224093791,0.0399764471698243
