Model,MAE,RMSE,R2,MAE / Mean,RMSE / Mean
M24,170.5488250000001,177.14754094353114,-0.053593989969644484,0.038603538587771526,0.040097150669565956
M36,115.93954166666657,146.8341143121195,0.4998106129288581,0.024253865732266424,0.030716827427879193
M48,129.01819999999995,159.65850716963843,0.5619928904732421,0.026087339820548453,0.03228277662977651
ALL_MODELS,132.8615270833333,158.10803618540922,0.69052190388628,0.02808305686316818,0.03341943351240986
