Model,MAE,RMSE,R2,MAE / Mean,RMSE / Mean
M36,135.85591041666672,160.3648861944437,0.8273532617763827,0.028949912987116775,0.034172598654555734
M48,218.56980625000006,259.09970021451164,-0.23521464831010297,0.04456648089070512,0.05283054433049101
ALL_MODELS,177.2128583333334,215.46409373188695,0.5885879811866284,0.0369303252051934,0.04490170254233821
