Model,MAE,RMSE,R2,MAE / Mean,RMSE / Mean
M24,105.25228750000001,130.91278834330734,0.6267591842462037,0.021581727696802968,0.026843351504873093
M36,141.94916874999998,204.56498156391885,0.06315302829266323,0.024279860383571012,0.03499005478846616
M48,332.89244166666657,398.48023046690145,-0.6010559741902368,0.056950933093822605,0.06817163174661502
ALL_MODELS,180.51076666666663,254.76377077072175,0.7234488609929519,0.03221261436766438,0.045463255484609
