Model,MAE,RMSE,R2,MAE / Mean,RMSE / Mean
M12,212.7912041666667,240.6677624391291,-0.9284760698252561,0.05266402916275665,0.05956324233074256
M18,333.6366583333333,368.78281949729234,-1.1326916911189273,0.0689290400888376,0.07619020606484643
M24,217.60177916666677,234.97194837659444,-0.07225064690944749,0.04796424294190043,0.05179301226133123
M36,351.97850416666665,417.997201415934,-1.7820369946189767,0.08207496890909798,0.09746932526895978
ALL_MODELS,279.00203645833335,325.52081989838814,0.2424197679245791,0.06302964494312219,0.07353875247736245
