Model,MAE,RMSE,R2,MAE / Mean,RMSE / Mean
M18,181.53255,188.44478656171194,-0.2262416102161655,0.0896715350100852,0.09308596874575158
M24,110.47146666666663,133.54023164228133,0.3416399734552078,0.0431290496795393,0.052135302069407426
M36,225.6915583333333,242.33108457143572,-1.549067674562206,0.09633788172521118,0.10344056967033272
ALL_MODELS,185.84678333333332,206.63563351253092,0.3134922273216306,0.08018197474270819,0.0891511429472966
