Model,MAE,RMSE,R2,MAE / Mean,RMSE / Mean
M18,71.25573333333345,81.65637559952593,0.7956611160151017,0.016599732096057182,0.019022665201496987
M24,93.54407083333331,109.37762453306169,0.5951929636592816,0.0197684004296985,0.023114459960494865
M36,165.62767708333334,195.7118179706767,0.27178540094206294,0.03603506676578038,0.042580373954512606
ALL_MODELS,124.01378958333335,154.30283520671358,0.6485459335213264,0.027230093867505925,0.03388075391307764
