Model,MAE,RMSE,R2,MAE / Mean,RMSE / Mean
M12,132.4524625,148.03423251702765,-0.43547471863678644,0.036963907719857206,0.04131235921823118
M18,245.70509583333327,266.92309745962797,-0.0531788151340995,0.05625170321755968,0.06110935065992952
M24,113.53399999999998,137.8517817500043,0.7924101923505701,0.03296932738030418,0.04003100853025643
M36,153.99498333333332,175.89550836348832,0.032508271495617524,0.04365968435477011,0.04986878278981855
ALL_MODELS,161.42163541666665,189.14572262441482,0.8112333143827333,0.043270656662822614,0.05070237085503777
