Model,MAE,RMSE,R2,MAE / Mean,RMSE / Mean
M24,126.82937499999987,153.84757512937108,0.8671862580085782,0.013585465240832637,0.016479548876642026
M36,696.0181458333332,752.8377306676467,0.019996496370041084,0.05642951899007846,0.06103615440700055
M48,882.6564166666666,948.2555039959783,-0.4474314504539174,0.07260453989286045,0.07800051443403336
ALL_MODELS,600.3805208333332,717.0053825923274,0.7568628935565306,0.05202458589492819,0.06213044364268352
