Model,MAE,RMSE,R2,MAE / Mean,RMSE / Mean
M18,332.3514416666667,345.62903491764354,-3.508548396909972,0.04399116805188646,0.04574863548786087
M24,178.7271666666666,211.05357872745648,0.5035768602946656,0.020322125520554492,0.02399779170930889
M36,717.497875,770.3040168853247,-3.265356030196619,0.09096861256606734,0.09766368669750625
ALL_MODELS,486.51858958333327,581.106616665802,-0.08439971241149857,0.060579525878002485,0.07235728310470788
