Model,MAE,RMSE,R2,MAE / Mean,RMSE / Mean
M12,87.43692083333333,115.81134827173857,0.8620866528403485,0.014701457895474288,0.01947227377414688
M18,268.3716124999999,278.33531038566963,0.08162420768846945,0.04353884273498495,0.04515528745230048
M24,276.1202666666666,284.4699233484549,-0.47636773399152865,0.04390963749246294,0.04523742991606813
M36,395.957025,428.64465062130233,-8.227690011454806,0.06084742695787472,0.06587059307651738
ALL_MODELS,256.97145625,298.1367920905348,0.1550854770280813,0.04126860831787318,0.04787959984925941
