Model,MAE,RMSE,R2,MAE / Mean,RMSE / Mean
M12,66.71442083333336,81.66729702755107,0.8598951036734742,0.016881357343932868,0.02066501975456499
M18,147.78574999999998,172.9617479870092,0.5818191832965399,0.030534508733718435,0.035736205990824825
M24,96.96505833333329,114.80772247633938,0.819321426024003,0.020733058337193962,0.024548174863976206
M36,171.45052916666683,226.24131938662424,0.05928364641581163,0.03844469597877274,0.0507305447462346
ALL_MODELS,120.72893958333337,158.86414117769985,0.8545457761219899,0.026935772818756077,0.03544409841234164
