Model,MAE,RMSE,R2,MAE / Mean,RMSE / Mean
M24,225.74619583333336,253.09939054076418,0.35036771270809686,0.03348025447399644,0.03753698693011136
M36,125.46016458333332,164.60260559405455,0.7567100910999432,0.01762529640913973,0.02312423009285082
M48,76.12913333333329,106.78185852894202,0.7750090705635339,0.010603435628394997,0.014872815617569342
ALL_MODELS,138.19891458333333,180.0345122050943,0.736569009291391,0.019631428110605215,0.02557425718167271
