Model,MAE,RMSE,R2,MAE / Mean,RMSE / Mean
M12,77.88276250000003,91.21035483758365,0.7881179190640588,0.020567404628030066,0.02408697655287692
M18,580.0093083333335,640.420409274907,-2.4196097669418175,0.1254741114646524,0.13854291761024118
M24,710.2278541666668,735.2460951196844,-8.791984211964968,0.18693076239773654,0.19351552083513288
M36,157.89694166666675,200.31594063419757,0.016926547116562163,0.038735437642465086,0.049141709429738445
ALL_MODELS,381.5042166666667,499.7926884985275,-0.3993386686148035,0.0937071397685492,0.12276179730236399
