Model,MAE,RMSE,R2,MAE / Mean,RMSE / Mean
M24,85.78178749999996,96.3328861052457,0.8299010387706912,0.020414716352494366,0.022925711885588042
M36,91.55472291666668,114.80216163087283,0.48805591428834016,0.02147208245589177,0.026924241613361686
M48,92.76414166666662,115.76636414138888,0.5740022401574143,0.020132927601237083,0.02512518076534457
ALL_MODELS,90.41384375,110.72595522519211,0.7953355113775646,0.020859919345535646,0.025546248225453844
