Model,MAE,RMSE,R2,MAE / Mean,RMSE / Mean
M36,165.8535854166667,201.91091664978407,0.807914085964913,0.02408037537810043,0.029315559586175547
M48,248.11534999999995,400.31285966494227,0.24736800566914474,0.03664416485900216,0.059122220470199625
ALL_MODELS,206.98446770833334,317.03186265380316,0.534627742205557,0.030308659787524502,0.04642285951871188
