Model,MAE,RMSE,R2,MAE / Mean,RMSE / Mean
M24,48.76957916666667,64.30980689540087,0.032740927322541524,0.031051888894784316,0.04094644679497058
M36,112.04851250000002,130.1367771755388,-0.06981976748515417,0.0701170536470895,0.08143622064305929
M48,60.04850416666667,78.06977802032026,0.4378940664851978,0.030704222681466647,0.03991892691240783
ALL_MODELS,83.22877708333334,105.0021464665574,0.7024294770552162,0.04952374299598354,0.06247958335888773
