Model,MAE,RMSE,R2,MAE / Mean,RMSE / Mean
M12,72.22101249999997,85.31979404417973,-1.2138984606136636,0.027085418945526133,0.03199792257180851
M18,63.4123875,74.16508778995174,0.8549513996357808,0.018830934557467923,0.022024055073173905
M24,231.27915833333336,250.84285880934831,-4.4187046765023865,0.06870783418124204,0.0745197694112216
M36,207.70598333333336,215.99662653462326,-0.37275095281916215,0.0656881667720852,0.06831012856882455
ALL_MODELS,143.65463541666668,174.897548576743,0.7047676543383559,0.04574260003714908,0.05569098824287311
