Model,MAE,RMSE,R2,MAE / Mean,RMSE / Mean
M18,84.04392916666662,105.97163855555675,0.7146241851363189,0.015167874599569857,0.019125290079359324
M24,164.94900416666658,208.24113454178837,0.3510930248136386,0.027088373031893404,0.034197924149654245
M36,499.89383333333336,569.0310904429534,-2.3414329133773624,0.08945978674222653,0.10183242241914012
ALL_MODELS,312.19514999999996,418.98303130162503,-0.39889895485460913,0.05475656925704993,0.0734863221641853
