Model,MAE,RMSE,R2,MAE / Mean,RMSE / Mean
M12,77.40602083333334,87.90515962938647,0.5356706716971813,0.020598577416064225,0.02339251154372284
M18,285.1464458333334,303.61769464951806,-0.5621848668148695,0.06140985911701366,0.06538787393744108
M24,126.4082375,153.4002213798856,0.5056008324633023,0.03208704163978466,0.03893859599908254
M36,168.3960333333333,210.96351924826163,-0.19150812146145646,0.041811121341595876,0.05238022017109568
ALL_MODELS,164.339184375,204.90745226001752,0.721771524514424,0.04016047760145403,0.05007437013975655
