Model,MAE,RMSE,R2,MAE / Mean,RMSE / Mean
M24,266.7202166666668,300.54383020730944,0.6355639463701377,0.030658817669344,0.03454675692427081
M36,470.18990625,505.2752298075865,0.4508067237438177,0.04189847343974514,0.04502491549573601
M48,358.88849999999996,434.44046318463865,0.49569383332412975,0.0318997822319008,0.03861521382913103
ALL_MODELS,391.4971322916667,444.31723622935846,0.8758474595435755,0.03693859218744625,0.041922282022495524
