Model,MAE,RMSE,R2,MAE / Mean,RMSE / Mean
M18,136.1987416666666,160.34267918048718,0.5137849484604713,0.025761266323579234,0.030327963466168263
M24,114.9684999999999,151.05483997790336,0.4790935681101638,0.019043715922423893,0.025021161981293952
M36,142.96853958333332,174.00385096824903,0.5205905209569017,0.02511037567738654,0.030561283481376957
ALL_MODELS,134.2760802083333,165.13783617866608,0.784138423271856,0.023649262846973777,0.029084763926013068
