Model,MAE,RMSE,R2,MAE / Mean,RMSE / Mean
M24,250.14585000000002,257.5798625044652,-0.34821828915075903,0.050730090753916615,0.05223772371691508
M36,135.93278541666663,174.72031786527248,0.6794652884775667,0.02415545062121458,0.03104805068020065
M48,228.43865416666657,311.38117635807384,0.32080579275207033,0.04028308376193974,0.054909244912518536
ALL_MODELS,187.61251874999994,236.8332754850133,0.705877112954382,0.03433519610796136,0.043343146890451156
