Model,MAE,RMSE,R2,MAE / Mean,RMSE / Mean
M12,118.4134625,139.3725758341393,0.760145392781633,0.020038520550263353,0.023585326921721744
M18,223.4809583333333,288.2216007416341,-4.363416820777891,0.038120961207693066,0.04916429812647812
M24,325.0431833333334,342.9171276313225,-1.2635321297691804,0.05663389887110241,0.05974816554613046
M36,124.08430833333334,174.58937610905528,0.4408441314024245,0.019465731952832903,0.02738871693608209
ALL_MODELS,197.755478125,250.28484407859116,0.4239743867770519,0.03311712766068793,0.04191395966106604
