Model,MAE,RMSE,R2,MAE / Mean,RMSE / Mean
M36,201.69475000000008,237.77053545778122,0.9032590957154493,0.022923982534736376,0.02702424134544449
M48,178.97779166666677,209.42996548282065,0.7747471772387684,0.017635270812591745,0.020635823714038718
ALL_MODELS,190.33627083333343,224.0488093853831,0.9406277374251715,0.020091154288931243,0.023649718353233345
