Model,MAE,RMSE,R2,MAE / Mean,RMSE / Mean
M12,49.76365833333335,54.16274518970584,0.2633299653647976,0.02084087109777166,0.022683195500600977
M18,41.17897916666666,61.72640032910351,0.8543306891170954,0.0146316603745651,0.021932542866214884
M24,73.05593333333331,86.47160240927364,0.6362284846689956,0.031047445682007326,0.036748861541312974
M36,126.34083749999996,145.61310492718223,-0.7548908593705339,0.05026490451561566,0.05793240697321752
ALL_MODELS,72.58485208333332,94.10667592396916,0.8181477073716612,0.028835814756113198,0.03738579877715629
