Model,MAE,RMSE,R2,MAE / Mean,RMSE / Mean
M12,126.01269583333335,138.6550445059474,-0.37174421151704395,0.05075443804856765,0.05584642737749404
M18,107.35599166666667,130.22245137105776,0.5530961706513713,0.0348983313016389,0.04233155672362707
M24,265.3290124999999,272.62853537410024,-4.662061840604419,0.08410905164443268,0.08642299364652496
M36,97.7156833333333,119.9471292608574,0.4576979874831265,0.03360140413216035,0.04124611144597784
ALL_MODELS,149.10334583333332,176.70366459568802,0.6545086158208977,0.05131890822132431,0.060818481939997525
