Model,MAE,RMSE,R2,MAE / Mean,RMSE / Mean
M18,245.40960416666664,274.71039723628724,0.608674578962026,0.03281955689537002,0.03673806305364895
M24,324.4904083333336,346.17166467629323,0.7593418504587731,0.03368150317016844,0.03593197740760251
M36,351.8959062499999,424.8626377654249,0.21626294451663353,0.035642773640685625,0.0430334157269204
ALL_MODELS,318.42295625,372.93335386918136,0.8932491920157799,0.03455735154469486,0.04047317807790558
