Model,MAE,RMSE,R2,MAE / Mean,RMSE / Mean
M24,93.23069583333329,110.85651125238988,0.7251432471295111,0.022808732925586123,0.02712085902199141
M36,230.16997291666667,274.261261264415,-0.06821897352569462,0.04851151824644446,0.057804369577514655
M48,133.23421250000004,163.32752611392422,0.36511307525138015,0.028132718938607457,0.03448699324958369
ALL_MODELS,171.70121354166668,217.60257680818097,0.654769072543477,0.03750427526421771,0.04753039754629725
