Model,MAE,RMSE,R2,MAE / Mean,RMSE / Mean
M36,193.61254999999997,239.5998171320132,0.4828254226645958,0.036510864389599974,0.04518300301855374
M48,177.49086875000003,241.8884918708106,0.698174822952123,0.03380000515754311,0.04606339655872422
ALL_MODELS,185.551709375,240.74687419489933,0.6214202701722074,0.035162070170313225,0.04562156022295939
