Model,MAE,RMSE,R2,MAE / Mean,RMSE / Mean
M12,75.36047499999991,90.58584501506934,0.6695231247942192,0.015571820678611074,0.018717856205061292
M18,89.53404999999994,112.29357583922595,0.5366864522149966,0.01664072794857894,0.020870795478521047
M24,66.70877499999995,76.92247851839748,0.8931694051639916,0.013636763653708552,0.015724672791740824
M36,113.74179166666654,147.81868573303177,0.5246051141471022,0.02159380932793315,0.028063286748455596
ALL_MODELS,86.33627291666659,110.20784233110214,0.8690813770403757,0.01694602156209682,0.021631516040281837
