Model,MAE,RMSE,R2,MAE / Mean,RMSE / Mean
M18,90.56234999999998,117.29886545960278,0.4731690368094186,0.03546654700324722,0.04593725455722576
M24,126.23781666666667,151.33608695859687,0.44629972534380236,0.043790128203275186,0.0524963661815995
M36,112.05613541666666,167.62460451297054,0.17828529173520202,0.041550363074546154,0.0621551256595024
ALL_MODELS,110.22810937499999,152.3627670481781,0.5126859525593623,0.04071213642659279,0.05627433685989958
