Model,MAE,RMSE,R2,MAE / Mean,RMSE / Mean
M12,176.6442625,182.83923655179183,-7.384855614622033,0.07083242498162133,0.07331654209120837
M18,62.38008750000002,73.57426372832138,0.6369494271156337,0.02181948436179206,0.025735015149673728
M24,72.49293333333338,90.00111424226928,0.6134762421806303,0.030105559689224983,0.03737652474977873
M36,87.08842083333336,99.25531930475023,0.366699767916693,0.034476809514383755,0.03929347557591062
ALL_MODELS,99.6514260416667,119.15869427064963,0.671450086333659,0.03874958745306444,0.04633501423755722
