Model,MAE,RMSE,R2,MAE / Mean,RMSE / Mean
M36,78.89945208333334,92.84000802847497,0.9030855293558709,0.03306911013508204,0.038912012306408304
M48,106.50700208333335,126.32016688752714,0.35237803570582427,0.04482617932800225,0.05316505340384139
ALL_MODELS,92.70322708333333,110.8513681765363,0.7837088284344358,0.03893542837892821,0.046557661929761365
