Model,MAE,RMSE,R2,MAE / Mean,RMSE / Mean
M12,137.75046250000003,146.26006306506605,0.592063551623088,0.019391004269995078,0.020588892813513743
M18,150.90270000000007,205.19004516101455,0.7413102387579256,0.017944757535067867,0.024400395811499925
M24,598.7572333333333,616.2501426166365,-2.6500452617012384,0.06904256179883249,0.07105966523073619
M36,139.74893333333353,170.7179064276506,0.737705584200262,0.016773562183680434,0.020490656715795547
ALL_MODELS,256.7898322916667,343.6581886595463,0.7508489666724216,0.031588460237363634,0.04227438808942582
