Model,MAE,RMSE,R2,MAE / Mean,RMSE / Mean
M12,258.74494583333336,270.5074451606978,-3.185587844221832,0.05487406729936554,0.057368632662254976
M18,194.11460833333328,216.4941484055188,-0.5950905251072538,0.035329697796989336,0.03940287082798659
M24,276.1762416666666,285.181043847499,-1.7937885588995846,0.05443997108900806,0.056215001292288284
M36,155.88397499999996,178.79822663059798,0.2507613556842886,0.02985234591937697,0.03424050811603804
ALL_MODELS,221.22994270833328,241.52692800047913,0.46364449238881866,0.04315734452599835,0.04711686273754134
