Model,MAE,RMSE,R2,MAE / Mean,RMSE / Mean
M36,212.9523416666666,252.82577045463455,0.41528142497414666,0.035887315853778405,0.042606896027857014
M48,281.0525375,348.5307686318981,-0.5509942417752198,0.044662320232009965,0.055385348724511715
ALL_MODELS,247.0024395833333,304.4622857507324,0.26445178733875396,0.04040361332051989,0.049802651685972546
