Model,MAE,RMSE,R2,MAE / Mean,RMSE / Mean
M12,291.6227708333334,294.87157575545,-0.651899751469351,0.10094537312141232,0.10206994862738052
M18,200.21863333333332,213.31437085233696,-5.288138257831563,0.07024188276567753,0.07483620670159462
M24,257.44689999999997,282.3604275164132,-4.275303497073091,0.09353344131761,0.10258481448998497
M36,443.32787499999995,458.4329829436341,-7.842797006644311,0.1407129499828074,0.14550733449688177
ALL_MODELS,298.15404479166665,324.9386395454073,-1.277444782722445,0.1024375335072669,0.11163998395358586
