Model,MAE,RMSE,R2,MAE / Mean,RMSE / Mean
M24,255.74062083333322,262.36033168964946,-1.8868615556169943,0.03386956538533698,0.034746261191225966
M36,511.4011666666667,604.7734277134327,-0.07006668413958117,0.06421595716016021,0.07594058648474412
M48,788.2105125000002,799.7791817345869,-9.66174428734483,0.10217094317611033,0.10367051953070783
ALL_MODELS,516.6883666666668,599.9961418452742,-0.6170742216844798,0.0662571406435756,0.07694004998082674
