Model,MAE,RMSE,R2,MAE / Mean,RMSE / Mean
M36,100.38080624999999,131.56246554158136,0.6193389912072804,0.02416012906719617,0.03166507887939139
M48,336.9366125000001,399.0278986893659,-1.1717960114796133,0.0743844166237398,0.08809211097712102
ALL_MODELS,218.65870937500003,297.09589888774184,0.06617600214864006,0.05035620563505297,0.06841996927762224
