Model,MAE,RMSE,R2,MAE / Mean,RMSE / Mean
M24,61.70427499999994,74.1488349925,0.8734964072934772,0.013384512350532781,0.016083909870665113
M36,230.70919791666665,256.73120437551313,-0.06622864500061998,0.04794849907125568,0.05335667596143277
M48,101.80756249999997,125.1399190447087,0.5699096974642258,0.019593292169520063,0.02408370199328823
ALL_MODELS,156.2325583333333,195.5632069622659,0.6011203715476661,0.03216419639506331,0.040261347976919666
