Model,MAE,RMSE,R2,MAE / Mean,RMSE / Mean
M36,339.5080083333334,396.88700125855985,0.16661906665198334,0.05996233824054281,0.07009635127479837
M48,159.66630625000002,199.81993078589798,0.36778251143162743,0.028043099164632834,0.035095508036148394
ALL_MODELS,249.5871572916667,314.20319580431794,0.2185461024276899,0.04395833030619921,0.055338776298850645
