Model,MAE,RMSE,R2,MAE / Mean,RMSE / Mean
M18,387.34263333333337,391.2619934953859,-2.2352069222873254,0.08443436148955495,0.08528871792814952
M24,214.61475000000004,250.47371227998158,0.25648588775090875,0.03897952171938854,0.04549242541788678
M36,381.07766041666673,421.8894323824103,-1.1931179125594942,0.07192066943994466,0.07962306258888262
ALL_MODELS,341.02817604166665,378.0887509597459,0.2661133764141397,0.06592942191666062,0.07309417384011907
