Model,MAE,RMSE,R2,MAE / Mean,RMSE / Mean
M36,354.20966041666674,403.5985153535222,0.2386251812344211,0.04962613783300206,0.0565457066545508
M48,157.7860708333333,192.27268750541396,0.6175997169860079,0.02250068746286393,0.027418565063160635
ALL_MODELS,255.99786562500003,316.11750027175174,0.3723764869283369,0.03618328408443426,0.044680721413315555
