Model,MAE,RMSE,R2,MAE / Mean,RMSE / Mean
M12,74.22304166666667,91.51465763473357,0.745258670372973,0.016130768255578097,0.019888725942060325
M18,101.37016250000006,121.69795076854723,0.6448357927495836,0.020006117246540098,0.024017949776288648
M24,88.46746250000001,125.45738915326488,0.8738612898956396,0.019348957013842694,0.027439123505949507
M36,157.67806666666664,200.37231854033215,0.18629632510834726,0.03049964215480834,0.03875798417879341
ALL_MODELS,105.43468333333335,140.60045013588,0.852759160685963,0.02172753687898199,0.02897435045990212
