Model,MAE,RMSE,R2,MAE / Mean,RMSE / Mean
M12,97.72140416666673,106.47260710245897,0.7321589630709138,0.02231485618595448,0.02431320891769836
M18,68.21555416666672,78.77405661182978,0.9296058139113581,0.013589770982228098,0.01569321545171796
M24,233.94330833333325,242.58331978300765,-2.235038019240172,0.043686212477241235,0.045299634885795304
M36,131.37760416666666,168.58940378954844,0.6066847220443974,0.02495794910357383,0.0320271159294666
ALL_MODELS,132.81446770833335,161.87249779173325,0.8693744974322489,0.026539174154765848,0.032345590686670436
