Model,MAE,RMSE,R2,MAE / Mean,RMSE / Mean
M12,70.0845583333333,91.59310356512924,0.8544879550363473,0.01566733482986987,0.020475549190688266
M18,155.24085416666665,180.84341505203585,0.6152840908702621,0.02917855492642279,0.033990727167170706
M24,222.74957499999996,250.05119443120373,0.5984866434263207,0.0463816017560146,0.05206642894256417
M36,118.89785416666678,170.56777108486216,0.5912287232456855,0.022644334846368734,0.03248497417817334
ALL_MODELS,141.74321041666667,182.1487041936512,0.8430521015079357,0.0285673609405343,0.03671080796219076
