Model,MAE,RMSE,R2,MAE / Mean,RMSE / Mean
M18,119.04080416666663,132.643868332057,-0.046678017584560694,0.0526845780777458,0.058704964962185
M24,183.7053708333333,198.95235545468225,-0.8629985280030126,0.0740884387235544,0.08023755282247012
M36,518.1606333333334,523.6139273112789,-27.567285296507038,0.20023597075966898,0.20234332037920158
ALL_MODELS,334.76686041666665,389.0756755747334,-3.6908918809504216,0.13506095255706055,0.15697172442487428
