Model,MAE,RMSE,R2,MAE / Mean,RMSE / Mean
M36,250.37677083333338,297.2956379929266,-0.6856480519928763,0.04977257102625694,0.059099605001492896
M48,266.0939645833333,309.51934531530327,0.48307380894606056,0.05261698613771652,0.06120385002836127
ALL_MODELS,258.23536770833334,303.46904413303446,0.2265037143077604,0.05119855288565794,0.06016672326136927
