Model,MAE,RMSE,R2,MAE / Mean,RMSE / Mean
M24,102.68894999999998,126.48550845767865,0.770926204824932,0.0366571692051404,0.04515189497537315
M36,92.5222645833333,111.84254110752552,0.6043655870697111,0.03242318649066961,0.03919371822825997
M48,288.54949166666665,302.18956921300247,-2.3511602766898774,0.09207312202515489,0.09642552797500545
ALL_MODELS,144.0707427083333,181.8891335358675,0.4211979288044151,0.04949856952665898,0.06249188248231424
