Model,MAE,RMSE,R2,MAE / Mean,RMSE / Mean
M12,263.7590624999999,280.02179171434204,-1.2500992225739909,0.039358457425311646,0.04178520223299785
M18,486.9480291666667,502.0238832148307,-2.8284027361903394,0.06379301466173212,0.06576803893686578
M24,225.5081,254.87629092336314,0.31858221293540345,0.031774384143907194,0.0359124003837254
M36,202.6772708333334,234.76760294342958,0.21057506695254535,0.028010056950034848,0.03244495005005332
ALL_MODELS,294.723115625,335.60316380349536,0.36508241154749965,0.04112260161679936,0.04682657882861339
