Model,MAE,RMSE,R2,MAE / Mean,RMSE / Mean
M12,637.6379708333333,641.6914774940586,-12.755596436011297,0.07510090445109682,0.07557832585688476
M18,193.73154166666657,226.54312761752263,-0.004991795865843862,0.022284108718469763,0.02605828478842718
M24,244.57849583333325,284.4957545529406,0.6140284865953013,0.0313065483714406,0.03641603923940422
M36,174.97472500000035,204.40386335453883,0.24719421454303825,0.02085691283034428,0.024364853610549818
ALL_MODELS,312.7306833333334,382.6906435595679,0.243715008283947,0.03746871560881064,0.045850719657087806
