Model,MAE,RMSE,R2,MAE / Mean,RMSE / Mean
M12,64.88047083333335,72.50264664956205,0.21421588950252857,0.028369248287421666,0.03170207549171931
M18,104.71317499999998,135.7377725400002,0.7517556406857524,0.03554720359840447,0.046079189523890424
M24,225.4355875,236.8016823853832,-2.0942468216237304,0.07385882136129085,0.07758266275219369
M36,170.5745541666667,179.5878947552853,-0.05628499345675775,0.05822567950049071,0.061302386239696874
ALL_MODELS,141.40094687500002,167.3381497062874,0.7734167048881329,0.0504348554146588,0.05968613062580055
