Model,MAE,RMSE,R2,MAE / Mean,RMSE / Mean
M24,68.71932500000003,82.02929143923733,0.8129234436952562,0.014609476481530699,0.017439126535049126
M36,321.8968458333334,359.6638782247798,-3.073456698104371,0.06184179421088022,0.0690974758844955
M48,341.30220416666674,348.59645878750155,-1.0622625028361368,0.06400516416884153,0.06537307201940987
ALL_MODELS,263.4538052083334,311.032356167565,0.010364668783320097,0.051540127690965866,0.060848038768017025
