Model,MAE,RMSE,R2,MAE / Mean,RMSE / Mean
M24,302.9944124999999,317.9067270047923,-2.2503174203149894,0.05333743517900495,0.055962515297498225
M36,137.48879374999996,167.66674231546514,0.7967996833629096,0.02112429491919298,0.025760948337742035
M48,245.47127916666662,263.0791914172477,-0.6549903921328355,0.04076269970316965,0.043686650895776884
ALL_MODELS,205.86081979166661,237.95988159194692,0.7302879015726904,0.03331109300071635,0.038505159719905445
