Model,MAE,RMSE,R2,MAE / Mean,RMSE / Mean
M24,75.95673333333335,82.13829946352169,0.6952164768438849,0.03881201643637293,0.041970644193500405
M36,103.85411041666669,116.53900957629938,0.5415402178520781,0.04029680858803464,0.045218722139105876
M48,70.86099166666666,92.98762790664233,0.23937873672026355,0.028505452473139906,0.03740639730744399
ALL_MODELS,88.63148645833333,103.14562604457947,0.8815111712713727,0.03693988677459548,0.04298909901700391
