Model,MAE,RMSE,R2,MAE / Mean,RMSE / Mean
M24,139.14024583333335,146.81573738953222,-0.1253183109542233,0.026560029110229148,0.028025178736399505
M36,296.2703916666667,353.84404307259086,0.6814706046538799,0.05068440189750481,0.060533803554379914
M48,187.76457916666675,244.763571380895,0.1152298544327971,0.031904265607521645,0.04158932439248885
ALL_MODELS,229.8614020833334,288.0430871659124,0.7144783160099204,0.040300490179963996,0.05050120420621088
