Model,MAE,RMSE,R2,MAE / Mean,RMSE / Mean
M18,170.93399166666669,200.41033992838922,0.1262540374048261,0.035759314174141195,0.04192575297265013
M24,75.01430833333332,88.2191593235751,0.7677896533571645,0.014532962544397801,0.0170912158844511
M36,376.34222291666674,423.02119835668526,-0.6621536803351757,0.07146416867107638,0.08032810678672378
ALL_MODELS,249.65818645833335,318.52817494698286,0.10760009178284835,0.04877535649671639,0.062230385903570065
