Model,MAE,RMSE,R2,MAE / Mean,RMSE / Mean
M24,103.46833333333343,121.04606802146317,0.8094126939408538,0.020643605922305096,0.024150648282208278
M36,192.11260833333336,236.9218089247862,0.635356108028697,0.035111640286180995,0.04330123568196343
M48,88.90080000000005,119.05507630963986,0.6670454326915249,0.016320932616328443,0.021856832312886633
ALL_MODELS,144.14858750000005,187.80984323707364,0.7569138658364469,0.02694098600022195,0.03510115808352183
