Model,MAE,RMSE,R2,MAE / Mean,RMSE / Mean
M18,274.07757916666685,300.51593621631173,0.3745872357184613,0.033534000662741224,0.03676879237945238
M24,351.10574999999994,378.25387730024215,0.5710662056541669,0.03457821457149305,0.03725186423687729
M36,453.12413541666666,520.7613153887506,-0.04514649507907009,0.047871230546085226,0.05501689943205911
ALL_MODELS,382.8579,440.3891798237886,0.7456435547263378,0.041103384168742096,0.04727990631002894
