Model,MAE,RMSE,R2,MAE / Mean,RMSE / Mean
M12,108.47407916666667,117.87784520712354,0.5789879669838103,0.039238227226140954,0.04263984272277936
M18,229.0674375,266.4718058903645,-1.2407903680719818,0.07638976350600267,0.08886343015463469
M24,72.26061250000004,92.17296800165755,0.7372368255024833,0.024159348879973265,0.03081677298617772
M36,157.9792416666667,180.66131698702594,-1.7264332791076686,0.05262758591971574,0.06018366009228558
ALL_MODELS,141.94534270833336,177.50829361671242,0.1578403088964383,0.04829715641658161,0.06039751399003485
