Model,MAE,RMSE,R2,MAE / Mean,RMSE / Mean
M18,102.3623291666667,117.38701680554907,-0.3004586434947287,0.042154050344034744,0.04834139918895619
M24,98.23965000000003,108.4722508793647,0.4605218058798558,0.03680306568431569,0.04063645762213962
M36,127.22308541666666,145.57807493951555,-0.1297928471033758,0.04901836651147857,0.056090444670868086
ALL_MODELS,113.7620375,130.31873688339343,0.32837447025190525,0.044228992843923,0.05066599199266884
