Model,MAE,RMSE,R2,MAE / Mean,RMSE / Mean
M36,107.23792916666666,132.7346322353081,0.9258575440206166,0.023285490167694302,0.028821807711562127
M48,442.11471875,472.26603961996375,-2.23942487032836,0.08898354005232968,0.0950520357492128
ALL_MODELS,274.67632395833334,346.881604278007,0.35380729212655926,0.05738051137538218,0.07246435933518736
