Model,MAE,RMSE,R2,MAE / Mean,RMSE / Mean
M18,64.26654166666664,83.96095041192758,0.8675311278149389,0.016889099370380502,0.02206474470173843
M24,140.88058333333336,171.11549839234561,0.7655205113528263,0.03299117928302403,0.04007154110235832
M36,417.30288749999994,441.78963477134204,-3.079258699393022,0.09215035607817157,0.09755760953325429
ALL_MODELS,259.93822499999993,326.60607685977254,0.31485889514605014,0.060689066319048385,0.07625434027160474
