Model,MAE,RMSE,R2,MAE / Mean,RMSE / Mean
M36,271.06249583333334,355.33664677485655,-0.6903790814721138,0.0641545893386323,0.08410044547374161
M48,339.27978749999994,417.70613302605005,-2.5333792293123065,0.08113829666387659,0.09989384982088964
ALL_MODELS,305.17114166666664,387.7773498470323,-1.4053963525711657,0.0726023547837896,0.09225495103158736
