Model,MAE,RMSE,R2,MAE / Mean,RMSE / Mean
M12,213.39236249999996,244.2538626254395,-1.945144186618235,0.037686294666509676,0.04313660963538697
M18,521.3622583333333,552.814965166585,-3.5347620575819763,0.0771407605144076,0.08179450306399295
M24,402.94339999999994,419.00108793172706,-0.9793681270686254,0.06281024122208799,0.06531329066392222
M36,169.4139458333334,198.6471580426346,0.6220197605342503,0.026267424898249254,0.030799998662854388
ALL_MODELS,326.77799166666665,380.8828363834363,0.37702710289357455,0.05169362058339842,0.060252566980759724
