Model,MAE,RMSE,R2,MAE / Mean,RMSE / Mean
M24,181.71895000000006,211.90244254005984,0.3946890640263221,0.032972116336914374,0.03844878031436547
M36,430.32051875,481.94516167297866,-3.262000758160232,0.0730440091237004,0.08180694448087904
M48,363.9703041666665,380.6330119019734,-1.202075034381501,0.06344261881935968,0.06634704756875953
ALL_MODELS,351.5825729166666,404.4522260490101,-0.8922798224748509,0.06106304603076677,0.07024547517129236
