Model,MAE,RMSE,R2,MAE / Mean,RMSE / Mean
M24,54.98545833333327,62.42575560600631,0.7985480341322497,0.025185140654223413,0.028593040469944493
M36,109.74290416666668,133.18050711434682,0.4235631000480986,0.049439308105267116,0.05999797594970011
M48,78.86863333333334,93.29144008986033,-0.18846057361427526,0.03464532259540588,0.04098095656917082
ALL_MODELS,88.33497499999999,109.62933310420391,0.48114034596069033,0.039704644139694066,0.049275993548131974
