Model,MAE,RMSE,R2,MAE / Mean,RMSE / Mean
M24,40.34111666666666,57.061659510582615,0.9181088520994036,0.02081584967320261,0.02944358075881456
M36,121.42095416666666,143.43876183343886,0.29287318636610626,0.059077237618342895,0.06978997879462633
M48,34.544262499999995,43.602191792820676,0.7860670147256655,0.016391109134045075,0.020689058976427366
ALL_MODELS,79.43182187499998,107.5947732325548,0.621256466537934,0.03895586576481767,0.052767863610624285
