Model,MAE,RMSE,R2,MAE / Mean,RMSE / Mean
M24,228.71473750000004,232.15301476260493,-2.145374310515345,0.08739159860533985,0.08870535979848304
M36,123.48709583333334,152.00845081838239,0.48301387177667465,0.03839399804382607,0.04726171689423288
M48,97.31394999999999,114.29003801603838,0.4658048995606271,0.032624668938928306,0.03831593161402639
ALL_MODELS,143.25071979166668,168.20402291078153,0.6951073777615453,0.04762093586165343,0.05591617967683244
