Model,MAE,RMSE,R2,MAE / Mean,RMSE / Mean
M24,316.9765458333333,327.5639739683361,-4.445802602491292,0.05648276064327398,0.05836935817560894
M36,479.11704375,587.0647414520536,0.5894029745396823,0.07815593417909078,0.09576489480038801
M48,312.3243875,344.92525824047556,-1.2726618540511159,0.05429485864534214,0.05996223442325571
ALL_MODELS,396.8837552083334,478.42491890748136,0.5332300589971883,0.06719772361709785,0.08100373232812615
