Model,MAE,RMSE,R2,MAE / Mean,RMSE / Mean
M36,133.2982854166667,152.58554308831506,0.8099493468078001,0.04403400938721578,0.05040539880690913
M48,82.1630875,96.79301791166291,0.6930326921258743,0.026077138530915055,0.030720424629950473
ALL_MODELS,107.73068645833332,127.7717423298351,0.7967754548097997,0.03487593924617506,0.04136388311789658
