Model,MAE,RMSE,R2,MAE / Mean,RMSE / Mean
M36,127.96493125,150.0442216808258,0.8126946400898839,0.03494817615430571,0.04097819487741253
M48,268.88108541666656,315.2860046255254,-1.468707107989077,0.07348569207994075,0.08616824131426987
ALL_MODELS,198.42300833333329,246.89930454795902,0.24021753176448812,0.05421007954238228,0.06745402688391385
