Model,MAE,RMSE,R2,MAE / Mean,RMSE / Mean
M24,117.23353749999994,135.71685870184993,0.4254932401428072,0.01871569239160801,0.02166645342267483
M36,273.84773333333345,304.27066156159395,0.5746655502514776,0.03570597685100929,0.039672708135711734
M48,124.00232499999989,146.54999243017144,0.6992781217567603,0.017027731337647387,0.020123928310499178
ALL_MODELS,197.23283229166665,237.20098913760947,0.8790617144163302,0.02731252293551514,0.03284725661986837
