Model,MAE,RMSE,R2,MAE / Mean,RMSE / Mean
M12,73.11875833333329,92.19269999589173,0.8792381043156123,0.01584028560080877,0.019972422009508606
M18,166.80529999999996,210.4224921649814,-0.15700017095293872,0.03454956503728251,0.043583780481562015
M24,153.9692833333332,172.611986237295,0.8094163993679834,0.03738630918656412,0.04191306828910442
M36,483.0373499999999,522.1366135642328,-6.197561707160629,0.1104001257047082,0.11933641937320573
ALL_MODELS,219.23267291666662,297.99272648781346,0.3919331950600531,0.048887667942690415,0.06645072227628568
