Model,MAE,RMSE,R2,MAE / Mean,RMSE / Mean
M12,50.31269166666667,54.91068394611379,0.44271187519034505,0.021790212036452226,0.02378158286938069
M18,51.433637499999975,62.957589946377745,0.7651165309842937,0.020757853935796315,0.025408750377740024
M24,128.4579416666667,145.29483721908647,-0.10372710255874962,0.0547017494677076,0.06187147078172596
M36,65.22648749999996,78.7000409388579,0.49652923769638324,0.024865157170767333,0.03000144515355861
ALL_MODELS,73.85768958333333,92.57851736443098,0.7000117351406686,0.030274844042886603,0.037948657624436374
