Model,MAE,RMSE,R2,MAE / Mean,RMSE / Mean
M12,57.68480416666666,64.1145807043043,0.7507867022408377,0.02956741985776221,0.03286312147669528
M18,72.98235,96.25873980776151,0.5235799336393094,0.030393482561166058,0.04008692964404436
M24,78.46262083333333,90.34890558049344,0.29498771735577767,0.03172182841163688,0.036527361048664025
M36,100.8428291666667,110.91976957500073,0.5999327476507181,0.04202441180045495,0.04622379312392592
ALL_MODELS,77.49315104166668,91.98171621364658,0.8647430094417193,0.03360030396509596,0.039882410025473776
