Model,MAE,RMSE,R2,MAE / Mean,RMSE / Mean
M24,113.2453708333333,135.32122243962849,0.024179547535887802,0.021649240094948296,0.025869504536737375
M36,357.684125,411.3606214317271,-0.7176820236848165,0.06074669355694724,0.06986275281719175
M48,90.72644583333336,111.8853982749928,0.6627992858096594,0.01647524817650798,0.02031755666141935
ALL_MODELS,229.83501666666666,303.836015524453,0.3413099899514571,0.04083415060258802,0.053981703033570756
