Model,MAE,RMSE,R2,MAE / Mean,RMSE / Mean
M24,113.65654999999988,124.03818673294046,0.5787761080703212,0.022621220062363143,0.02468749155435689
M36,368.5040395833334,421.011288468069,-2.7041856456577573,0.06572116333506726,0.07508561286493019
M48,158.13640416666672,197.50787613743307,0.42942411198785235,0.02866542572073808,0.03580230233837411
ALL_MODELS,252.20025833333338,319.724820329687,0.060171092367827916,0.04637073026853827,0.05878611505650958
