Model,MAE,RMSE,R2,MAE / Mean,RMSE / Mean
M36,186.98707083333338,192.02024260367386,0.14882315602092222,0.07771025818628895,0.07980200215567668
M48,258.88859583333334,266.0146773142932,-3.4766875596772397,0.09945141014149435,0.10218887661730963
ALL_MODELS,222.9378333333334,231.98661827377165,-0.37076879285146735,0.08900824287793722,0.09262098296644658
