Model,MAE,RMSE,R2,MAE / Mean,RMSE / Mean
M36,212.15776041666663,254.64433158357812,-0.03384124248714593,0.055885220306986484,0.06707675713829621
M48,411.74516041666675,510.3833672849731,-1.2320999689121876,0.10785727843265665,0.13369570852258628
ALL_MODELS,311.95146041666663,403.3205407667672,-0.810958442214506,0.0819435625494236,0.10594443736742064
