Model,MAE,RMSE,R2,MAE / Mean,RMSE / Mean
M18,324.7014875,338.6670848073684,-2.6886913621041493,0.05715862678509869,0.05961705212361165
M24,132.1991541666666,161.54683919379616,0.7228917470630642,0.020120488429757298,0.02458715662253618
M36,178.86696458333327,202.2296403314471,0.7335000098256099,0.02869053630922742,0.03243794544312415
ALL_MODELS,203.6586427083333,235.89533189669118,0.7349476658107517,0.03295475066368884,0.03817108737445932
