Model,MAE,RMSE,R2,MAE / Mean,RMSE / Mean
M18,232.0500125,245.31720588312547,-1.2932669159812775,0.06135237292616829,0.06486012449814937
M24,297.58097500000014,329.1422144957672,-0.14853948768319514,0.06229072783568098,0.0688972408346641
M36,225.97815833333343,283.4954210879766,-0.44632338480247036,0.05083229812500295,0.0637704274966276
ALL_MODELS,245.39682604166674,286.9034839546131,0.5634639411208896,0.05624927247287593,0.06576332914607573
