Model,MAE,RMSE,R2,MAE / Mean,RMSE / Mean
M18,107.51003333333325,125.964739213589,0.01730647935695029,0.040605577237819435,0.04757575445559197
M24,82.60647499999999,100.14209818732161,0.5143769044201246,0.02850915862584662,0.03456105544205172
M36,92.6679416666667,110.68781363524363,0.6622865292940885,0.03433947750362846,0.04101700780109698
ALL_MODELS,93.86309791666667,112.24876338874239,0.6549242195984805,0.03431178255786945,0.041032687470039145
